Unit: USD, ISIC 01T03 , ISIC 05 , ISIC 06 , ISIC 07T08 , ISIC 09 , ISIC 10T12 , ISIC 13T15 , ISIC 16 , ISIC 17T18 , ISIC 19 , ISIC 20 , ISIC 21 , ISIC 22 , ISIC 231 , ISIC 239 , ISIC 241 , ISIC 242 , ISIC 25 , ISIC 26 , ISIC 27 , ISIC 28 , ISIC 29 , ISIC 30 , ISIC 31T33 , ISIC 351 , ISIC 352T353 , ISIC 36T39 , ISIC 41T43 , ISIC 45T47 , ISIC 49T53 , ISIC 55T56 , ISIC 58T60 , ISIC 61 , ISIC 62T63 , ISIC 64T66 , ISIC 68 , ISIC 69T82 , ISIC 84 , ISIC 85 , ISIC 86T88 , ISIC 90T96 , ISIC 97T98 
Output,4.9091E+11,10128145957,43104748966,0,4012423122,1.03693E+12,2.09286E+11,1.26757E+11,2.47724E+11,3.25027E+11,5.01609E+11,2.55216E+11,0,36092546206,1.55397E+11,1.74568E+11,1.82454E+11,0,0,0,1.70711E+12,1.04414E+12,0,2.28235E+12,4.96949E+11,1.52998E+11,2.58843E+11,0,2.4341E+12,1.44885E+12,6.3596E+11,2.85575E+11,3.21841E+11,5.55095E+11,1.25612E+12,1.67736E+12,2.3145E+12,1.12727E+12,7.32706E+11,1.28673E+12,6.03958E+11,47731234024
