Unit: USD, ISIC 01T03 , ISIC 05 , ISIC 06 , ISIC 07T08 , ISIC 09 , ISIC 10T12 , ISIC 13T15 , ISIC 16 , ISIC 17T18 , ISIC 19 , ISIC 20 , ISIC 21 , ISIC 22 , ISIC 231 , ISIC 239 , ISIC 241 , ISIC 242 , ISIC 25 , ISIC 26 , ISIC 27 , ISIC 28 , ISIC 29 , ISIC 30 , ISIC 31T33 , ISIC 351 , ISIC 352T353 , ISIC 36T39 , ISIC 41T43 , ISIC 45T47 , ISIC 49T53 , ISIC 55T56 , ISIC 58T60 , ISIC 61 , ISIC 62T63 , ISIC 64T66 , ISIC 68 , ISIC 69T82 , ISIC 84 , ISIC 85 , ISIC 86T88 , ISIC 90T96 , ISIC 97T98 
Output,5.35305E+11,1495726889,88999131825,0,9892267849,1.17145E+12,2.24855E+11,1.37714E+11,2.80239E+11,3.56914E+11,5.50179E+11,2.86736E+11,0,53955970384,1.5808E+11,1.60797E+11,2.1873E+11,0,0,0,1.85637E+12,1.17124E+12,0,2.76889E+12,7.48028E+11,72196721281,3.17547E+11,0,2.90358E+12,1.68809E+12,7.68615E+11,3.70313E+11,3.97475E+11,6.73986E+11,1.63889E+12,2.12573E+12,2.86157E+12,1.3496E+12,9.51226E+11,1.60144E+12,7.35458E+11,53934585466
