Unit: USD, ISIC 01T03 , ISIC 05 , ISIC 06 , ISIC 07T08 , ISIC 09 , ISIC 10T12 , ISIC 13T15 , ISIC 16 , ISIC 17T18 , ISIC 19 , ISIC 20 , ISIC 21 , ISIC 22 , ISIC 231 , ISIC 239 , ISIC 241 , ISIC 242 , ISIC 25 , ISIC 26 , ISIC 27 , ISIC 28 , ISIC 29 , ISIC 30 , ISIC 31T33 , ISIC 351 , ISIC 352T353 , ISIC 36T39 , ISIC 41T43 , ISIC 45T47 , ISIC 49T53 , ISIC 55T56 , ISIC 58T60 , ISIC 61 , ISIC 62T63 , ISIC 64T66 , ISIC 68 , ISIC 69T82 , ISIC 84 , ISIC 85 , ISIC 86T88 , ISIC 90T96 , ISIC 97T98 
Output,2.31305E+11,6996321288,39041756362,0,4749657574,2.89292E+11,76494596505,40084786111,87396935940,33065577436,1.61447E+11,1.24748E+11,0,13743266947,60658704195,43577520679,32180474278,0,0,0,7.06883E+11,3.11381E+11,0,1.06187E+12,2.19876E+11,45155281361,1.43572E+11,0,1.59199E+12,7.01593E+11,3.89853E+11,1.73711E+11,1.90333E+11,3.44553E+11,7.65122E+11,1.63931E+12,1.58751E+12,8.93188E+11,7.3257E+11,1.05379E+12,4.40076E+11,53934424181
