Number of Vehicles,battery electric vehicle,natural gas vehicle,gasoline vehicle,diesel vehicle,plugin hybrid vehicle,LPG vehicle,other
LDVs,326303.6125,174724,2233714.591,25675428.32,220122,257658.0029,5789
HDVs,10,868,80,4351103.109,0,0,192
aircraft,0,0,0,427.5129168,0,0,0
rail,4644.956648,0,0,1442.04267,0,0,0
ships,0,0,0,1904.634514,0,0,0
motorbikes,0,0,0,0,0,0,0
