Vehicle Loading (tons),2021
LDVs,0.269146211
HDVs,11.04967766
aircraft,23.82998284
rail,571.7130919
ships,3449.565481
motorbikes,0
