Vehicle Loading (tons),2021
LDVs,0.266201147
HDVs,11.05634375
aircraft,46.69640085
rail,571.9733565
ships,1143.305409
motorbikes,0
