region,,EU,EU,EU,EU,EU,EU,EU,EU,EU,EU,EU,EU,EU,EU,EU,EU,EU,EU,EU,EU,EU,EU,EU,EU,EU,EU,EU,EU,EU,EU,EU,EU,EU,EU,EU,EU,EU,EU,EU,EU,EU,EU,EU,EU,EU,EU,EU,EU,EU,EU,ROW,ROW,ROW,ROW,ROW,ROW,ROW,ROW,ROW,ROW,ROW,ROW,ROW,ROW,ROW,ROW,ROW,ROW,ROW,ROW,ROW,ROW,ROW,ROW,ROW,ROW,ROW,ROW,ROW,ROW,ROW,ROW,ROW,ROW,ROW,ROW,ROW,ROW,ROW,ROW,ROW,ROW,ROW,ROW,ROW,ROW,ROW,ROW,ROW,ROW
sector,,A01,A02,A03,B05,B06,B07,B08,B09,C10T12,C13T15,C16,C17_18,C19,C20,C21,C22,C23,C24A,C24B,C25,C26,C27,C28,C29,C301,C302T309,C31T33,D,E,F,G,H49,H50,H51,H52,H53,I,J58T60,J61,J62_63,K,L,M,N,O,P,Q,R,S,T,A01,A02,A03,B05,B06,B07,B08,B09,C10T12,C13T15,C16,C17_18,C19,C20,C21,C22,C23,C24A,C24B,C25,C26,C27,C28,C29,C301,C302T309,C31T33,D,E,F,G,H49,H50,H51,H52,H53,I,J58T60,J61,J62_63,K,L,M,N,O,P,Q,R,S,T
region,sector,,,,,,,,,,,,,,,,,,,,,,,,,,,,,,,,,,,,,,,,,,,,,,,,,,,,,,,,,,,,,,,,,,,,,,,,,,,,,,,,,,,,,,,,,,,,,,,,,,,,
EU,A01,0.0886967875771584,0.01743648366861971,0.00908458291299757,0.0009844811844136683,0.0017026571465940988,0.000792445256832579,0.0005712354282776179,0.00031694050040476253,0.1547232514947595,0.011480901460663115,0.002893360741296524,0.0014149055904901214,0.00038185107190611474,0.0044636656209325835,0.0022537527328889417,0.004762702022454409,0.0009586900343952875,0.0008655782910542867,0.0009266667782189317,0.0005631631754594008,0.0005040478774054905,0.0005087008019946216,0.00034084067796923026,0.00035525556594302125,0.0005057316227874602,0.0003885561525056209,0.0006763596428245158,0.003867787255954598,0.001051640932321784,0.0006032592100265945,0.002599338853624812,0.0007128011545735067,0.000668094183264574,0.000569899306242003,0.0006944770818669807,0.0003558648748933156,0.014520356197782356,0.0004924813550836928,0.0004337718395171632,0.0003572620951364195,0.00012952746544135911,0.00029774306868380013,0.0005958904971006516,0.0030286791190515996,0.0012860673591565458,0.0006619102507593618,0.0012393224157945708,0.003516397982054164,0.0014267802289703545,0.0,0.0007095117312471526,0.0001005552055082952,8.033068569808917e-05,3.2031362154665623e-06,3.822514510382925e-06,4.450970666226624e-06,1.0666401245753658e-05,1.1426430118972088e-05,0.001515169415249895,0.0001084363191301246,7.671345326942619e-05,4.851148581722842e-05,2.3920015206076586e-06,3.889066896338539e-05,0.00014323135779508266,3.520765609658591e-05,4.811200995635917e-06,3.438314767691758e-06,3.2901070768493147e-06,5.219655255988739e-06,3.604908389515963e-06,5.387609010523114e-06,5.9975518242612145e-06,8.222179706963115e-06,7.679834404027725e-06,7.152448353105361e-06,2.1843613393133152e-05,1.7697411294913644e-05,9.548176041086033e-06,1.559298317011957e-05,2.6060755232964255e-05,6.886995143050927e-06,2.5271554458690626e-05,1.3027688195921107e-05,1.4462089213037624e-05,4.042164388163448e-06,0.00021721662292485572,7.452732891495867e-06,4.86475982225893e-06,5.002756418314961e-06,3.0425576534050528e-06,3.771948326643349e-06,9.031454109927191e-06,1.659771012411311e-05,1.792013901591671e-05,9.19696520901173e-06,1.8354209342708303e-05,2.7813186924331346e-05,1.4627629675653375e-05,0.0
EU,A02,0.0019471882754258207,0.25145755310749035,0.003471395156249802,0.0027677877401031423,3.289275606647997e-05,0.00048571113240679093,0.0005051836545056851,0.00026570377626167175,0.0006455469553377113,0.00014009644977723174,0.09882663307832953,0.025778435517885865,2.4660593595741484e-05,0.00031031710890332034,4.290199506505467e-05,0.0009012057649292444,0.00017231511019996385,9.178914879193142e-05,0.00016908640570390384,7.137969582369858e-05,2.885656987878539e-05,4.0458965952150215e-05,2.8213637159454455e-05,3.345400252258017e-05,0.00010847827611649069,4.155614701401702e-05,0.0021361195736495356,0.0017904743934319214,8.521236559718783e-05,0.00044155769359819627,0.00012661067821903728,9.219540281351244e-05,1.2523041383351783e-05,1.7675191175048888e-05,5.417984508907276e-05,1.7348236711108252e-05,0.00013870253034963995,1.9220723283739537e-05,9.076694568353017e-06,1.2331983939105949e-05,5.204869342306611e-06,3.358494524566463e-05,5.1692344966684645e-05,0.00016789508176895827,0.00017280719870383396,2.6555316863877177e-05,2.3648798089972274e-05,0.000273029189744304,0.00011625543604668684,0.0,9.547080204576821e-06,0.0006637478974880844,1.4643124137972022e-05,9.518899628595329e-06,3.2843204096153346e-07,1.143109201195307e-06,1.2482408866120714e-06,7.333535549038874e-07,6.960748692748886e-06,9.463139512282557e-07,0.0008537795461530218,7.883949015097917e-05,7.54460333499161e-07,1.998797378490159e-05,7.168041858249275e-06,9.884735818327069e-05,1.1850882550450178e-06,5.503629777043343e-07,5.58784712518982e-07,1.430851502058836e-06,3.8595850843593883e-07,1.1053395331864016e-06,9.227062794221456e-07,7.061290437080686e-07,1.7547911077152005e-06,8.704761484703423e-07,5.4324266170288606e-05,1.2318829496163954e-05,2.756218878979817e-06,1.4446660679721711e-05,6.916121126409585e-07,3.180464026609e-06,4.108446443014603e-07,1.0737616902903294e-06,8.905754504712896e-07,3.230761796203633e-07,3.85897702292569e-06,3.2929788960455016e-07,3.339321794680153e-07,3.5096272166056694e-07,1.0671787376119846e-07,3.9862266747396765e-07,9.93961958173805e-07,8.710765007945201e-07,5.808486708320298e-07,5.932990074811589e-07,3.785711876347485e-07,8.154893256897147e-07,1.090035247290219e-06,0.0
EU,A03,6.87409874928949e-05,5.260749128219912e-05,0.028052779569472948,3.676462707067459e-06,2.7576723027947153e-05,5.769553107718574e-06,3.2285320815741486e-05,6.724349414622305e-05,0.0022134527807304355,2.6336232763833327e-05,1.8870412041351157e-05,6.419777066834529e-06,9.04654465898892e-06,1.466747634415031e-05,1.0922559221404057e-05,5.5492714865514266e-06,1.2390038654748688e-05,4.696876331766587e-06,3.3933989244844447e-06,5.92173026324648e-06,5.292924205733229e-06,5.380567493051891e-06,1.0335910550655199e-05,2.598655349636809e-06,0.00011594465889832532,1.5814448571333813e-05,1.2820756289069936e-05,1.421466972931006e-05,9.495098362973036e-06,1.5817699045514133e-05,2.2320386528009713e-05,3.110026651048413e-05,0.00029638007003552014,1.4542895551642933e-05,2.138407780939814e-05,1.3573999164342994e-05,0.0027402471676941636,8.053191332841629e-06,1.0753649028765717e-05,4.89439306459205e-06,1.6429267901628302e-06,1.96901201634915e-06,5.831943539574173e-06,9.402604884547301e-06,2.0881538371802077e-05,1.5927218244101853e-05,8.240874457065798e-05,8.780638454379022e-05,0.00010435157669367791,0.0,8.57851669877467e-07,6.711609695129539e-07,7.459042885023849e-05,1.490087488242543e-07,2.3738718474674744e-07,1.295638811249123e-07,3.878827072410243e-07,2.2222006714008955e-07,5.307729981921087e-05,1.5426310193868914e-07,4.281988958679975e-07,2.170179578017365e-07,1.5204858840131876e-07,6.753715715965159e-07,3.620626825060123e-07,1.7462530498351638e-07,1.783101846272718e-07,1.1611676889725949e-07,8.879073412973544e-08,1.4776218847129526e-07,1.3661010902062102e-07,1.5991101088642301e-07,2.016275427185563e-07,1.577718638598603e-07,3.08057049797381e-06,6.389251729963453e-07,3.330262906775068e-07,7.111786167014857e-08,2.178541023404529e-07,1.7743053324300856e-07,1.4853342983199054e-06,3.3184939948517067e-07,6.294021437820207e-06,1.0642709023865499e-06,1.046029961776267e-06,2.5649710035093334e-07,4.1196412133620305e-05,1.603826787753387e-07,9.624811253221186e-08,8.59929341959221e-08,3.113943982113283e-08,1.2703594135563745e-07,5.620720254500141e-07,1.247574478055082e-07,1.7954045598161136e-06,5.334963076101311e-07,7.928374533232682e-07,5.2860994851364755e-06,1.7566579592168389e-06,0.0
EU,B05,0.0002862465899599142,0.0002144562290062387,2.005544976959162e-05,0.012851747374408614,9.49141994330519e-05,0.003381180760989425,0.0010739999936162925,0.0004633142365825992,6.691357617134604e-05,6.495680707572145e-05,7.825730721115981e-05,0.000566939732449473,0.0030163419770214703,0.00031915018017765375,9.687124454061549e-06,0.00042770309914585985,0.0013296017277715946,0.0028493725212311253,0.0007679725643889008,3.26526021968969e-05,9.335006954973447e-06,2.96811152522638e-05,1.8781807387913012e-05,1.5519829753012974e-05,1.4805600893419003e-05,2.1343431477403837e-05,2.6408592134452208e-05,0.00460679606633129,0.00010537647584476099,0.00011152103408114348,2.7062112294869664e-05,5.9477727504781365e-05,3.574146781762803e-06,9.87420165284748e-06,4.032988028882876e-05,1.6943854116811972e-05,2.1300336504034892e-05,7.80381047134889e-06,1.451579780034575e-05,1.1685171727450391e-05,5.732794322126346e-06,3.622830709879036e-05,1.3749678930001007e-05,2.6004204903881938e-05,3.6767011810051054e-05,1.6838273594537075e-05,1.5796788565731806e-05,2.4417477869045607e-05,1.8709712348284513e-05,0.0,1.5179726421637734e-07,1.8917110870660472e-07,7.000545219582598e-08,5.432196721026425e-06,4.1971300935529956e-07,7.711440424739917e-07,1.3502498089782162e-06,2.0185672765431263e-06,6.228040090465988e-07,6.919343699943333e-07,1.2444477915222148e-06,9.733997651237498e-07,6.179652612156282e-06,1.8371178143611562e-06,2.6503308061588013e-07,2.377087806549063e-07,7.307203510135536e-06,1.9134241702337198e-05,4.223081311772181e-06,4.328651776750244e-07,9.957581802526442e-08,1.5798084872137108e-07,2.682258492285725e-07,1.401391409333522e-07,5.22240039876603e-07,2.599188499568185e-07,7.301137520563179e-07,1.4075128674324718e-05,3.2528736509638657e-07,6.890987703537934e-07,2.1011752542374618e-07,2.866469910344454e-07,1.7892152578352863e-07,1.7734746808434723e-07,8.700714660584941e-07,9.531825017709754e-08,1.1745834901786811e-07,8.836232347315775e-08,1.0296656919811084e-07,2.9885505296077233e-07,6.831926130219294e-08,1.5787059801677262e-07,2.0276877727109257e-07,2.3256349263451048e-07,3.243238301641615e-07,1.4094525204646098e-07,1.1964362244210055e-07,2.506315032279175e-07,1.9306921842785685e-07,0.0
EU,B06,0.0015852476650021889,1.9681062521064626e-05,0.0001684741287029192,0.0006105149521349545,0.004736042725900135,0.0001887858843780285,0.001719476820449994,0.004915315473320725,0.0008069978595461984,0.0002422278880596583,8.284107377989551e-05,0.0006872468079760079,0.046463204751828184,0.0035004470318869734,0.0002284387505802961,0.00030911124972676806,0.001263198891890699,0.002132937605014793,0.0020898536092062068,0.00025245648575525657,6.745061065987931e-05,6.014944600644188e-05,0.00019721535373734805,5.7117512168006555e-05,0.00032934741275734953,0.00010162893565346124,0.0001477462396050206,0.0054752522789470555,0.0002728610013594743,0.00018781353994594096,0.00034502120908378044,0.00019674924431070805,0.0009692445288853155,0.0011541603664145404,0.0011435977567308842,0.00019634673987366867,0.0009936393643295803,5.3161049711816886e-05,6.735157627317142e-05,8.381251721442009e-05,6.477882032026309e-05,8.157933343467989e-05,0.00012658998385577832,0.000146255671905297,0.0002737005006782461,0.0003505209951043719,0.0005339500557426421,0.000615774430518554,0.000755519029289451,0.0,1.3919622376695024e-06,1.0667777941583533e-06,2.247783758548587e-06,5.115783081547762e-06,5.404886389229213e-05,7.788568103975132e-06,1.445914273977686e-05,0.00010944242639953843,2.599593233902117e-06,1.1194735984969949e-06,1.5338894147393822e-06,2.2916876419765714e-06,0.0003540707771581324,1.5340139536378266e-05,8.808593430240091e-07,1.6492015488022562e-06,5.8823657061479365e-06,4.41324755679506e-06,6.237064081209004e-06,1.715300007974617e-06,1.0681913448347306e-06,1.594898845958662e-06,6.541645951334263e-06,2.508699071563306e-06,1.4105324106404383e-05,2.7056040287194806e-06,2.487370021037846e-06,6.378747894596032e-05,3.0705119613470075e-06,5.221703920455871e-06,3.0131134593110625e-06,8.461280198014333e-06,3.416462915513265e-05,2.0132194270481578e-05,1.5160450020786575e-05,4.139877569249517e-06,8.940199743879575e-07,8.560732795406829e-07,3.3574367445052434e-06,1.3618667752778439e-06,4.783687621898501e-07,3.8950973474052696e-07,1.1047327009001847e-06,9.961693180833762e-07,1.1865177536665706e-06,5.978481017448525e-07,6.882139486829043e-07,1.1399048695875333e-06,1.0706686338306058e-06,0.0
EU,B07,4.531165389780098e-05,7.655855176940512e-05,2.3277404399473965e-05,0.03131854180204185,0.00011217623149071156,0.04003324967375308,0.005848696836105755,0.0021522328594332568,5.1637922274130534e-05,5.771422728730477e-06,4.4490530862319275e-06,0.00015507594379538848,0.00019699239681699815,0.0013959124877102923,1.3262097953902262e-05,7.47988157373474e-05,0.005502570182983853,0.006492362003728585,0.010701413688883953,0.0003117612470709227,3.4557349589855844e-05,0.00038019954076768135,0.00011282756115187416,3.868010845306074e-05,3.660525865060037e-05,2.5931708559455195e-05,8.754933234109106e-05,0.0008616325602701871,0.00010531172315908664,0.0011733552716579193,3.0573388102664007e-05,8.020158998107758e-05,4.869952985509477e-07,4.4333420115154784e-06,3.060675345360456e-05,8.29319442004299e-06,1.16319484790551e-05,4.737068308120854e-06,3.4081885370908816e-06,9.228807505579291e-07,5.935983396891366e-06,8.745885083040506e-06,2.0348071514221464e-05,4.2198132384638304e-05,2.1337387965363244e-05,5.004660287566664e-06,1.8131790067317575e-05,1.8256064528963237e-05,3.068291851515218e-05,0.0,9.392679731405323e-07,2.953674646421987e-07,3.7000164271978687e-07,2.6280728218559216e-06,2.615896275409394e-05,0.0004729264855891219,5.925250456199948e-05,9.201878780194308e-05,2.286103788834027e-06,1.7284666101068442e-07,1.57067857056327e-07,5.160361863038035e-07,0.0001098202393921874,6.064069750056994e-05,1.4178790259727723e-06,4.863358551760148e-07,7.40271224888805e-05,0.001207521731917896,0.0011991352795157819,5.0819066618230466e-05,3.7590860468292524e-07,2.356318575190357e-06,1.4445749763366994e-06,9.62760340564805e-07,0.00021978435755483808,1.7629841994577998e-06,2.5739870184753316e-06,2.6645331345048695e-05,4.201250039430037e-06,1.8643191070682934e-05,6.356317475770344e-07,5.039106082751416e-06,1.5214090734288447e-06,3.5097305855936923e-07,6.834116876392232e-07,9.249223170451022e-07,3.804137197721982e-07,1.8764339559152563e-07,1.7293805121480674e-07,2.1756097745258833e-07,8.579752752437719e-08,9.103096928279855e-07,3.301710974518837e-06,7.494288427436945e-07,2.1845081060576456e-07,1.1768864654106125e-07,1.1975065416040272e-07,2.4322967565595284e-06,4.927012376966748e-06,0.0
EU,B08,0.0015417351753822274,0.00020432917064906774,0.005503035878051423,0.010557234788227359,0.0007758964447935698,0.005155047993203758,0.019140791045517455,0.0038766933963231285,0.0002986399957416869,0.00014061719512329765,0.0002457258116795688,0.0018241034434778812,0.00030704430813831144,0.0011976197807328842,0.00010654988774913466,0.0006153597800358707,0.03258399452436418,0.0029174504715078135,0.003066581516138479,0.0002816412539869066,0.00014758184859028602,0.0005546157138472585,0.0003475245292269885,0.0001315543275058795,0.00012956490340119755,7.2893279988308e-05,0.0003188258638276914,0.0005900746234156594,0.0007952580952698471,0.0074914403919733264,0.00034635713485025156,0.0007729181956911085,9.947519756190671e-05,2.3379168937553445e-05,7.577199139715324e-05,3.451997494183305e-05,0.00011018479314412083,2.6203095390475917e-05,2.42892712322331e-05,2.3080782844548293e-05,2.3338965494071268e-05,5.7919004792735984e-05,7.513095778230321e-05,0.00010793994573125856,0.00034732410649999056,1.971510915843503e-05,5.046069849600079e-05,6.760509019786114e-05,0.00019436054938797533,0.0,2.6912841914361054e-06,8.467389446598026e-07,2.5534869152841637e-06,2.3868994024625915e-06,1.0841893479286898e-05,7.717546919137194e-06,0.00016729587669172614,4.1089119081059174e-05,3.540672527314619e-06,1.7529577847996209e-06,1.0103074929499059e-05,7.92889207534191e-06,1.9882904084284532e-05,6.558323102936719e-05,3.900845757701642e-06,6.181169662660453e-06,0.0002450379252225071,0.00011151900245195815,0.00014457877313813345,1.6091730255904638e-05,3.7003165309192438e-06,4.6515153484874036e-06,6.063526259047481e-06,3.691116665949029e-06,5.2086784811803985e-06,2.7496678337537113e-06,1.1528060109365204e-05,6.087830487047643e-06,8.082829358201432e-06,7.296850258760452e-05,2.479477904343233e-06,2.0627498476049423e-06,1.1180537846224638e-05,2.071783171230889e-06,4.480733263052715e-06,8.63133099593617e-07,2.13726815866438e-06,5.857800183764738e-07,7.726225165783812e-07,5.725731220473036e-07,3.9065599170013006e-07,8.135277401179584e-07,1.523832990896806e-06,1.673158352423872e-06,3.724918724404219e-06,5.459424250619219e-07,1.0918305584003588e-06,1.3784732677535465e-06,1.760703724357374e-06,0.0
EU,B09,1.9816590611101212e-05,0.0005304211939761987,0.00026033115054837697,0.0055671975023423,0.013863027181594195,0.0018860968082666813,0.007466126731937647,0.03213106283038032,1.0392299572384767e-05,3.4965065479425457e-06,1.4074752390760522e-05,3.128012294568404e-05,0.0032371093567593874,2.9611470214716724e-05,3.18406518256841e-05,1.4774393026738907e-05,0.0005364700825249309,6.440616830895735e-05,8.535720494485177e-05,1.046472297398154e-05,3.820965441058947e-05,6.682500823140883e-06,9.222306048253317e-06,5.97386780753726e-06,4.214600499721729e-06,0.00035481430133218285,2.1776835307479526e-05,0.0004035354298592104,3.22394017507178e-05,0.0003465920259414904,8.293823307721755e-06,2.7031934007369943e-05,6.62982868574081e-05,2.545238106819951e-05,3.609418761641069e-05,6.748646536856105e-06,4.628477313033002e-06,1.122476690271591e-05,4.1635322497537725e-06,6.533495238821133e-05,1.7151216591980077e-06,5.258476617988306e-05,0.0001824657165433653,1.1900818413056854e-05,8.258677849795255e-06,2.5460856068510015e-06,3.0150697074742775e-06,4.550345855026317e-06,4.372040967463029e-06,0.0,1.2791187886149018e-06,6.289656174212112e-07,8.307630714249777e-06,3.785466085100114e-05,0.00028897949030649324,5.3887689057950964e-05,9.09270213634365e-05,0.0012452045428844657,8.71379144490098e-07,1.0485039644831014e-07,5.051369477736636e-07,8.844875942111311e-07,0.00011064430362367676,3.9550198243812224e-07,2.8165759230710534e-07,3.9009311665171466e-07,8.380862069383598e-06,1.6167687058527286e-06,3.931414942265345e-06,4.701707250880499e-07,4.5029371907530836e-07,2.9794685056892424e-07,6.225459963342622e-07,2.788088882894953e-07,5.416121588210209e-07,4.5834997197371374e-07,1.0386171380846048e-06,6.951988095202419e-06,1.616518070411029e-06,1.0529449708675325e-05,8.263896001074154e-07,4.104491527405692e-06,4.137251656457213e-06,3.5651865619726387e-06,3.460517082449529e-06,5.496366436091427e-07,3.007174167359928e-07,4.7558019761289584e-07,5.28120460285332e-07,5.404069511930315e-07,2.0584174219827547e-07,1.381776570331161e-06,1.068145247264116e-06,7.699473574976305e-07,3.878277969095917e-07,2.1224847112345574e-07,2.9112627378188184e-07,6.126417726099236e-07,3.661749072278247e-07,0.0
EU,C10T12,0.0745945286789009,0.001381709943179779,0.04218727880594276,0.001279042486502578,0.00022672325502905532,0.0010978753477555198,0.002394565090605808,0.001147506839075357,0.14503386590032608,0.006618960993407247,0.0011165734013653817,0.00263428238523635,0.0016687836072141443,0.012089365377839067,0.005035155876900492,0.001791575265885994,0.0014125366569023154,0.0011818631055700154,0.0014903536249865458,0.0007822036418897275,0.0008435003692192835,0.0009555591400283635,0.000641486609566014,0.0005953331779947922,0.000803140266132856,0.0006729914334001151,0.0016203424276251036,0.0009785087496083378,0.002190629519760696,0.0008131078607039679,0.0051702810175527115,0.0009678909781287239,0.00571487772481105,0.003473625936647457,0.0009362861576081921,0.0006205366340971986,0.12554154159218325,0.00111677217606871,0.0007608013852372905,0.00080080045198753,0.00035417850960833824,0.00031191674627896395,0.0013112232654051864,0.0014091473551137946,0.005221960438557787,0.005169128000582962,0.01326530219295784,0.007275147701632477,0.004737009186645177,0.0,0.0007887218526484185,2.5845361131898624e-05,0.0012929468663423099,1.2501650064936631e-05,2.23186926078517e-05,2.051888317388878e-05,3.0183942523642943e-05,3.332973007002244e-05,0.0026356727938731395,9.052133782861634e-05,3.872016653711026e-05,7.364346916639138e-05,1.9824185096425964e-05,0.00023204942094334752,0.00015438768394848644,8.167153399422044e-05,2.370301202526838e-05,1.0594225152405748e-05,1.60688844556133e-05,2.5388816395808264e-05,5.7922264181541096e-05,5.90721451433135e-05,8.034816635752598e-05,3.2367699202929086e-05,2.6603569512044745e-05,3.1755459494031796e-05,4.409296939046248e-05,3.0595798290658215e-05,7.943106365082148e-05,1.8315151011183796e-05,0.00010702668159580001,0.00010196232932530457,0.00041218993006983997,0.00020038179642070016,0.0002530827218366547,0.0001085502434491695,0.0032265079399002236,0.0002018316225148363,4.828709081453174e-05,6.439980662271116e-05,3.372035695335302e-05,2.933944837152636e-05,4.993958854777921e-05,7.968973442981387e-05,7.661370863036574e-05,0.00018897642936561068,0.00025537416566087526,0.000583705897092161,0.00019461085391845703,0.0
EU,C13T15,0.0006860409102792689,0.0007636989042135859,0.0076085658315163075,0.0007367586836410837,0.00031327462039850486,0.0006081566977546132,0.0003583639811958374,0.0003851629032003707,0.0005606632949431873,0.12119781130278225,0.0014260860470104951,0.003866352627728584,0.00021401650458124138,0.001197492422038145,0.0007685368030772955,0.005884201112987183,0.0013585639497599971,0.0004674189736669803,0.0004991812435291774,0.0008095440036689765,0.0006303926961758767,0.0009688743099241236,0.0006864849801535481,0.00396557525904191,0.001283936259562857,0.0008254278283104261,0.005338731405005255,0.0002140235489406073,0.000664525211286526,0.0008222812723001282,0.0010270961755534948,0.00037100215167501765,0.00017673586250672562,0.00022141852667235463,0.0004520138261450766,0.0006906735555488175,0.0013273931876100619,0.0007718696841724432,0.00031832852323276966,0.00019438626985802008,9.686936910359762e-05,0.0001834795259934285,0.0005618251806357822,0.0007314160496242998,0.0005170849276995146,0.00041676607712641295,0.001678856778529713,0.0015395429069812833,0.001513806418206627,0.0,1.532278973117135e-05,1.7501159458185883e-05,6.696002479310051e-05,5.9976757247435536e-05,9.044229793402838e-06,1.6730732649523512e-05,3.23880816535007e-05,3.819451820650376e-05,3.5265865464026165e-05,0.0026171428508460206,4.4286416209368446e-05,0.00017759153645899645,9.062920740814511e-06,3.688261772698107e-05,4.537500615045989e-05,0.0001517193310241058,7.168454835002805e-05,2.3847791247659658e-05,1.3354350255299092e-05,6.912989797922462e-05,2.3707722953358713e-05,5.777823461557778e-05,4.207402602546106e-05,0.00017928631455403074,5.2855615782410585e-05,7.166070692831629e-05,0.0004351654343575191,1.7440248335143027e-05,0.00011037734046589496,5.5024291710902125e-05,0.00010295662760830729,2.7317720432826967e-05,3.3268046311578955e-05,3.321980469591281e-05,5.817094742763306e-05,4.5255572428304166e-05,7.263179503135328e-05,4.2186140047033526e-05,1.4249647522989013e-05,7.1534584215855175e-06,2.0192138717460078e-05,1.0290100855689255e-05,5.435067077956183e-05,4.642562441377097e-05,0.00010649270770889021,2.605266284817309e-05,7.51254382059498e-05,0.00019476433574811623,0.00013934039617724434,0.0
EU,C16,0.002624499117649193,0.008233127272348258,0.004101617832493139,0.004922028279373356,0.0006993614377940364,0.002796611166788747,0.003176129682442468,0.0011889222050108803,0.0021691116726405006,0.0013479519011441075,0.17851005720833954,0.013222273138162266,0.00030784548638004584,0.001365225352844061,0.000664700913901728,0.0024968678201329002,0.005225794852490068,0.0020894363903049733,0.0017748466177961533,0.0028428345854747015,0.0009132490521899509,0.0019104483899421176,0.001647330228877612,0.0014692854708775352,0.00981579775145886,0.0020276098966003054,0.02719622352391783,0.003313507920433437,0.001413183989837618,0.015906724630067967,0.0012477847681198887,0.0010201831100813228,0.00013418998815656628,0.00024059573888083076,0.0009464464561668482,0.0003089654305868656,0.0010004152508834086,0.0010821280933453194,0.0004888250831555294,0.00021262616665637676,0.00012357766349531648,0.0013468991537757674,0.0005174625901216358,0.0013884493326382884,0.0003726656732166559,0.00042714496484105223,0.00046093041979390344,0.0012065538561479635,0.003606662213982221,0.0,1.8063195343760613e-05,4.2061119897840086e-05,2.3421008868058982e-05,7.134354932286993e-05,1.0511005871663973e-05,4.9533891302568035e-05,4.520338792968459e-05,3.5025763915784136e-05,2.9057036614996784e-05,1.5159411162312805e-05,0.0036968098949763805,0.0003054326289877117,4.178742511043961e-06,2.52097562770176e-05,1.6419662539953123e-05,5.740448012969906e-05,5.094213152310856e-05,7.0968509936369385e-06,1.8472725700535728e-05,7.898495629453792e-05,1.2086684246957501e-05,3.3789769799974434e-05,2.4726219963135644e-05,5.527701446519472e-05,0.0001430893314822644,2.7224087543648887e-05,0.0009590589997380604,2.1439027821787625e-05,2.7990487803944178e-05,0.0005172628245768268,4.113503438232159e-05,1.653508747483761e-05,5.338511357623904e-06,7.0386288408754105e-06,6.0469354222208396e-05,8.919441184285536e-06,2.058438119791612e-05,1.229118473319751e-05,1.074226477897004e-05,1.061613525341696e-05,3.887327127503173e-06,4.4278721020169695e-05,1.1248095829000229e-05,3.209595712927163e-05,1.6256136637290358e-05,1.801771009973226e-05,1.3738341620589532e-05,4.1165287464986476e-05,5.687065734032261e-05,0.0
EU,C17_18,0.0015655191851219141,0.00555451940659375,0.0026113072417034994,0.001676855744255835,0.0005987122701815046,0.0016421725707048555,0.003439278426019633,0.000928069943044513,0.012924216099441782,0.005419799725209473,0.011619252565564599,0.1849832519320347,0.0008541222126186963,0.006915858613835042,0.00701718081093842,0.008631011617927703,0.006245906419713013,0.0022259933933944692,0.002749765549115438,0.003197260316090149,0.003263092371516362,0.005531325569484997,0.002729283155320011,0.0019078456407022651,0.001503438375998526,0.0011870586127934728,0.006387964910920317,0.0025117706954819897,0.0033820464049149042,0.0013097730486550244,0.005598177861895124,0.0016407776380403065,0.000612272703158887,0.0012671345611153838,0.002315818867536612,0.005217778402977928,0.004074509056799897,0.03110765098053494,0.004075972658027152,0.0024171021786344167,0.004357426087781593,0.0008275163758823467,0.006061205098992569,0.007727104273889207,0.0032246411330665897,0.0028886619420496113,0.0026100732669005343,0.008585040415079275,0.0058890968206839,0.0,4.952223987691267e-05,4.583547998293233e-05,3.8813077205202114e-05,1.4650687353535323e-05,1.1846550800847879e-05,1.8641534396359568e-05,6.453308350907036e-05,3.5976964203173456e-05,0.00037104255683655915,0.00010303104645352067,0.000225095205850019,0.004922749662920823,1.6696389162427697e-05,0.0002231601317131916,0.0001852768259261528,0.0002853637635370926,0.00022956733458844727,2.8385592629220132e-05,3.2163510762717985e-05,8.856352059312742e-05,7.424291221093283e-05,0.00014218510343973705,7.581725897182903e-05,7.925044405290895e-05,3.192283050553287e-05,6.806835482312361e-05,0.0002541326312499869,3.8050371907613724e-05,0.00011491929376685688,5.3761016480593226e-05,0.0001607647654199062,5.853018259760544e-05,2.9501805804262557e-05,4.877762529065322e-05,0.00018663837585386844,0.0004936968054097315,0.00012544523388931546,0.0005908273003247141,0.00011259994026278783,0.00014706281629525618,7.650543832190644e-05,3.0371093978863707e-05,0.00024578248017074583,0.00015108623885845096,0.00012541939877271457,0.0001845285396709296,0.00012004442054990273,0.00018868160285879457,0.00013199958746380782,0.0
EU,C19,0.020557365744953638,0.012064950885106573,0.038023024226962444,0.006991910104866599,0.0035022311295450194,0.009503478111797654,0.022352563094969236,0.008370346658230698,0.0032283524650484775,0.00240139555142194,0.004321202273375896,0.0034268002620682354,0.06765873704332986,0.033789529564423035,0.001816902536543237,0.005139231464813692,0.013463422894573264,0.008727963693003582,0.0043481620707683764,0.0023777306686785047,0.000984618691216434,0.002600911448137545,0.0016439659866738182,0.001404918873519969,0.001494577723439305,0.0010951342102351446,0.003105689617857286,0.010508789696755103,0.008753185017304732,0.006912412069743663,0.004584277151437411,0.03902438875988254,0.04733259528246529,0.10229908396457428,0.009342575861552004,0.010665222288497691,0.0024956892951229805,0.0014898354323196763,0.0011190191414169944,0.0007277187442499521,0.0010966132695796633,0.0006047001728280076,0.0017604202344325972,0.004051839368413317,0.0038496346687639377,0.001634853282220007,0.0018464215982704473,0.0033562390394354298,0.003980657415281356,0.0,0.00017201418110234155,0.0001612301394842437,0.00031381389711552615,7.813945203776573e-05,0.0002456483721097801,0.0001786377940995113,0.000573940761580631,0.00041791285293206985,5.701212524614146e-05,5.942822662484577e-05,9.831103955622917e-05,9.5591658480269e-05,0.000712167780527925,0.0005099788683980004,7.318557629484443e-05,0.00027852244147678125,0.00020875645027804723,0.00010926182783882516,6.0141694929184515e-05,5.8619802582412166e-05,2.7831164172209944e-05,5.768248687423869e-05,3.5132946202997635e-05,3.994700213389142e-05,3.719608271652799e-05,3.672473350686274e-05,7.886467781293448e-05,0.0002628198050796842,0.00019002111958691173,0.00013774172756521284,0.00012394642563087554,0.0007907870961190119,0.0011764128178547528,0.0019055564873493257,0.00024456719654923246,0.00033893565159266877,5.690895903408761e-05,3.0125478298477935e-05,7.412453332948059e-05,2.736684063524332e-05,2.348316901067659e-05,1.869013917121284e-05,4.7926606343249984e-05,9.252941607606712e-05,0.00012016139790112617,7.183400637341417e-05,5.1222222943725023e-05,9.895025441458079e-05,8.544689138820635e-05,0.0
EU,C20,0.03114270654543456,0.0050010606898215765,0.011530742363607405,0.006649999073109327,0.0064453710972387085,0.010560693058820497,0.011138567275401709,0.004724352986025294,0.007516487219851745,0.030241016527354045,0.0219215805061755,0.030056804921012405,0.02814103201737673,0.1514043631960565,0.04383923155219346,0.10619031028703531,0.02430605788546849,0.009947394445044078,0.016122036812907824,0.00928271478911053,0.009942628247352113,0.012066636647999129,0.005562873685226849,0.009077217745872248,0.01153532977657081,0.004649571438463376,0.011111165457574576,0.005031203556392858,0.008681306747813056,0.007275279863173312,0.0033742482727660847,0.00288721101498042,0.0014318594473071986,0.004488456663590638,0.0018098143335476841,0.001321176023673406,0.003262511304251375,0.002552545400200496,0.0010459787756770087,0.0011146870365308767,0.000605414820777909,0.0014047520757124285,0.00273749456635412,0.004652661095132946,0.0017148124374051468,0.0012366225245614927,0.008283435130564763,0.0027796588126105153,0.009799580192958757,0.0,0.0019615136467298778,0.0004670730958662118,0.000180080655556652,0.00030475968362926023,0.0007901367985670627,0.0012663944113309113,0.0011373484799213332,0.0010011413091448277,0.00040967578634949834,0.0016151560386101877,0.0016542253995432176,0.002246429854639957,0.001253225751727645,0.008885150505083029,0.0030098893416657855,0.008342849236379452,0.0012310689878645242,0.0003746265400199963,0.0004790445895314339,0.0007925669272120701,0.0004995594815136862,0.000972984745653274,0.00036364995377441563,0.0006478692286250269,0.0005461908398506963,0.0003136429962476714,0.0012463583349720069,0.00012588031992625273,0.0009443664628468459,0.0005274376452681032,0.00021558494107832275,0.00012995712342538793,8.368326008127502e-05,0.0001805910844208742,0.00016396578875499154,5.2994312674466364e-05,0.00023325905736184825,0.0001937492176816021,5.490188418239317e-05,6.39913497358063e-05,2.076043014586889e-05,0.0001192162273949765,0.0003391492585827204,0.0003700225108354021,0.00024171884829619366,0.00019984050983871938,0.0006379578475444338,0.0002858924277939637,0.0007536005606384158,0.0
EU,C21,0.006377711314630883,0.0007158302734193005,0.0014303321308437307,0.0005504586564941276,0.0004865963399610809,0.0009347630205359832,0.0009916753654014585,0.00037387856063767866,0.0025360110853577663,0.0026856566453499183,0.002305496362427955,0.0025448697279811393,0.0025663792241475613,0.011685925733110161,0.13753865937084842,0.008188390496778579,0.002086342150111244,0.0012690192009551446,0.001841984062647114,0.0011095646027543251,0.0019223000642187202,0.0012830647585274843,0.0010434825617954425,0.0010656436324956913,0.001067184079121349,0.0006077120560691239,0.0036895865717215246,0.0006703648444811059,0.0009947214626852678,0.0010444077958431841,0.002173527457125464,0.00038275022233795995,0.00031841660729495046,0.000957510642575982,0.0004421550253267182,0.00033753062979390486,0.0009051138976777723,0.0015955770058034419,0.0005294773732342801,0.000902280202523202,0.0003143480927414579,0.00031084713716903573,0.0017672610425853714,0.0021497413872622446,0.0011866386169324008,0.0008668052554005438,0.018658090624077212,0.000729465569352412,0.002436583579134663,0.0,0.0004963732812209524,5.374498457301537e-05,0.00019741670681767864,4.826632524261388e-05,0.00014173209657006463,9.462119268489013e-05,0.00012117764288999194,0.0001239741974567375,0.0001938104369373984,0.00014492590027199135,0.0002046797441729544,0.0003858711244173474,0.00013846273238572743,0.0012670522386857561,0.016286572374066298,0.001098760548715853,0.00014825828714707385,3.788681387735077e-05,4.1295003548431775e-05,0.00012422319357156906,8.387691876585241e-05,9.851535992472501e-05,8.603596587094668e-05,0.0001269956545888232,6.639995561104952e-05,6.089142657833259e-05,0.00021245647935274798,2.9499438130085163e-05,0.00014766134326205652,9.390230820957083e-05,7.462622729535161e-05,2.8485880765168104e-05,2.894051564518083e-05,3.980585321949428e-05,5.9742238822772984e-05,2.636914728014861e-05,3.594936170137992e-05,4.191389442684004e-05,3.407203090178569e-05,3.6967334774252116e-05,1.3931678229515231e-05,3.906185736428261e-05,0.0004976859892350786,0.00010203595189172773,0.0003105510104764541,0.00010021069414272905,0.004391788239477112,0.0002996878181662626,0.00018671186226366403,0.0
EU,C22,0.0038696687995790993,0.0014978948203012007,0.005023813619764494,0.00584395406207644,0.0011826443816403541,0.0025358044662193296,0.003522896594969604,0.0023725518489723383,0.011202793027509744,0.013682240749358235,0.007993098190472513,0.0126943972351614,0.002915454518206235,0.011528115689196178,0.00820177847848492,0.09370904787023633,0.010173164953894566,0.003450071436263494,0.005470098496240233,0.010417909061800686,0.009308902934029983,0.022223068072383053,0.013200876108932036,0.029635269687746015,0.007736076339458513,0.006921257636510487,0.013776341717296945,0.0015409389509670644,0.004472964953152305,0.018493740217846857,0.004903790912412176,0.005687246029104489,0.0005238987200633639,0.0014798384569503099,0.0021339664738200884,0.0018094117799770091,0.0021733954455146,0.0017526057683571051,0.002628835807425002,0.000929751328480988,0.0007670917753449007,0.0009691887829424769,0.0023024034544139468,0.003588665125654306,0.0009548780996382381,0.00045080817192426494,0.002432175155033204,0.002159631406958563,0.0027912681590834126,0.0,0.00015330169262644128,0.00011093554531314641,0.00011474673566944801,0.00010517644564696262,5.465864720572652e-05,0.000193037438887812,0.0001950995280927424,0.0002530258364475393,0.0005308328890675767,0.00030265450342970837,0.00028269627270140294,0.0007296552957204677,4.59942302804167e-05,0.0005192934823154149,0.000414666234146213,0.0030966595813261303,0.00024328304920965605,3.841315269597292e-05,5.720413929667384e-05,0.00030835688111425163,0.00030114032781832124,0.0007758535988814784,0.0004715169069065181,0.0012160534144177277,0.0002145659930141855,0.0005987738306509384,0.0008243087204459944,4.6802790210471e-05,0.00045078734145628856,0.0007311929388564557,0.00032914968517991686,0.00035139535898428013,3.03215198782294e-05,6.054843541790519e-05,0.000231466620914713,0.00020318713578266437,0.00013732581706566794,7.364695961194257e-05,6.479488627244792e-05,9.745413817317202e-05,2.8235663619524157e-05,5.827669526454429e-05,9.191943118198622e-05,0.00016745101963231137,6.92850957180767e-05,4.816565672373147e-05,0.00012317661459291694,0.0001459438955048651,0.0001564069589924537,0.0
EU,C23,0.003553787160104354,0.0012765358930577574,0.003852963657903601,0.004195810269777612,0.0006632346293894878,0.009378469007417407,0.016115095670776743,0.00283710316791405,0.005576956163288443,0.0022340469333907587,0.010099689394350901,0.001759441855855899,0.0008391155564715224,0.005200769365078375,0.0028677967092105763,0.006857683148127877,0.1007917829002836,0.008341705878285312,0.0046155410758371524,0.004982227126450823,0.004250926017054415,0.007475147985862037,0.0025784109496977984,0.005061857246075377,0.006451953874485645,0.0023961230967064285,0.005085917225802268,0.003027055426694944,0.003979516647238836,0.043767204820092186,0.0016160489483826477,0.0015230250495995646,0.0007194059729886505,0.0012588073353508374,0.001075605458769721,0.00026670707712324137,0.0023022022011267296,0.0003114407781520144,0.0008135971682033941,0.00034287608746509586,0.00018406674084053525,0.0018188474861821173,0.0009869331245604468,0.0017128768433930528,0.0007296371273540164,0.0004930834140904143,0.001253050854823992,0.0012938083665375393,0.0019454929458636496,0.0,2.777393816351592e-05,1.4520015354361891e-05,1.1833584671993347e-05,1.7882521550256924e-05,4.5216332278562984e-05,5.285051425956067e-05,0.000278601543919172,0.00012516319781597415,9.511550125299187e-05,2.404188291933946e-05,0.00017747239957755355,3.3779713046582855e-05,2.2920814471336377e-05,0.00010738205468373777,6.843576148337263e-05,0.0001584857077586196,0.0011918344559463038,0.00010582909010806322,5.627631343204926e-05,0.00011332670131052587,7.463338130609258e-05,0.00013640128477751512,5.7336501859178646e-05,0.00017280618636270802,0.00014041759341118008,7.205612917872151e-05,9.515837758221934e-05,3.7569594576820544e-05,8.255176690288872e-05,0.0011403753623562014,3.423018741836167e-05,2.5970609009174298e-05,1.944812790791284e-05,2.2149265840855383e-05,5.408804047569715e-05,1.0804012316555838e-05,4.557454657335195e-05,1.0700735220274347e-05,3.4333254450224974e-05,1.309869892677191e-05,3.6556764818488453e-06,4.309908802144717e-05,2.919025032612831e-05,2.4772402256993736e-05,4.4015407325834586e-05,1.8781779039067355e-05,3.121985000950144e-05,3.082978301248157e-05,6.324287008470366e-05,0.0
EU,C24A,0.00022596788698844576,0.0003126624610963648,0.00022081175455895613,0.0033263879288156404,0.002033936456800124,0.005893862486804612,0.0027506639755792944,0.002819891587265521,0.00047490605776930094,0.0009350898624103524,0.001687501769605427,0.0008864493092069553,0.0008968613895196826,0.002424781232996432,0.0006266219204684497,0.004510541798276987,0.006917971298403208,0.20059378050996626,0.01802898075400856,0.07726884092511055,0.004205584600008897,0.02278226578415171,0.03103454683319133,0.022561605503766548,0.019487356704888714,0.010266057118226849,0.014099178440550432,0.0014296188472894629,0.005513185866364253,0.008209862134601361,0.001040689273319188,0.0010742949746135417,4.843752068862291e-05,5.1274978588300106e-05,0.0008732641901273472,5.539147878667184e-05,2.455182796346418e-05,0.00012266238615261406,0.0003351537758641166,0.0001471682865060644,1.0963749701096057e-05,0.0002794851087462389,0.0006635159938143886,0.00046178370534751564,9.520359404212498e-05,4.3842973993804776e-05,0.000669880590894474,0.0001346579687037986,0.0004683799869633213,0.0,1.728574133016377e-05,1.8792223956080215e-05,6.889830075077245e-06,7.04125205848458e-05,0.00044155862760134653,9.148165806541863e-05,0.00017490648870698952,0.0004847762198003886,1.587814196054299e-05,1.903629369427133e-05,7.047256775338382e-05,3.2436448075781074e-05,1.619678879505759e-05,2.129951950664387e-05,1.0823915845116274e-05,0.00011081252771998957,0.0001288510996047854,0.001995344884359613,0.00011419906076267562,0.0022975869423596993,8.38748349275414e-05,0.0004808696642154342,0.0009559551330194269,0.0008040031970535105,0.00072782988086073,0.0006080286697017555,0.0004184706474017656,5.545742547421599e-05,0.00030866544364672213,0.0005615266230379727,4.260504362865363e-05,2.331734047319655e-05,8.261499816560335e-06,3.496331826200122e-06,6.092697701376408e-05,3.624009451456885e-06,3.523432251047433e-06,2.7682426366510576e-05,6.065372911627913e-06,2.3208541707110876e-06,5.210532330328394e-07,1.03232226333095e-05,2.138772794437303e-05,1.6262157711955872e-05,2.9249388433227226e-06,3.089678376456373e-06,4.508514908661705e-06,1.758121436381405e-05,2.5455688968175503e-05,0.0
EU,C24B,7.127853593666707e-05,0.00014996530547578473,9.572615094743313e-05,0.00045156069896020416,0.000179532750402223,0.0010573930589159156,0.000499849898877033,0.0003263638408098324,0.0004927656779080875,0.00041861390778348307,0.0006013834381440009,0.0013585206666568645,0.0002734885531446702,0.005950409526568053,0.000922150407378395,0.0028689243866534897,0.0022135589998571715,0.034632271085026305,0.24949316237244776,0.02537668442221887,0.008271088277210346,0.03452838524357617,0.008140837265446116,0.005092769612376783,0.0037709842767561373,0.003633658468089036,0.012417577508891211,0.00038948716607684395,0.002498834643747168,0.0020991348406884623,0.0004583435198979256,0.00019577218289642737,2.3702573807104673e-05,4.990385551465217e-05,0.0002384156485584046,8.191912591637294e-06,1.7238841724858552e-05,8.872790002574265e-05,0.00030069164749715833,8.09751461201457e-05,7.254667801612028e-06,8.630635248962201e-05,0.0002055307159073371,0.00013153410043611208,6.21234360625985e-05,1.1084832154211344e-05,0.00026895308416004704,5.97023198170488e-05,0.00021670444099810448,0.0,8.641936905347984e-06,1.472362916747574e-05,1.1663517078887181e-05,9.78435595520446e-06,0.00014486355795500814,5.1999056540774614e-05,0.0001004342529279612,0.00016329976933830364,6.184422765716664e-05,1.9127137955671692e-05,6.172464405690444e-05,0.00021170883299549304,5.827007035399329e-05,0.00017240342334112624,4.758063126887842e-05,0.00016388379312232075,0.000159024175462203,0.0007598814347517295,0.007409563035854612,0.0018665565330651338,0.0004630343592641155,0.00284767258783754,0.0006915357981213153,0.0006967529799796727,0.0003591792645200775,0.000654480560169606,0.0011212820137177395,2.4053469664578823e-05,0.00020906500981997386,0.0002502999412016987,6.844471627776548e-05,1.0409796058917807e-05,1.1104985886395161e-05,1.8051292499107834e-05,2.000004385565367e-05,2.9515128522174622e-06,1.081497218216206e-05,2.04856694366309e-05,1.2458954872971408e-05,5.224748839733221e-06,1.2420015797561768e-06,6.174266709810904e-06,2.145339040709977e-05,9.872637338937405e-06,7.24995587847868e-06,2.439209010166886e-06,1.1341170064395712e-05,6.487373937757385e-06,3.289147367638653e-05,0.0
EU,C25,0.005532923493239251,0.0033143780030156114,0.006997361734114156,0.01611924525708265,0.0023803164745866503,0.01571542935621138,0.011608968123516451,0.0065689073268902776,0.0071396299767213876,0.007700901557978688,0.013290729043813844,0.00499583837809988,0.0048188494485925356,0.00632063283808745,0.002284249235799877,0.01647534268115412,0.009930630519943343,0.02630444472913833,0.02149992556571334,0.1326950418921903,0.01704939339932955,0.03665781894579558,0.0698082528981151,0.046998510723896915,0.06168920515872732,0.03473737855021872,0.036272271804263345,0.005022684292281409,0.010741846882768157,0.03468200794689275,0.003654327936215688,0.0032361575115802932,0.0031588843243292625,0.0029090934467564064,0.0035667773402468282,0.001140484028762356,0.0024396949708378125,0.0009190265855977416,0.003367679945154139,0.0011266073393154793,0.00038460201964329703,0.0014962214607987326,0.002912207316453922,0.003864043995519603,0.0028087552521240036,0.0005958521343380401,0.0013098457303324937,0.002647090539863134,0.0027588005031120044,0.0,7.136020138859702e-05,0.00013176362421008257,7.535230883948927e-05,0.0003125879778236644,0.00019850555334048148,0.0003529914841296955,0.00036126808179119777,0.0005214488175470694,0.00021266238403438523,9.205637893124539e-05,0.00031298147534705625,0.00016879229476715032,4.6197769596042294e-05,0.0001650893151564868,0.00012700799237394514,0.0003436154223945581,0.00024319293058487615,0.0002776773797126882,0.00018624035557461514,0.0020483007524683874,0.0003312163397831727,0.0007505343749877159,0.0014600862210202615,0.0010558698314623999,0.001522848727593683,0.0009309715768008182,0.0008823162088699213,0.00014528491372145725,0.00041784476580435424,0.0009697725834404893,0.0001479248121489845,8.211508681304117e-05,8.903609174501039e-05,7.889115093382318e-05,0.00023774002325321913,5.6656162034285004e-05,6.113484312738007e-05,3.9331140359888934e-05,8.198741688048335e-05,4.165828562663766e-05,1.618239675986436e-05,4.031000918883707e-05,0.0001345795113843696,0.00011548606697394433,0.00016388766372837297,4.582463659087419e-05,5.35282034759254e-05,9.830341432470802e-05,0.00014297011074849175,0.0
EU,C26,0.0007176545938554642,0.0005328436503386892,0.001196249820174222,0.0011150789140502218,0.0006181546692227296,0.0007051386235322069,0.001306775728763211,0.0009281667581856609,0.0008476930515692664,0.0009111299162158198,0.0008679863314480503,0.001795604198619842,0.0007766920922404234,0.0014794131315170997,0.0014426387921516093,0.0017171616518888886,0.001388075978612328,0.0018375219050711065,0.0014011938040941,0.0024276406182446855,0.08739012842861786,0.016694312307349017,0.005845241081563702,0.006250439490072964,0.012246277927569936,0.005821228848731827,0.007750866354193764,0.0023710213759199766,0.0012822714094060143,0.0023055219923725652,0.0017909597258797289,0.0009575658196070442,0.0005824812641570342,0.003212579705403934,0.0009716260750057064,0.0016246081896642837,0.000692577971640903,0.004015857104593492,0.009575807067201809,0.006502637948879917,0.0009007325857512202,0.0002791198914631329,0.0025139975917602476,0.0018796103661937874,0.0013862262327396062,0.0006575491747632154,0.002318687957818474,0.0023130713239419474,0.0027999121378769957,0.0,2.4092057509324176e-05,3.43710877766906e-05,3.641310768101043e-05,6.353070788760317e-05,0.00012232476157391102,6.106866096939668e-05,9.192198155988094e-05,0.00019869344003191133,4.2628794368404733e-05,4.0708714147008e-05,6.55937209378898e-05,0.00014881878821733116,4.437352668866808e-05,0.00011056070424725104,0.00012180995515110605,0.000143765488736329,6.562687641341218e-05,5.6478128651223366e-05,6.88843738362848e-05,0.00022033557475275488,0.006547349940343902,0.0015383763865456197,0.0007490075241766163,0.0007014360398260687,0.0008809757635900154,0.0008866360449688763,0.0005084270218736895,0.0002375933570969121,0.0001889055583991179,0.0001677367503093424,0.00019472231495744143,6.700596606470418e-05,8.944578418077414e-05,0.00018174654132468922,0.0001875153092111248,0.00013248685940507496,5.278639020143036e-05,0.0002999107645671071,0.0008278553967258477,0.0006466639999955978,5.1636745048840004e-05,2.1494232419652925e-05,0.0004185485370784438,0.00016891066957638187,0.0003248152629818171,0.0001347306014779406,0.0004460238965666304,0.00016452201424039693,0.000406940235755918,0.0
EU,C27,0.0013500048039635209,0.0010261484219068035,0.0020726423560980937,0.003556361222923893,0.001272940773269785,0.0018272944389968356,0.002566695604274195,0.0018031389749294604,0.0011884848019149104,0.0016620591132168634,0.0016316321592678663,0.0020164284215908918,0.0011126468837563035,0.00181994752496687,0.0008755523883089399,0.0031259545205452113,0.002773968149031953,0.004192913333156429,0.004178781678827656,0.006130694128903611,0.021941638897727326,0.08291736056183413,0.016398930560548003,0.014835346424934672,0.01579611148877252,0.009516395564402588,0.010730003130875142,0.00763646874881167,0.0027650474961631024,0.011438167619424103,0.001983079476320824,0.0020010616504766857,0.0008856159020249417,0.004124984762122225,0.0015311881767708822,0.0014257405748703705,0.0019531164972719105,0.0012014226698075403,0.005489513282982873,0.0019337950763077137,0.0004068062425425234,0.0006848283019860153,0.0018766449357615234,0.0018128392862218929,0.0010596057383361226,0.00044560276478776856,0.0008774911605024505,0.0017736843772717201,0.0033602576061783364,0.0,4.2319896387579695e-05,7.378267939150824e-05,5.245919434600478e-05,0.0001832884874334014,9.168098964739454e-05,0.0002357532964459379,0.00021251842239463555,0.00036239555615844406,5.107221983510197e-05,4.188796812079344e-05,0.00013980181589700789,8.617953545482646e-05,3.500297967909419e-05,6.727923812650563e-05,6.195843611567898e-05,0.00013765859043070902,8.20131062822634e-05,8.694977142709817e-05,0.00016999791881010625,0.0003101743308600145,0.0011357992631080638,0.004319840610287311,0.001203772188565091,0.0011201221411007928,0.0010396160635549115,0.0015865675560351143,0.0005941296559279302,0.0007009489025366715,0.00020487630760322384,0.001008377120421269,0.00021734314101832665,0.00011751889417843793,9.133376017041265e-05,0.00017070521920886495,0.00021181857573967583,6.22248553838274e-05,8.921456616000475e-05,7.757358747737863e-05,0.00037132367539255743,0.0001270996578572462,5.2952624112490106e-05,4.153878566226127e-05,0.0002084122533419562,0.00013449322390710473,0.00010218776246322347,4.080795677297536e-05,7.13752430214589e-05,0.00014203826028540503,0.0003471627293241298,0.0
EU,C28,0.007580057760238417,0.014553088933087743,0.006922811410248216,0.013558239106760399,0.0046861196216039435,0.00850177046402283,0.017755828898943164,0.007588801052694695,0.004217275480563091,0.006034923475833328,0.004602691708129336,0.00797527059458483,0.003330736370227058,0.004625937234977146,0.003702664562652637,0.008793292969844086,0.007426808739961639,0.012367817997048582,0.009948460275633831,0.01882786995854532,0.012302872199215093,0.02379590540636738,0.12289694017740872,0.033796281494726424,0.05199282638662184,0.02214272979973817,0.024912267073421285,0.006076646828987272,0.00851219101229798,0.010896738567741785,0.0033465576541020624,0.003061548691578678,0.0028656469403285432,0.010104526529591283,0.004098051942396704,0.0023608019693268506,0.002583088712693585,0.0016724590228932195,0.004272370879467419,0.0021966923552366726,0.0008163898724588474,0.0006442622362294505,0.0030809532431434177,0.0035138760122697694,0.0016738732984234786,0.0005978282504876606,0.0017534529527003266,0.0019586671931611354,0.002928880672874398,0.0,0.00027891806937683876,0.0005628508813088179,0.00042998756457008513,0.0012267457981367843,0.0013008546195115932,0.0018883826819055848,0.00158184489506432,0.002680730596604737,0.00023609551640048893,0.00013594456398070167,0.0003501764877940976,0.0004673423991184759,0.00018526070272949707,0.00029323973162169285,0.00020278307614130883,0.0004111185829848612,0.0004752871007267415,0.0004493428187731875,0.0003136935599069292,0.0010688411885857248,0.0007656537638623389,0.0014317823621239508,0.00675064664403596,0.0023223171237688202,0.002974491599734855,0.002067398132540606,0.001594379988426929,0.0003079491543714527,0.0006978545675420159,0.000958154871856757,0.00025990992895722506,0.00019400256405438103,0.0003781959923795073,0.0003498094135248137,0.0006585623289361717,0.00011868343561812218,9.266526757904443e-05,0.00012326703205611596,0.0001769829104920976,0.0001358354091892986,4.65354485340734e-05,4.5176279717391464e-05,0.00018807572983030194,0.00032175811652070303,0.00012816271343614688,8.75836351887643e-05,9.388267548392489e-05,0.00018508878854826992,0.00025146665467859144,0.0
EU,C29,0.002337606517676631,0.002555073754660861,0.0018042945927341137,0.0017667124913862753,0.0007338315481412033,0.002356274039141997,0.003044891295260416,0.002044068832295156,0.0012731154085049115,0.0019498408985062874,0.002269744667110348,0.001925169805238352,0.001099650612194354,0.0025537755116939137,0.0014118801416511829,0.005426623186724434,0.005428236999861308,0.002530535280662417,0.00235262190550558,0.006025298058482963,0.004617331541621771,0.010741174216111536,0.021584781504714073,0.21902389602565256,0.00808674427166192,0.006836490281683903,0.008067930281706872,0.0019137603093272806,0.006580196421800545,0.003480732833599467,0.009126763601420057,0.01421195357521045,0.0008160560282338173,0.003907633327614324,0.006756779440150544,0.00976945005155003,0.0011710467149258583,0.0013432561366836437,0.0017925200486747835,0.0016777380469702645,0.000845713397780245,0.0005964872831151106,0.0020499220897100927,0.003697895892378215,0.001421028481091357,0.0005367132381118998,0.0009810702592113188,0.0018745362567306437,0.0015967875700704944,0.0,6.735150482753954e-05,0.00032682282527032164,5.728443427792632e-05,9.27816771660592e-05,9.513786083740867e-05,0.00013889951630945068,0.00024787521249124074,0.0002574953844646055,6.899909134951974e-05,2.5955246161392097e-05,8.688657878330223e-05,8.82355115906999e-05,1.9856031962397048e-05,5.9224298676446884e-05,4.9988867623533744e-05,0.00014400933063267422,0.00011987942209848039,4.844738614024853e-05,6.005939561847435e-05,0.00020265148665727322,0.00016526399366017088,0.0002474321671190122,0.0009029068134534246,0.011198378066092142,0.00044029274805522384,0.0007180097670767526,0.0003330754020560691,4.5343860833821105e-05,0.0002728623229329538,0.0001426775083354828,0.0006647809969788487,0.0013774118060898134,6.856134603000292e-05,0.00010024802903165324,0.0005776756625221322,0.0003798061055266446,3.283049249351804e-05,3.9685674297686715e-05,5.814142445399832e-05,5.191173011272627e-05,2.6538664599078294e-05,2.0742113284768633e-05,0.0001771325854694811,0.00023052087906397632,0.00010129775720428478,2.8744244363137582e-05,6.510418329165634e-05,8.707758244811965e-05,0.00018531925684307673,0.0
EU,C301,5.384296525904529e-06,1.2761619193796773e-05,0.005152893612053238,4.672772993544653e-05,3.0715562833982355e-05,0.00030168338002939474,6.10400033912046e-05,7.852783670891513e-07,4.017937800536182e-06,1.851321745134318e-05,1.56267639704396e-05,5.416863968132224e-06,1.0127428582145808e-05,2.5085455819684723e-06,1.09305264520651e-06,2.302369206967626e-05,6.762888756544131e-06,7.983266021830926e-06,1.058350452547086e-05,6.74599919952449e-05,8.115563395081045e-06,7.0029379024457316e-06,1.5590314750736496e-05,9.441225005299955e-05,0.13861543325028133,0.010127864213927891,0.0010455380468681608,2.3380107582787476e-05,2.8007860215119356e-06,1.242801231213545e-05,6.243234056040129e-05,0.0003851487190775809,0.00386968742569161,0.003704440027988416,0.00035896548836070045,1.4641181959235382e-06,1.2988748567055544e-05,7.052163706147124e-07,3.485322728626049e-07,6.347466096399534e-05,2.4563176144390424e-06,3.5855186534626424e-07,8.61341446676844e-06,7.567207244370139e-05,0.0005902481684020868,1.495782227624306e-05,7.0998879107476065e-06,0.0001290568679606559,8.59494276202481e-05,0.0,3.612046744395668e-06,5.9795628148801785e-06,0.00039292899901054103,3.513111205304671e-06,3.483499921559496e-05,1.0335241767397587e-05,8.132922578003061e-05,6.830602063752569e-07,2.913439071258343e-06,7.391952949605865e-07,2.871402011405132e-06,7.418511080120889e-07,6.636818837685078e-07,3.202755977705475e-07,1.8630642669349108e-07,1.6785865866149971e-06,3.2822450069184076e-07,3.78380505544518e-07,7.96206658738157e-07,1.9035394705620694e-06,4.342587151607234e-06,1.956950476312341e-06,1.041795593088944e-05,2.7109047137590937e-05,0.0029801087070571142,0.000354134033090058,5.3124676489653623e-05,2.1556335303248965e-06,3.635283485022807e-06,2.4165495246085412e-06,1.8802529164169687e-05,6.781788362736097e-05,0.0007127213059653812,0.0005072578629709037,7.989961604089297e-05,1.1498542280157806e-05,3.3543869871538673e-06,1.878747862912917e-06,2.6948476182105864e-07,2.2784116341088362e-06,1.946181505552177e-07,4.49733303207817e-07,3.086085329066029e-06,1.0117304621107295e-05,9.040760653203524e-05,3.7930501310933077e-06,1.600463122391952e-06,2.1033721879541048e-05,1.8024215321179796e-05,0.0
EU,C302T309,6.481072104574038e-05,0.00014519667593886954,0.0030106765207725005,0.000744211573298009,7.762995111791779e-06,0.0003037825559120267,7.116713940634093e-05,3.493950871651456e-05,2.111573370567827e-05,9.584493048313089e-05,2.3493470042483814e-05,2.8290001084016315e-05,2.442886934105231e-05,8.594990831464777e-06,1.8638179598019306e-06,0.00021059754801212662,5.5619484431873925e-05,4.93856883914912e-05,5.5768007270276685e-05,0.0003391972303438051,0.00015803925106111364,0.0004404858663926452,0.00026318819080427546,0.0014178732995593821,0.024894021531512878,0.2467572123295139,0.010030992358587048,6.636744609674941e-05,2.6141185903215655e-05,7.357657113126373e-05,0.00048657243935084407,0.0026677873297230687,0.002063024577727854,0.025337981540158847,0.0005606015678116683,3.5456087135259234e-05,8.408538981773897e-05,3.563167765731147e-06,1.6053339351613406e-05,0.0003242073273015855,1.7988648871667417e-05,1.3505564685005277e-06,0.0004040560713025439,0.0006443589757983513,0.0053937045951354635,5.854538380321713e-05,0.00010094766960919174,0.00043425846443827595,0.00021221982026588333,0.0,1.353406449384197e-05,6.892256776333045e-05,6.135597420550041e-05,5.1730870633486937e-05,1.462781060192788e-05,2.4022550709267683e-05,4.215730198693164e-05,1.929624583003907e-05,6.343443307576373e-06,2.3590165502402083e-06,1.0663983565553687e-05,2.8811627680359384e-06,2.8096674277290663e-06,4.598902800745632e-06,1.9369154631016998e-06,1.2075228634765226e-05,3.77920104595589e-06,2.9358571072048884e-06,4.247629338266873e-06,1.559447399166921e-05,7.083623223796254e-05,1.610620894139449e-05,6.595349609154078e-05,0.00016218182153255743,0.001234650521229199,0.011035380372591157,0.0007876136688094166,6.2127290202295456e-06,1.9353881204796133e-05,7.998209922755216e-06,8.51951933240855e-05,0.0004995905921952549,0.0009455278392292928,0.0029181416753751763,0.00023584981729573833,0.0004051121429763004,1.165355125009005e-05,1.2038824251265168e-05,1.8192585324340932e-06,1.0178300949187964e-05,2.446247425810946e-06,4.31468331527645e-06,1.7264706785315363e-05,3.363762015608818e-05,0.0005448174131252052,2.7778609657185913e-06,1.8407564654281935e-05,6.459663931372468e-05,0.00011578329856829786,0.0
EU,C31T33,0.01778928877028228,0.003602587050922872,0.016155799084448537,0.020653889881367214,0.0067524822930635844,0.013254908970510074,0.022560604763332163,0.007624160093689518,0.005013818850803546,0.007462038960989455,0.012395869477504453,0.008928819970598464,0.00508686737519151,0.00720159052269261,0.003832505492705838,0.007015550127541545,0.008948603651256371,0.015513053960589294,0.008708882819924671,0.010494740543229896,0.01035191156410849,0.00981396965752091,0.013323461870495903,0.009114268181359145,0.023259785208971265,0.015340243022503261,0.05261957139942828,0.01036328693008702,0.007153042983744865,0.006129296809144139,0.003481140772967331,0.009079985902492423,0.010143457045900061,0.059274376362486614,0.004469689801476647,0.002385401538120211,0.003094773133278728,0.002707673728741753,0.0076222759643877576,0.002193365810064694,0.0008923403552426915,0.0011291899938089289,0.002717169615556399,0.004756759165163826,0.004464943858646327,0.0014674309844311582,0.015504045415317169,0.006571461912342632,0.0033527536425799467,0.0,0.00010992389361993296,0.00017243937724595752,0.00023316247991634413,0.00017310806254459374,0.0002811855217232266,0.00019651256519937749,0.0004549085404895738,0.0005815193023630318,0.00014590440619008784,0.00026538910760068877,0.00033687662000921677,0.00023782827554316615,0.00014085694490370554,0.00024014189192444536,0.00039124045888592617,0.000289234837887667,0.00025522495723897187,0.00019534839788334511,0.0001338519570865139,0.00031785489362355526,0.00039687473499462204,0.0003365199131524727,0.0004583846410735354,0.00029815311301401547,0.0009092683397225264,0.0003877768922330561,0.0018243818192250284,0.00029213136467968554,0.0003774800932856286,0.0003288698767034153,0.0001901544896157317,0.00019444323775438745,0.0008282863408861571,0.001010680517159278,0.0003020918191773674,0.000212579575821472,0.00013908592441488812,0.0001875500439060888,0.00014439441435483376,0.00011322755735215514,9.939731959528266e-05,6.172687055801324e-05,0.0002081443599055947,0.0002696791992142673,0.00022224050904624611,0.0002691111015945422,0.0005417371176900574,0.0005103108037223628,0.0003360435739135452,0.0
EU,D,0.01812668871498975,0.004076147500740793,0.013331014732203134,0.049152051644460105,0.055553725888064974,0.026872415588480105,0.031871228187809346,0.033431645164848534,0.013970208331208808,0.012502726811993947,0.01796472768541641,0.02820499185473281,0.01810277635889136,0.024938002179420885,0.005891325535055766,0.020977234531137864,0.034317232027124764,0.04304410068380618,0.03355997448828802,0.012536133880505278,0.006990173661632894,0.01048891832559027,0.005632881596291028,0.007176310384689374,0.005482732007410629,0.0036896273496982,0.007198106414663046,0.28493791161655463,0.02621012644559937,0.005031960219008835,0.010966881930209343,0.016901761854834486,0.001351372794500195,0.002693102557709244,0.009785147199165473,0.008434164575516517,0.024542425552585977,0.005661780134927497,0.015328806463235948,0.0037505322488131233,0.0028690096423835813,0.007782285062449048,0.005431819181308002,0.005077878325672884,0.010544805293700882,0.009102260523397998,0.011408095292751485,0.018599364681731078,0.016713104997526308,0.0,5.605482297529219e-06,5.863737989339756e-06,6.91417979758014e-06,7.900039147541697e-06,1.176797266768325e-05,9.175273331670661e-06,1.678071653148052e-05,2.7843928412578903e-05,1.0218564540713686e-05,4.91396249802263e-06,1.5061883563130843e-05,1.745262658034877e-05,3.5551051911894256e-05,1.9309662406696268e-05,3.206101020082379e-05,1.5223538890147314e-05,1.0813668189776602e-05,7.490484933519355e-06,7.040209847740493e-06,1.258636811052444e-05,2.1351139222927687e-05,3.082047851297365e-05,2.048701160027325e-05,1.624568373351011e-05,2.6261328744026696e-05,2.1166034348256444e-05,1.7650131128852794e-05,0.00019922042982212142,1.967833204838052e-05,1.995820357870876e-05,1.4570016610699559e-05,1.3842092593106916e-05,1.7560810323153004e-05,2.2901271211819546e-05,1.957534180401175e-05,9.1819256119089e-06,1.2689320327793069e-05,1.2167896875978413e-05,1.702486778946202e-05,1.9201217490636494e-05,9.819624796309354e-06,6.39639000130065e-06,2.063915570165179e-05,1.482208115045896e-05,1.1356578802999183e-05,8.842059186315589e-06,1.917633780960693e-05,2.419952569437929e-05,1.117679098283256e-05,0.0
EU,E,0.007689326232569389,0.0015723416301570677,0.004958142808010285,0.03348107937346367,0.012211251612118756,0.017396449403023,0.015013472142760305,0.004002994126569619,0.007276048052996813,0.008722582829569498,0.0074762972785228565,0.02651957413238762,0.005601449951403966,0.010642906404200413,0.0031476050790039674,0.021406687142965723,0.013766403482829119,0.05346012428336367,0.058431283989033175,0.014264008245530016,0.002092963806917045,0.003577756630409377,0.003121491695408156,0.0025000044872568626,0.0029615493594458957,0.0020308722560915485,0.0035624638569600017,0.006969283482549697,0.17543763223443365,0.004393870483558858,0.004100168342442665,0.003328560111667723,0.0011302270902579209,0.002162331163828344,0.002834049485473387,0.0029031691393166664,0.009832240633973468,0.0026232635633975463,0.002625498468071247,0.0016434932092434201,0.0012115969235477221,0.005825889063174742,0.002722000491633068,0.004182261910136808,0.013151770445985263,0.0029282667228438123,0.005432758080991994,0.007618398573894806,0.006649166335671035,0.0,7.0672973088278045e-06,2.355293579510227e-06,5.925162553107043e-06,2.9840381662694174e-06,4.796949473034433e-06,4.92276373335566e-06,7.207552370792325e-06,1.1847363579483447e-05,1.1274147584985566e-05,5.682813240933896e-06,7.680534216547946e-06,7.223171354803148e-06,3.5530302551955815e-06,1.719146641601532e-05,1.0724328626042875e-05,1.6730667824937512e-05,6.849015483267491e-06,3.2448344865119643e-06,3.500817188767275e-06,5.210492489957471e-06,5.281475010359886e-06,9.14212536012457e-06,7.92094834857391e-06,6.858104060101972e-06,7.955079927362996e-06,8.060508335281369e-06,7.559218142753899e-06,5.527154120348248e-06,6.9430090465595e-06,1.0197793550901816e-05,5.105544323481144e-06,3.854218867987984e-06,4.420036551853811e-06,6.468437191126784e-06,7.533621332674165e-06,2.8669717911307396e-06,9.76993938156841e-06,4.076308724347235e-06,5.467131670288865e-06,5.459424359398059e-06,3.972629102651902e-06,2.3658074003954725e-06,7.67713010266538e-06,9.751538467313876e-06,4.349369672403424e-06,3.4658731380382244e-06,5.163745249487825e-06,8.783814365464399e-06,6.012139646873365e-06,0.0
EU,F,0.010130741402567523,0.008666196233827559,0.006146215961467203,0.011601650089762891,0.005650368671017099,0.015185705502798741,0.014717637696711285,0.015666819770848023,0.004540689838895744,0.006454743536868963,0.0073437904309277885,0.007237286421040009,0.006172202412563269,0.006745559768665743,0.0045522232184113335,0.006600771006919387,0.011857180204171267,0.008560621456584958,0.0062400521437626704,0.006940896599280779,0.0039468510259477434,0.006768008322346408,0.0054964604479772125,0.004452521929839045,0.006893433276831496,0.004323907077149308,0.008093755652253322,0.026951848862069257,0.02861105316967816,0.1738476322561393,0.008048616528318297,0.01176185378594632,0.0023084979754733263,0.008633060253260393,0.024680988553960132,0.009057810412801905,0.012142411660821245,0.005288292872808981,0.01233871781203543,0.0038468724426611,0.00479681541168077,0.055008768325164145,0.01056178203098946,0.007874421598948975,0.02402218781525715,0.011727263184844138,0.010382150316236549,0.016952873964266337,0.011183864172119211,0.0,1.1266480855601346e-05,1.9902329863460287e-05,3.368536806406491e-05,1.7832668005897205e-05,4.1436270737960704e-05,2.382342589196505e-05,5.665799470240397e-05,0.00013379151375620933,1.7922289327856028e-05,1.673627505367442e-05,4.260201043107563e-05,2.4854486264503692e-05,1.839018322494306e-05,2.3970007165565957e-05,2.8343113997262594e-05,2.645650876907348e-05,5.013678841650686e-05,2.3458018333344017e-05,2.2417048875577917e-05,3.9691843825751525e-05,3.0212885850873577e-05,3.6707122177806554e-05,4.5260996742258294e-05,3.508771757406123e-05,9.452948307577853e-05,3.5738049872566826e-05,5.269683704356764e-05,2.7168631431666365e-05,3.637315037266244e-05,6.166615538198738e-05,2.2046136611340582e-05,2.5093675647578462e-05,8.62612443837788e-05,9.059459507634637e-05,3.260182535143e-05,1.2547522018287673e-05,1.4963599655164322e-05,1.624651950732331e-05,2.465509367444199e-05,2.0672609695652104e-05,1.1386949814024805e-05,8.083704601106848e-06,3.172490205792606e-05,3.3035022170781275e-05,1.8814538522554295e-05,7.865077301414029e-06,1.6012961859327367e-05,3.078235041490806e-05,2.0274589275579378e-05,0.0
EU,G,0.09740515968521934,0.06992874454383101,0.07731692514548325,0.029505701366176872,0.01791481552478293,0.030244226391666143,0.047271793795495454,0.02039801436018111,0.14332909765129515,0.14305643476214688,0.10042799469709918,0.08548717686988369,0.04087437540345128,0.09213426696690555,0.06912856916034492,0.09134434927485476,0.07973226009330033,0.09450963828038163,0.0667199858719965,0.08270425756912136,0.08846465769252916,0.0823445029579968,0.09251794740325588,0.10188056739255266,0.10162336919314963,0.11329643003915288,0.07999726489097232,0.020950521254677827,0.035574720882649916,0.0574348162769826,0.05058415189768573,0.05452725150035305,0.03064030527035433,0.051040843126504955,0.026146530505883885,0.05428884586239882,0.08249521140701731,0.04413233622369217,0.02524817636159016,0.019226653512516637,0.009483352244373886,0.005050083855254612,0.019766360026638938,0.026644419635009953,0.017646911008184104,0.011109366795556387,0.03773461954484134,0.02865817911873073,0.025293605342564432,0.0,0.0011505870819284306,0.0005757807832269708,0.0009552116496541732,0.0005884561527858299,0.000786277639446502,0.0009637934534678197,0.0011247767510475797,0.0013642734988591665,0.0018682672470155066,0.001719470524338143,0.0017799833331752354,0.002013118191708239,0.0005428428838654075,0.002425493812176918,0.0065468461982670255,0.0027043872540949724,0.0010665179901762007,0.0008970380283029705,0.0009491086305251745,0.0016919632987557353,0.0019731965993377513,0.002139763621654019,0.002664837966175601,0.0031020900549060984,0.002426531439687236,0.0038317653018792837,0.0024267241565784246,0.0004411534239272153,0.0009612033703250953,0.0015129439593187652,0.0007375487851539169,0.000753124462673171,0.0011191455845125484,0.001590596874819429,0.0008269934116990208,0.0006517040485808151,0.0016208775188810089,0.000813528266980231,0.0005354329280531878,0.0005412203503733512,0.00019921084961287995,0.00014756191578458658,0.0007274819201877714,0.0005282313267812009,0.0006809009139635421,0.0004456977916091806,0.0021483825526787195,0.0009659123809333425,0.0008162791459720428,0.0
EU,H49,0.010001698973850044,0.03143779769676942,0.011096286485739553,0.03542226278993337,0.018940089459727374,0.03396450675250812,0.04380619097555426,0.013767295944286799,0.022051162727429234,0.015304251869696027,0.03201291415644755,0.025198609687716624,0.029372440743228107,0.016620895589974767,0.005962697529362003,0.01829051319698204,0.03465995951046915,0.029676668889095467,0.01947769765488206,0.016277438709554386,0.010883217255869899,0.016528943435506583,0.014448739350265763,0.01439622817610512,0.012231177122977725,0.01618636689809542,0.015194897010636092,0.015252840413688176,0.012473098233388352,0.012020681378066996,0.030166051489924874,0.096611038412468,0.01520746697816063,0.014647779194668123,0.08279828580248454,0.042392055158471005,0.006535123011491573,0.007575672537432443,0.003352111694162624,0.005486807896448289,0.001719125160797776,0.0008384353299854375,0.003666011657490167,0.0063380822110503795,0.007445750395920629,0.0061025815543594335,0.0058891747443589795,0.004993862641284748,0.00787415197877695,0.0,0.00013703814467932177,0.00023017989351469366,0.00018323451531739818,0.00030128722789740024,0.00022165384970039816,0.0002630764073769358,0.0004970511631437746,0.0004569946114066386,0.00025402333829434174,0.00020791109834978152,0.00042904034281558587,0.0003171819168167548,0.000223939210421948,0.00024672980254767377,0.0002582327761532622,0.0002930266535123979,0.0003275307006377968,0.00023471565289715366,0.0002127464042920231,0.000296397810062791,0.00022378608674287605,0.00031087150887492473,0.0003136774387824356,0.0003110231554654089,0.00027872927605877737,0.00047555429585104933,0.00035832015873011046,0.0001193984945556241,0.00023474932731839632,0.0002647170349602359,0.00037516655391768875,0.0007322262807585577,0.00040809004289024843,0.0003157462313626279,0.0006688053353326673,0.00047308147963838877,0.00014809411705616726,0.00016339979657150686,9.175869048902116e-05,7.89906414965104e-05,4.281093045193181e-05,2.543962272742324e-05,0.00011601199209633747,0.00012589563085572213,0.00016637161855262195,0.00014889586765405805,0.00015322177365543243,0.00015286132499395561,0.0001331124381735299,0.0
EU,H50,0.0008920084734506277,0.001991493561228204,0.008976630035733285,0.0009576130173792391,0.010687895532098932,0.0016900401419679008,0.011854698865116796,0.0209119629155841,0.0034085673174521053,0.0014427887880176106,0.002453634885422513,0.0017384065833006314,0.006949500781746137,0.002029086947446247,0.001436534351420609,0.0013211147735733226,0.004083625720924614,0.0024910495098239803,0.00178312329061915,0.001533770507054034,0.0015732008065372429,0.00159572083076193,0.003559217299632359,0.0009006891221255588,0.001753435034519735,0.0012000659993391615,0.0013621418988797704,0.00145353635243251,0.0012817453325625933,0.0010457052533607229,0.0066911642248763436,0.012756364814121651,0.2669497295037657,0.0037422827603807766,0.015078016631556312,0.0078521604640924,0.0010250165537625672,0.0009663850040464174,0.0034455886211087567,0.0008323522953163011,0.0002229603164772012,0.00018630261607543254,0.0009655114287680729,0.003328672129896552,0.0006085979535271443,0.0009578446404526573,0.0008675999127096825,0.000899225434565936,0.0010615308505303447,0.0,2.4637825925915226e-05,6.58728916111427e-05,0.00014476575840696357,7.792863225239215e-05,0.000151946403877622,6.353634845528909e-05,0.00019388587071883496,8.752655311135591e-05,4.592072204966246e-05,2.706830354159897e-05,6.22934480825651e-05,6.020092287397878e-05,9.84221652746949e-05,5.857953375809984e-05,4.207192348380956e-05,4.589653099784633e-05,8.045360064652934e-05,6.295940823536145e-05,3.6325035473097714e-05,4.908468590516875e-05,3.24561246038067e-05,5.30644861597081e-05,7.046159316733823e-05,4.314686293784147e-05,5.198387042991176e-05,4.374945442511398e-05,4.242187113407206e-05,1.8208327674275306e-05,2.982605500742709e-05,3.33493309733703e-05,0.00017306524269672678,0.0001224785143814247,0.004090753128709614,0.00010695615514082056,0.0006073160099973986,0.00013700800997503286,1.8101314528296063e-05,2.654897348562535e-05,4.790120257018079e-05,1.812441480908143e-05,5.560472667380677e-06,2.6184927900900865e-06,2.6207977905243265e-05,3.028724852930541e-05,3.635334188816173e-05,1.0409298830286066e-05,1.4471990533691701e-05,4.150844181286394e-05,2.9127386643258352e-05,0.0
EU,H51,0.0006282774235386903,0.0008247477814532505,0.001546760906032848,0.0003381346048074159,0.0007252624202581953,0.0007012774121359719,0.0010373300736853438,0.0008381286769180417,0.001193536601083825,0.0009002395461524415,0.001278382536303189,0.0009914095478530656,0.0017928137355747412,0.0010360241621626518,0.0007392950104917543,0.0012142462696087325,0.0013066036767157756,0.0009043296073100619,0.0010534627466952545,0.0009987113048545446,0.0029362082357064635,0.0016480306070043157,0.001604600289938246,0.0011359297066685147,0.0015496491088483845,0.001367985103846442,0.0013861913392381714,0.00045207525217339813,0.00042746686831863357,0.000709769574521022,0.0007555932896868969,0.0009355024850891028,0.001594400536031453,0.04145005803400712,0.002177780581192581,0.00580663169804798,0.0006289967679838465,0.0006428069119282624,0.0003982683995644803,0.0005943724507018566,0.0012338373848870695,7.509607202030433e-05,0.0009622556853447955,0.0031965296930172747,0.0008824401834447369,0.0004080747032551237,0.0005116437581926778,0.0010459645529502554,0.0013234183676828365,0.0,1.801124434765624e-05,4.250346311909713e-05,2.8601412330550105e-05,2.6827645515169718e-05,0.00012331662161537132,3.8849384605621636e-05,0.00011315700476726655,0.0001627219424970562,3.008853772322754e-05,3.177096119215245e-05,3.8451051342453335e-05,3.67282668416886e-05,2.117501945143433e-05,2.726428912235895e-05,5.4908364350007816e-05,3.700513077196621e-05,3.114369312116273e-05,1.546664874975389e-05,1.1338129063993451e-05,3.371198105837724e-05,4.149439080108374e-05,4.286071311904239e-05,4.938740129907065e-05,3.3016180177689436e-05,2.6923209474627653e-05,3.947612933297073e-05,4.6271442609889445e-05,2.7544903139408287e-05,5.86613100354221e-05,3.362428980418958e-05,0.00012482646918157315,4.698886604403343e-05,0.0001551517928531258,0.002657855514456865,0.00035133740669686495,0.0005723884872443797,4.271739521601093e-05,8.705576142501005e-05,9.537944096848393e-05,0.00013843448927726822,0.00012302482828034734,4.1246105281701425e-05,0.00016683831800229135,0.00036983147218243306,0.00017133322032942305,8.650286750720624e-05,4.1189016154221164e-05,0.00011129163071558317,0.00015889669633033186,0.0
EU,H52,0.00442065138903065,0.007916060852565245,0.013710739134554732,0.014449964581002709,0.02487468340761958,0.007195904953132717,0.031053884035249033,0.006506450803611927,0.0189871442276534,0.010858542848808342,0.018002986314447484,0.015837021787403552,0.014934930237341373,0.01193785978054395,0.004516264022348772,0.010654566743783922,0.022693977462090596,0.0158213888933824,0.010119161389663577,0.009393571974062898,0.00780558559941346,0.01066987728135703,0.00980198716308736,0.010823500200279742,0.007425424404025628,0.008959346642966099,0.010307136908342632,0.009350992154347017,0.007701104448327578,0.007463752990089141,0.031524059690311516,0.0753401955130903,0.17161538176729457,0.11333121690283925,0.16822581963529717,0.08139994185901749,0.004798214864298686,0.006649023774730855,0.004194515340400304,0.002607004698730698,0.001218064286561721,0.001087315316105623,0.0031823874542716833,0.005134102476728599,0.0028164523296836646,0.0011214471207688188,0.0025597974430740036,0.0034591971541985123,0.003308991450724581,0.0,4.91185538505388e-05,7.326614031623751e-05,8.648051248772683e-05,0.00010719468636714891,6.54803294824927e-05,0.00012523065960065065,0.00017673443883534093,0.0001427079231168205,0.000112880553697535,9.326865295525561e-05,0.00019735282261854926,0.00013803009742915492,6.874603101045128e-05,0.00013130891202119,0.00013417571453004648,0.00016340534270160362,0.00011866197048824716,0.00012470745544938214,0.000102641790197725,0.00014545674591706487,0.0001221595871756942,0.0001632460971485824,0.00016482441392712187,0.0001681942041591165,0.00015250216336019484,0.00020334150029031767,0.00015944576224352302,4.490296869003425e-05,0.00010186035644296349,0.00012445793254205865,0.0002503728172250748,0.00039020687038411427,0.003431467139692472,0.002073949303999517,0.0012623515719253887,0.0002714819435552821,7.266835491482241e-05,8.606902470969523e-05,7.27431688726261e-05,5.371230984060561e-05,4.091291127996966e-05,1.2150703381842797e-05,6.016710113860586e-05,9.811606190595014e-05,5.8001985901604655e-05,3.6032353394342926e-05,6.189649620999969e-05,6.576664338720454e-05,7.110465396500747e-05,0.0
EU,H53,0.0003911554082960414,0.001020775108562047,0.0005093958981901027,0.0008809626574352131,0.0013274721641163944,0.0008759288455709455,0.0015809643665365826,0.0006021363917508937,0.000965483928345003,0.0018376871705940922,0.0007874466129942613,0.002374020365220567,0.00193510209862905,0.003852441604341302,0.003115960266848081,0.0017229702443422065,0.0011207949491798604,0.0007594049278122215,0.0005752697567664908,0.001613246350357993,0.00500120793416931,0.005289622971395445,0.003950431602944392,0.0018089028266725816,0.0006923775675472274,0.0004655922760235476,0.0028442549973087183,0.0021429135445937683,0.005092768675604632,0.0008104770642166968,0.011240412149412146,0.005865013906045777,0.0011777504267896147,0.0035986149774141054,0.005643637162134963,0.09931774959239371,0.002560205772586321,0.005045102438579456,0.011447275389323795,0.0018583025545040157,0.003935351899488562,0.0004775882280336126,0.004998820737872067,0.0033831018589003453,0.006502093231764222,0.0011561564576675189,0.0018058842182792332,0.004378863534883766,0.004417428602210598,0.0,2.7059979811824426e-06,3.1145267268790997e-06,4.874129609134385e-06,3.5149508194876866e-06,7.231974374857793e-06,4.983828677328466e-06,7.514076742390107e-06,1.2190397016458619e-05,1.2523302554898775e-05,9.982422837677493e-06,1.6603164406437578e-05,1.5414480005250234e-05,3.471138314127085e-06,1.2226525027955385e-05,1.044890522561998e-05,9.683111324931204e-06,9.547756564331554e-06,5.810843478005098e-06,4.4607271001782386e-06,1.0333032494988416e-05,9.845661220836058e-06,7.83359239174452e-06,9.909929387845532e-06,8.507037029279728e-06,1.2504702778621841e-05,6.929969337491352e-06,1.861990053998103e-05,9.219139321778065e-06,3.7169877361309624e-05,8.613488077267347e-06,8.60866086490289e-05,4.9942521510178226e-05,0.0002443070558811788,0.0001377686493990218,0.00012629931587523931,0.0014423449844907495,2.8787018882640755e-05,5.889941798154114e-05,0.00014161566067781795,3.673747271958447e-05,7.078950953495419e-05,1.1567203128446317e-05,3.47075442188111e-05,3.870227862920725e-05,3.2326892721657335e-05,1.6015214138879953e-05,2.2322017849127203e-05,4.3961117018751346e-05,4.187061829968387e-05,0.0
EU,I,0.0008627804792706055,0.0005890829655990617,0.000740889510971239,0.0012592051378777366,0.004965412889319719,0.0005556009670203565,0.0009880495315226635,0.0015968151519052153,0.0013906997878787223,0.0023376114505158667,0.0008671913815747337,0.0012302275212095898,0.0032628121515776635,0.0010811491070181055,0.00152286160869994,0.0011004510363987574,0.0008750819442965511,0.0015650250174819584,0.0016360644315689358,0.0012297796724566046,0.0013140584255193388,0.0013217991674425887,0.0019658420244520114,0.0006799843017357974,0.0018249878695123169,0.001245722419310187,0.00215995652242161,0.000731862287271718,0.002150552564471684,0.0025471089473690584,0.0024080704267746486,0.009090052765909268,0.001244922314862406,0.013503823580309915,0.005336627973028639,0.0012881372954720062,0.0059641658608076955,0.003541136105476998,0.0017780176779374087,0.0024908159380268497,0.0023888019458560093,0.0005883001028707156,0.003157115049171004,0.009041875388973402,0.0029246493486721516,0.0032046200260175176,0.005199595428269873,0.005841929848061546,0.009965643470289932,0.0,9.805231759293003e-07,4.2903327797979954e-07,9.585800913444761e-07,4.289980274792111e-07,6.737224915022568e-07,4.7657206274429833e-07,6.528571031433279e-07,1.2499537109860144e-06,2.701097151775236e-06,4.6443248367085437e-07,9.19224934558526e-07,8.013091587018877e-07,2.2896578538621404e-07,6.571121061040393e-07,1.1649946269774028e-06,8.607928966613166e-07,4.904380252955446e-07,3.890579095810476e-07,3.3673326313234964e-07,8.550068984013655e-07,1.001587651983395e-06,9.76779035041428e-07,1.173814648230404e-06,8.770571058754981e-07,8.890995423865195e-07,9.885556260130523e-07,1.113562806571392e-06,4.6559522735205816e-07,7.750969324082157e-07,8.970727646896398e-07,1.067018946129066e-06,6.205540625636286e-07,1.0327080522225008e-06,1.4500435165931102e-06,1.0799309718611676e-06,5.551449846997791e-07,4.864868826420371e-06,2.334081374296284e-06,1.230024999661917e-06,1.671647629740186e-06,9.019588969094064e-07,3.3498619311951123e-07,1.2858716881714516e-06,1.2642819759527893e-06,6.646228769627202e-07,5.288449865090512e-07,8.666179844728923e-07,3.7478779134563496e-06,1.1008460623378797e-06,0.0
EU,J58T60,0.0007374663119837547,0.0008204349904791697,0.0008465250860935154,0.0008583040957360662,0.013549213023514165,0.0007302015113430241,0.0027332963712934527,0.0008853099223708227,0.002854430250922449,0.0015954577388229336,0.001307223850947985,0.005409227986924307,0.00379711732587181,0.0025883874361259575,0.0035438720014144215,0.0013864505103814595,0.0014019286445012458,0.0012325257434063614,0.0012534103206762503,0.0013842217950060334,0.003397718623378012,0.002701320848484876,0.001525216006903311,0.0015848398195767047,0.001329722353245987,0.001669760105779691,0.0021638351935657366,0.0015297937866054032,0.002588136652650104,0.0009160655172317379,0.004929574943774551,0.0014395849499821867,0.0010323324914720128,0.0033412523998669974,0.001659233040049724,0.00277195108342382,0.0039395777024241385,0.10792108570526615,0.013991263014695728,0.011683330232672729,0.006029124789344599,0.0006602192939563551,0.015411438843669745,0.006295442693833611,0.005494133016465092,0.0071940599727701535,0.0030857249890663637,0.01783409277467026,0.009417542792330237,0.0,2.022127443138907e-05,4.739585843947934e-05,2.1267580284209117e-05,5.2569550739523706e-05,6.943530292528357e-05,5.002718984996575e-05,4.976716759544605e-05,6.0535424956436396e-05,4.571051848390816e-05,3.011471616109171e-05,4.3298484586536084e-05,0.00010787771819625279,1.5800297439676633e-05,5.12509225275236e-05,0.00010607085855851247,6.238113282953998e-05,4.344477204684954e-05,2.4971921691380538e-05,2.286010717747906e-05,6.0217597667766e-05,6.419519780703095e-05,6.25579595236347e-05,5.396252559318818e-05,3.2734227470583584e-05,3.715370620633708e-05,7.392005693154204e-05,8.296806790879765e-05,5.515928370134373e-05,0.00017306219947098287,4.7349722583702634e-05,0.00024703084149038315,6.108541301716363e-05,0.00027776488739903956,0.0001902227453921665,0.0001126719267129186,0.00010604418774602088,0.00016114825834879064,0.004313490265613299,0.0008032836119140626,0.0009041560695871001,0.00021159443561417785,3.7589034419190685e-05,0.0007248866142896106,0.00020254950925786404,0.0003898322117349572,0.0006717998392815628,0.00011954784689283985,0.0006711030932656588,0.0003153078337359635,0.0
EU,J61,0.0010185192413077317,0.0014632436472635467,0.00313352832862551,0.0017711442394833146,0.0020304548518787686,0.0020011189243568333,0.004949302442759282,0.001626483614048118,0.002475582077350395,0.0034709550351913116,0.002055425339304918,0.0031291058664782885,0.0014211797319704834,0.0024080524963360716,0.0023437480003616396,0.003024416722233332,0.00402587661599576,0.0023526784628287796,0.0022331763316086103,0.002710557991595814,0.003736333837949122,0.002792543229459106,0.00256020492477098,0.00185252943021976,0.001915778902475611,0.0018489754674750629,0.0027974680960519693,0.0033429416026246493,0.005061375396268156,0.002287494203165081,0.005609335678666826,0.003342565938512878,0.0015274137631306258,0.0068384809575247636,0.003826188450050538,0.025993501661075977,0.007957236320997695,0.015257296607177001,0.17589854389632825,0.008870069700713407,0.010818225784453272,0.0014458738944797738,0.006987932527548351,0.008171631641021864,0.007238880766754707,0.002307688387810605,0.004197168369933525,0.010879332828581017,0.0076630921943345275,0.0,1.7635439066468384e-05,2.930622957426901e-05,1.4144905987697926e-05,9.35094285368601e-06,2.0594270919887313e-05,1.0366570738653206e-05,1.9775051606301385e-05,2.9008875431214893e-05,1.6294408153084684e-05,1.4185515297093482e-05,2.2473638559047642e-05,2.609038114905321e-05,6.542256180916474e-06,1.747434114081827e-05,2.4008192648238634e-05,1.9383139265667446e-05,1.700612131489968e-05,6.099371721902926e-06,5.9880769553342755e-06,2.4719733096052388e-05,7.331288725942695e-05,2.8936991178458434e-05,2.6366612676763508e-05,2.013455343739655e-05,2.4143310406103662e-05,2.8580273543035768e-05,4.271326094225691e-05,3.52892555061541e-05,4.817025474723448e-05,4.006761614381539e-05,8.218734276744758e-05,5.177600686616965e-05,0.0001383417286928971,6.890516721412314e-05,8.50608201810715e-05,0.00010805377427173953,5.223512797399581e-05,0.0001028310393103411,0.0012010181376564172,0.00023507350917547867,0.0001677293715060903,3.428049472003915e-05,0.0001158276094808844,8.595489370077988e-05,0.00012486783563654685,4.603008697731146e-05,6.731879441366611e-05,0.00016454555486289637,0.00011952556499927465,0.0
EU,J62_63,0.0012392345918262777,0.0021227992546767856,0.0016749501635643011,0.005813564932268172,0.009250487804745681,0.0020878212494485687,0.007028951961536929,0.004671631763051267,0.004461438644241274,0.006987832400090436,0.0035750263986855696,0.008914072938888453,0.006336901449443471,0.008480927543047407,0.008945750767389586,0.007974770824191775,0.006096158061754938,0.0062035053366888806,0.005199125177029852,0.006930110805763135,0.013286794110847372,0.010914268901629805,0.009543672882587936,0.00844538489832079,0.009328934186619774,0.01020495796346484,0.008290566780425038,0.00979042069862711,0.013398472977752495,0.004449287042084528,0.017079170889448263,0.009040124720885298,0.0053187497683256915,0.022924537845812464,0.01313960755193251,0.02521807010953812,0.005304709762026823,0.0438719005480618,0.03339826902863667,0.17681813683942102,0.027422037119964427,0.0028304126623447,0.03140659515427609,0.01622806894316721,0.015190376585930193,0.00994970048365718,0.009016561037860908,0.024823696400921847,0.01083392099922178,0.0,3.886719244060365e-05,7.158738832160762e-05,2.8595705364338488e-05,3.9904175012298696e-05,0.000225590075836178,9.329196815445595e-05,0.00017103761372456623,0.00030285506483594357,0.00014334985415298147,7.686109171910309e-05,0.00012519047350246002,0.00017123926453094162,7.658031752015713e-05,0.00013496580279092035,0.00021645921469898793,0.00011741128842459439,8.832072987628751e-05,0.0001067661753132156,6.438507126590063e-05,0.00014642850256506252,0.0005098378425276047,0.00011546844213847667,0.00015902654004644253,0.0001465057840997932,0.00021717921114262524,0.0002874097683198413,0.0002540790611614885,0.0003466267530102143,0.0003391846164783811,0.00013933197929670495,0.0007379386710704934,0.0003173519051577871,0.000261079261760883,0.0007124483252628518,0.0007915351607581,0.0006593908188262526,0.00038628879404407006,0.0013071990233583979,0.002201266544579257,0.007044777296529522,0.001069531325638798,0.00014048892904152286,0.0012607906273671085,0.0008411750186354695,0.0007296193003266087,0.00030795014392274664,0.00034370462427373466,0.0007077752840064229,0.0006097072195496572,0.0
EU,K,0.021640381838206053,0.015238571521615653,0.026698911450450277,0.009407590460447852,0.014486085296216646,0.007557236733924049,0.012066411165306047,0.022281757318735215,0.01283346865155039,0.02051126640171857,0.012908915251129315,0.013763059422493036,0.01212012624640906,0.011371454741973912,0.00791501857143605,0.011586815430527002,0.014035410588618054,0.009568631896444456,0.010413827931316658,0.011440213998446134,0.010844938462656694,0.011415189327335675,0.010567030045730983,0.008610150525686219,0.014510249592774445,0.00927771430430413,0.012975429496040757,0.015155469594671251,0.016050842745484226,0.015350867829074192,0.0241802287316565,0.024826496835159105,0.017235669256097805,0.022806711171188484,0.019651833410458213,0.01402687117870783,0.019545943327936657,0.014537568548140879,0.019973742344190807,0.011843014202859948,0.2703820149397773,0.058905100407826,0.020019838127055538,0.022576004329587285,0.01936883328632627,0.006937876674789559,0.009701817209890579,0.015682794836209192,0.024940475407923858,0.0,0.0002932475085256354,0.0001760460886838128,0.00016455580513898525,0.00010774399516219732,0.0005814901326945077,0.00020386943069944054,0.0007430839949761829,0.0010389192672254745,0.0002975653624445004,0.00023811611104632195,0.0002111495959875719,0.00023994433808429414,0.00028522525126600904,0.0002570907589661984,0.00021821374008670802,0.0002041891467075358,0.0001937706298312464,0.00012496175879998434,0.00010793856786590633,0.00016818987050985413,0.00014743810217233896,0.0001564249625470515,0.0001466245550580887,0.00019697108135072699,0.00019733287886988023,0.00037864042065850745,0.00026022231105317313,0.0004318938526053832,0.0004376075865254472,0.00023336455406256063,0.0006099958151493343,0.0004790978712380884,0.0006524772595654075,0.0008907826491953118,0.0005502236865147317,0.00045894755538599785,0.0004545957033634524,0.00030634306447263463,0.0004583139537045433,0.00029879121724640475,0.0031626628344144626,0.001347307785119312,0.0005127821709204114,0.0005679577323481489,0.0006285849853593694,0.00016249093808794367,0.0004776524650310883,0.0005212293192136848,0.0005158662940311015,0.0
EU,L,0.003528608605180231,0.0028778167599753314,0.0028016739606129193,0.003027439307182043,0.004175221869716865,0.003159711344232721,0.0073294453941298195,0.004013751364474949,0.006611609076408107,0.014983626593098947,0.00881488691864714,0.009838240765542364,0.003011323640513819,0.005025476567486977,0.003853097699875337,0.009721281101844205,0.008230406540389675,0.003649273585878519,0.004226654161260359,0.009755518762728399,0.008051918272919255,0.007871263409277393,0.007754527270431346,0.007131354858368634,0.007551928272150087,0.003131582173031969,0.009470818895474629,0.010670272765083052,0.010829370826297481,0.018105108505276992,0.048053446681172736,0.011807627990825267,0.00368718308963392,0.008252317754310795,0.01843677017191369,0.012128900355299262,0.05929947307176418,0.013830373775492663,0.02857392387476826,0.00926478509429425,0.018097119124291905,0.030575338254404224,0.026549489572307516,0.015976870026455932,0.016690143598063905,0.010634570638466085,0.013778946354263062,0.03448895368304755,0.030615469308668476,0.0,3.819794137314141e-06,6.685839379422501e-06,2.348797060494195e-06,9.235415082992638e-06,1.2333933560698919e-05,7.12242921515873e-06,1.2992951082450783e-05,9.786976290305106e-05,7.968897620576128e-06,6.986557498860571e-06,1.6548400640233986e-05,1.0097422222626796e-05,4.846803870373246e-06,4.6816746890424766e-06,7.760210161712196e-06,8.600852294662848e-06,5.497406146711054e-06,4.111992228621548e-06,2.8012357406997123e-06,9.286866131637984e-06,5.713330717037933e-06,5.2671785893763896e-06,6.733876426213876e-06,7.0907124805685235e-06,9.998031304376417e-06,7.115728515576833e-06,1.4092670723121713e-05,7.3640278093564676e-06,1.3944813605105565e-05,1.0747981936475362e-05,6.258015889643563e-05,2.2960799009183226e-05,1.578196494215706e-05,2.5921760985667433e-05,5.1192894214446644e-05,2.201348643600069e-05,5.474220253614542e-05,2.4501744269445294e-05,3.850481884360015e-05,4.727720376669675e-05,3.4833166689446985e-05,3.668211393151455e-05,4.094485634239719e-05,2.5152375881627177e-05,1.836181760962672e-05,2.0750054566104567e-05,2.0526596451847866e-05,5.287926518524492e-05,4.762986446326442e-05,0.0
EU,M,0.019616118396459815,0.008357695857894705,0.015663382817569262,0.02061955771753777,0.026105464071704963,0.021639838032677803,0.03536391976665196,0.04675094517932993,0.0334489611984991,0.03413251562427458,0.01891149544371849,0.029168219868293807,0.03025072253407968,0.032983009785995415,0.03700870162402563,0.029812333064592664,0.030664047809107878,0.020354812259588552,0.018311517039427884,0.02536686553303217,0.04269490070992097,0.04184799162034582,0.033094470644149526,0.032980472715523616,0.04201892888807671,0.03332122484346393,0.030005155616403722,0.02902003691572291,0.04867991035769559,0.041019458341247796,0.05167904612891481,0.024651530182659486,0.014109054778130412,0.04021511247118292,0.032638857513549925,0.03155894111084636,0.029200786506296986,0.049872096352336165,0.04195544653334012,0.05463896375676172,0.05431872430444179,0.020971407134906386,0.17073355734549742,0.0663052459617512,0.028213761170750144,0.011716506346397329,0.018319801143708028,0.04551063021396629,0.03415597640315364,0.0,0.00024372836231733604,0.00034957348299511585,0.00016771955697449827,0.0004719084999893937,0.0009884519982688502,0.0005021747352538015,0.0009848212559679778,0.002286086617369637,0.0007786580563394105,0.0002442985677249579,0.00044440409904088804,0.0005616824538500765,0.0003674283902144008,0.0007278054723034236,0.0012153548286457322,0.0004898958929451538,0.0004001029457810964,0.0002883742318779986,0.0002123800492461601,0.0006542643381155628,0.0010826839391113795,0.0004125821060394868,0.0007954380854409867,0.0006890709220141368,0.0010372562973159946,0.0011238385634369202,0.0008210423220021294,0.0008878826683360213,0.000957676954139706,0.0013793882425858972,0.001741868168756967,0.0006305674912480037,0.0006068313661357094,0.0010372560259470235,0.0013189958302506685,0.0011936369179350668,0.001394164059611254,0.0017162118044378807,0.0017913538456862201,0.0019180222760807064,0.0018196263621477126,0.0006737056905167144,0.003547127193606858,0.0017542405714366823,0.00091350894170572,0.0004597302906802425,0.0009462898446544025,0.0018262560790040137,0.0012217508353059648,0.0
EU,N,0.014288374139277174,0.008283954202387062,0.009008014518197148,0.011989855673070185,0.016818538430950096,0.012577021466617853,0.023186356493890878,0.023746634947731545,0.021458305336500335,0.022132625046662278,0.015413293618227032,0.022430392669671097,0.012405229280415564,0.024596226134312043,0.03351189899332685,0.020047265502475257,0.023006359835829698,0.01527804813196067,0.014907595919105548,0.019515164992246013,0.03135201444201248,0.022523234352513605,0.01952072163911067,0.017381622906205665,0.03333888195177859,0.018308910209922938,0.027195618342713005,0.019116017000279924,0.04329944085231795,0.027822431735025133,0.0345354862535751,0.03294696870247962,0.03178323695726041,0.07445965695725056,0.045561216311186786,0.03715353706696904,0.027728379965990983,0.0462849865638264,0.03251038534897671,0.04676483944745004,0.028073596729543324,0.01108579431823959,0.035247745156319676,0.09634176693348524,0.02970042725929553,0.016469619692412545,0.02730244912491891,0.03701526918017804,0.027122229756909914,0.0,8.206629435702601e-05,0.00022793589371620393,0.00011286286612299348,0.0004635721043576407,0.000600836172968998,0.0003680619140525497,0.00042481715240280936,0.0013993022694425259,0.00020762817325386488,0.0001230834109112842,0.00023178898435282483,0.00022122510579004347,0.00011694823979956263,0.0001812233004707965,0.0003014718522535475,0.00024383225859195276,0.00024880437363288097,0.0001585918158234504,0.00010594100019017416,0.00020042271933746938,0.000313620620106755,0.0002519385108767827,0.0003303341899347628,0.000249563001171206,0.0005085657454167117,0.00024071063094596536,0.00039991152956929746,0.0003513967318869102,0.0008464989430837504,0.0007191076676995906,0.000862456223320356,0.0007227661335362103,0.0011099205091560278,0.001967331095345623,0.0012307919371442313,0.0005958712637930349,0.00036173091216504976,0.0005970083967018082,0.0009161710523558053,0.0010616812194684817,0.0007570782668333959,0.00029456810857758056,0.0007627485280929418,0.00223589959538735,0.0005729294993789936,0.00048704834287829343,0.0005356618011344098,0.0012826124565275866,0.0007096285984543449,0.0
EU,O,0.00264903227162102,0.004572581743585181,0.003645304158745244,0.004134110117699787,0.004417118828600981,0.002434910439933195,0.006748368416752617,0.0031985140898194504,0.004029288457643212,0.003854108346103807,0.003888753752087976,0.004766433946213381,0.005612573459527134,0.0039171564582155104,0.0025501838299305506,0.0030064834777343563,0.0038327996884269175,0.006560001539605329,0.005829512182587631,0.0024655469607178,0.0026081534975091625,0.0029904724194051535,0.0020731929053519928,0.0019916356499100336,0.003878184093777077,0.0019852282958003112,0.0027518704587494915,0.016801899686717258,0.019485761732091732,0.004679683820836288,0.003771332192065142,0.006637384350711256,0.003999574198081449,0.005892263238933378,0.0064963237809082105,0.003080456277466901,0.004392392910322949,0.0042949575068327904,0.0035222471517961226,0.0031654383071791957,0.0022831773273174556,0.001997859706362599,0.008004505706752983,0.004551004988343019,0.014268885335857755,0.001925652663986413,0.0028681849404778464,0.009072357782146065,0.005757637023160174,0.0,1.3550740122221149e-05,1.669859819759529e-05,1.0318765607223342e-05,9.203037873371568e-06,1.387248774137005e-05,1.371093842019e-05,2.1818464482870037e-05,3.0064489083484306e-05,2.615379715160364e-05,1.0181755960776052e-05,2.6366569595864027e-05,1.6357561662624626e-05,8.961767611114638e-06,2.6513037875737345e-05,2.224775277078224e-05,2.5908504772616138e-05,1.1539491528726648e-05,1.0469337658764197e-05,9.714377840353703e-06,1.1864523388786303e-05,1.9246541661925892e-05,1.3109661425032663e-05,1.8884246149983894e-05,1.3137369566614563e-05,2.1381169113278723e-05,1.864258951355102e-05,2.186905426747512e-05,9.534328795548207e-06,1.7017357118696014e-05,2.001529732285349e-05,2.1140892948616244e-05,2.1086724412710717e-05,8.698384373813916e-05,8.074092410565782e-05,5.035770402864418e-05,1.7676985039124546e-05,1.8279022433824003e-05,2.540785578781038e-05,2.5306535139305815e-05,4.049743831814743e-05,1.7544147901530538e-05,6.665393347268277e-06,2.7701492216140315e-05,2.579963898448909e-05,1.6379700047584978e-05,1.1420833386224223e-05,1.556708555950028e-05,4.7354714419467305e-05,1.6143929391111177e-05,0.0
EU,P,0.00046184762213449153,0.0007217078000315186,0.0007934637382471808,0.00039019376102501465,0.0016187939483790596,0.0003511157914958568,0.0009231681041301411,0.0013779806611970698,0.0008330061386008363,0.0007942652953755285,0.000528057205698657,0.0007359423266590447,0.0008781419380108594,0.0011132320243361434,0.0016342856425615464,0.0008605807854916879,0.0007569501243165965,0.0006029656107597399,0.0006049217404464167,0.0008799054860675826,0.0018783778955296442,0.0015054092984934406,0.0011156140321244548,0.0017848254427119507,0.0014245417812989935,0.0015139969763658969,0.0012963439975835587,0.000976977958970869,0.0013728260264820663,0.0007410115105255538,0.0014651687217271286,0.0015949564704150255,0.0009891109467441853,0.004488583594945576,0.0015735727992177181,0.002221135072674721,0.0009500579005927868,0.001648371868629648,0.0023073727791939956,0.0035875683214613235,0.002302840065217678,0.0004796841686481576,0.003759766920955797,0.0021832974300137462,0.005252017597802701,0.021792354863672207,0.003501305247780737,0.002746900440414375,0.004320665423938878,0.0,3.585448739854212e-06,3.8845211049827794e-06,1.5433538958280876e-06,2.658978340130582e-06,8.069086494214387e-06,4.841122558261581e-06,5.6525383103327975e-06,1.2129990331541076e-05,4.046783518589012e-06,3.928016661868204e-06,4.906900646647394e-06,6.04060806393708e-06,3.5825810854357698e-06,1.54014835009487e-05,2.0346723873783236e-05,1.4104009387607297e-05,3.984263426115289e-06,2.569822350077609e-06,1.917432172828522e-06,3.782158231313818e-06,6.35786981993789e-06,4.132769644189054e-06,4.200996219782877e-06,9.823887050008246e-06,4.846662008406587e-06,6.614034735383174e-06,7.668653243982636e-06,5.8985045106611685e-06,7.968345414130035e-06,3.931230603393525e-06,8.488679698862077e-06,4.6763584143472835e-06,1.562477077737024e-05,8.960234250570026e-06,1.1464586408084999e-05,6.841599127661169e-06,5.428824475678347e-06,1.2965688623015522e-05,1.845654602179225e-05,5.108274447432046e-05,1.0150104657636859e-05,2.56340043082121e-06,4.907417846505891e-05,1.1990922460168812e-05,1.2467416271296587e-05,5.384875329455207e-06,6.505762449419491e-06,1.2228357889500044e-05,9.001230521523539e-06,0.0
EU,Q,0.00047413399358182343,0.0003579914198977164,0.000754222696869413,0.0005658309356076665,0.000818615134165899,0.00037202485551467813,0.0005382641388902125,0.001355325918168443,0.0005959071788887062,0.0005620329392796354,0.0006028561652261648,0.0004253525246321113,0.00041402131670919884,0.0003786595820556151,0.0017644226451864094,0.00041200251285632166,0.0003849841939007216,0.0004051238713375981,0.00036183574883616194,0.00034416468919701054,0.0005682045632765422,0.0006433439841687885,0.00038163893570316475,0.000500353707593732,0.0007725321841631635,0.0003941079781579695,0.0007126954887959362,0.00034571260497058765,0.0016720500459119466,0.0003861923167312939,0.000915700272998094,0.0006254613748313566,0.0004962987599049904,0.0007695755495748526,0.0006142744760025194,0.0006528008541990252,0.0011899902643458795,0.0006100886685275237,0.0010005398804902148,0.0010901028679128656,0.0007849374445345337,0.00018881885888985496,0.0016558286106097776,0.0019427212948791347,0.012636397266647701,0.0016843832031315227,0.04026238287637059,0.002725789481942692,0.0021456562857552278,0.0,3.6510382872234608e-06,3.844024894586007e-06,2.933000168356644e-06,3.4146918465133426e-06,4.757093737222566e-06,5.116180305895616e-06,5.434836341868465e-06,9.097902748779684e-06,4.518460226405028e-06,2.8348339090478002e-06,8.091094476062025e-06,3.935777360654078e-06,1.5235472649877108e-06,4.45116118639416e-06,2.9807110058071124e-05,3.6747472516098977e-06,3.0377344740251938e-06,2.3667133384720163e-06,1.907508502543434e-06,4.87131911219559e-06,1.231292578105093e-05,1.311416513675112e-05,1.3678426535140644e-05,1.0894562388638776e-05,1.0146147297138944e-05,1.040092997979559e-05,1.663177489327249e-05,6.955880117482876e-06,5.953523600931991e-06,7.780306161232812e-06,5.909483210485329e-06,3.830124192117773e-06,7.417753964521358e-06,8.86848996750016e-06,8.769170194202166e-06,3.6412529540014844e-06,4.431489240655166e-06,6.176034705536724e-06,7.687357649812943e-06,1.2150599130737081e-05,4.900035283716214e-06,1.8921600552421637e-06,1.3078107152621842e-05,8.493750464084102e-06,5.602027941434765e-06,3.6289760570881814e-06,1.3106265808156111e-05,1.028900879513038e-05,8.243146987813335e-06,0.0
EU,R,0.000560328620542763,0.0004963021426894448,0.0012430203537972008,0.0002831431641346335,0.0014081140049976362,0.0002782107769781472,0.0007553745917577039,0.0005057515401191295,0.0020773485736341425,0.0031209452101880115,0.0006392582740764858,0.0021693427193571558,0.0024612876252829647,0.0007750134173627898,0.0016640776880775805,0.0007547462786898963,0.0006853554023047732,0.001080172075442723,0.0012282663721805056,0.0008237173635159529,0.000726203853378346,0.0007345247335539746,0.0006756925065851973,0.0006555267521631604,0.0018825866527426196,0.0009341686453563995,0.0014898558009726521,0.0004902886850146523,0.002193786290642686,0.001067800676519363,0.0014077118459072367,0.0007990316978763184,0.001000158762603272,0.0014402702514517676,0.0012812164002898726,0.0013840243770764475,0.0052870745272774215,0.01604654585967802,0.0018941843415290875,0.0016111250379334918,0.001203437916307522,0.0004541945637121845,0.0021221989114561996,0.0032580212005453094,0.004453750380473453,0.0026605728669830417,0.0011113666165075097,0.0810419259952711,0.005963890406047908,0.0,6.634900528615577e-06,6.931931734910584e-06,7.028319121812467e-06,9.291155392738007e-06,8.997857361451115e-06,7.543379078936493e-06,8.891445996582737e-06,1.4299710987086013e-05,1.0044899670023898e-05,6.905102825201846e-06,7.100979022062033e-06,7.470271787392456e-06,3.1523720201548578e-06,7.343277599102397e-06,3.5475509066020114e-05,8.470978515155617e-06,6.415935978901e-06,5.012612192309898e-06,4.246957811706229e-06,1.0204804115418947e-05,7.182383970887218e-06,8.337891124686268e-06,1.1786808476756324e-05,1.0404058309400213e-05,1.192555713934601e-05,1.0043811559910322e-05,1.2185326409375309e-05,1.1766516152546531e-05,2.2168537086543092e-05,1.2694458022840286e-05,1.454465381234598e-05,8.688420641066287e-06,1.3239369901882753e-05,2.147839740177451e-05,2.213842154479208e-05,8.19473509123052e-06,2.243419108520324e-05,0.00025300931591640355,1.696330681986412e-05,1.9131575056589776e-05,3.4013523060124965e-05,5.393208977091681e-06,2.5807078907064678e-05,3.389262291597216e-05,3.1715865491628646e-05,2.6316408088629932e-05,2.0583662196322627e-05,0.0012112245232990594,3.662034265558646e-05,0.0
EU,S,0.002361621564309591,0.001372325250482081,0.008827104897218635,0.002022421024444001,0.0018889055542557457,0.0014279357690346749,0.002281492271150105,0.0021916688935942,0.001847933138299,0.00288327693132943,0.001841505942150671,0.002547869563286862,0.004276368834301488,0.0019149831184233446,0.0017557283404756898,0.0014210601636672235,0.0024013713504837495,0.0017719453225074266,0.0015564960963174198,0.001343652238453124,0.002112749873333432,0.001776758634235213,0.001408641485409068,0.00120568775400242,0.002278629664248529,0.001330353755965748,0.0026777070198951464,0.0018691325395476046,0.004859816706301465,0.0015384200760406937,0.0033038025686990525,0.002791089201673939,0.0009105316921898399,0.002250836695461754,0.002971897407546509,0.002054180915179846,0.0054654769173781426,0.0037265536961474527,0.005445230543622535,0.0034825613744346702,0.0024795180419275925,0.0006715773562594313,0.005492202100041251,0.004529641621557164,0.0020684650530492996,0.0015024749759738984,0.005482333241296631,0.0096675224976908,0.03970595830929323,0.0,1.7638249777586595e-06,1.9143663096656403e-06,2.711760111552988e-06,2.032773672232111e-06,2.786832048503939e-06,2.1420520346635093e-06,3.460839292958723e-06,5.659095043134581e-06,3.4214338503414493e-06,4.9254647430061395e-06,7.829874671011129e-06,4.833538945045626e-06,1.6516150357552641e-06,3.3898910006149564e-06,8.100373247086498e-06,3.754342961832026e-06,2.957591244189542e-06,1.940713517603868e-06,1.8329690543118327e-06,3.96435630970483e-06,6.881229768398624e-06,4.7281369374637075e-06,4.579140468339164e-06,4.820943639048134e-06,7.254858544684556e-06,4.913690258768154e-06,7.530039820377152e-06,3.185829312130197e-06,4.51554312179723e-06,4.3582009237036575e-06,4.484920389554638e-06,2.8635825318310815e-06,5.992965807040011e-06,7.5360577833617275e-06,4.9145028137775865e-06,2.8298503620416693e-06,3.931601781770572e-06,8.43520334078375e-06,8.001383291011628e-06,1.5553260458516196e-05,4.459877627681069e-06,1.1282853556354106e-06,7.057630732670374e-06,5.734147426286503e-06,4.462599513109338e-06,2.489555727579674e-06,4.5164709330554995e-06,1.0249657306773096e-05,4.770023424710226e-06,0.0
EU,T,0.0,0.0,0.0,0.0,0.0,0.0,0.0,0.0,0.0,0.0,0.0,0.0,0.0,0.0,0.0,0.0,0.0,0.0,0.0,0.0,0.0,0.0,0.0,0.0,0.0,0.0,0.0,0.0,0.0,0.0,0.0,0.0,0.0,0.0,0.0,0.0,0.0,0.0,0.0,0.0,0.0,0.0,0.0,0.0,0.0,0.0,0.0,0.0,0.0,0.0,0.0,0.0,0.0,0.0,0.0,0.0,0.0,0.0,0.0,0.0,0.0,0.0,0.0,0.0,0.0,0.0,0.0,0.0,0.0,0.0,0.0,0.0,0.0,0.0,0.0,0.0,0.0,0.0,0.0,0.0,0.0,0.0,0.0,0.0,0.0,0.0,0.0,0.0,0.0,0.0,0.0,0.0,0.0,0.0,0.0,0.0,0.0,0.0,0.0,0.0
ROW,A01,0.008343072529799673,0.0015832315203949,0.0007905549325554081,5.2736691640955586e-05,2.150216348421476e-05,2.665953370942507e-05,2.0206674211014345e-05,4.727806059392904e-05,0.01785512040234737,0.0016608025320557042,0.00013910149354326207,8.74606597269454e-05,2.071086669278106e-05,0.00038289951746066185,0.00019743517198890254,0.0006940418368661821,4.155975986823967e-05,2.4112301051362403e-05,2.4157100223408643e-05,2.2007519982891314e-05,3.504607846522494e-05,3.02112872309168e-05,1.913279298807083e-05,4.010855760114842e-05,2.120243796654191e-05,1.7440436783710463e-05,6.682246812430345e-05,4.003827935552963e-05,2.5173923297113855e-05,4.003698829874996e-05,0.0001982627639400893,1.5589711921963228e-05,8.208789904449054e-05,3.458879422047269e-05,1.5441767695386706e-05,1.2269995623619643e-05,0.0013490523162027115,3.4970847575861735e-05,1.5859361144012002e-05,2.4314211872158897e-05,8.051913484277834e-06,5.4303158488466605e-06,3.8657513107501027e-05,0.0004002355687421125,0.0001527411496912113,4.820875858308945e-05,0.00014442317375776485,0.000142484793100086,0.00010383278128288525,0.0,0.18833890332807648,0.04467924237853383,0.04407945706483228,0.0001946223504149598,0.0002324613180239898,0.0005908873636098098,0.0007729768388677078,0.0004896661546111342,0.2734205137964959,0.08197006550860321,0.02330662383280952,0.03196623637408699,0.00011384467979827933,0.01223200802859695,0.057699896165545904,0.014423182187276092,0.00038241107274216454,0.00010985718844782633,7.197570905118319e-05,0.00016952783572989275,4.686731729782604e-05,8.686946329795264e-05,0.00021806718651101942,0.00014457339485798875,0.0002070165168272212,0.00025069756275754713,0.006413636487730069,0.0015416381309878732,0.0030639624759203096,0.004443097049099561,0.004375178261671737,0.0009247292333402177,0.0018115796255521286,0.0006121796398104671,0.0010801889462945364,0.0001330815207497728,0.04975062602840897,0.0007720608119847521,0.0006480436676129868,0.00011005280977178292,0.00015581197975051027,0.0003792693461771871,0.0025220037162969407,0.0033866181776142294,0.005393305952709393,0.0018125026811352102,0.002045429723967954,0.00515306943639419,0.004181194077710218,0.0
ROW,A02,7.285782942767461e-05,0.0038021736399529013,2.036163984240981e-05,3.309927150169495e-05,2.339054536954433e-06,8.57481542359938e-06,1.515570562619103e-05,5.195745908274796e-06,9.289651548656298e-05,7.541030678454452e-06,0.0019636384483275047,0.0004478087931072919,2.772136228247858e-06,1.0548780297158624e-05,3.215677097771891e-06,2.7043002719346807e-05,5.440356540587811e-06,2.932417929303002e-06,5.287320309416556e-06,2.0103835978542653e-06,2.8017072582807445e-06,1.383934944871729e-06,1.0359042681464077e-06,8.039811379845479e-07,5.602057884059002e-06,1.330070817403888e-06,3.826334057362783e-05,2.4730949278496167e-05,1.6222251779465147e-06,1.4078065557964833e-05,3.5898854539655424e-06,1.6556583306379106e-06,1.2018246549035084e-06,1.5575535012124171e-06,1.5665612238619524e-06,6.456716560863212e-07,1.0129098439925095e-05,2.5895895547044593e-06,6.1907330761743e-07,3.249513516177918e-06,3.1451299879484984e-07,1.0551832414910705e-06,1.5782731722606726e-06,7.169165436842591e-06,4.769997328757797e-06,7.727834933919885e-07,1.4788765621124411e-06,1.0267897107773945e-05,5.052742328603742e-06,0.0,0.002250372484506172,0.15001526255443456,0.0024160060992463287,0.0014554481050606163,4.669916398499477e-05,0.00037458019857201225,0.0003099471441465406,4.617038728294634e-05,0.0019360416386945039,0.0001834402286404959,0.1439555200614079,0.01638629113294565,5.466605960173588e-05,0.0033278864614995265,0.0020506549371565493,0.01530854683907704,0.000797587237032584,0.00012015511563821839,6.199391441156815e-05,0.0001636724254769652,8.836239391911338e-06,9.845306832758013e-05,8.264810845910285e-05,2.4303906454811626e-05,0.0001423806347975478,1.9761896561038195e-05,0.009562530942336379,0.0007786086425162721,0.0005519166976008337,0.0032416968376884907,0.00022628246997683809,0.0009711741438229391,5.7595283573010966e-05,0.00013861351561633863,7.534683292026221e-05,1.791671762311267e-05,0.0006523202158061836,2.8282306755654052e-05,4.622666457096472e-05,8.700567195049068e-06,8.125974102725974e-06,5.3379376772710814e-05,0.00014283257876248487,0.000150053849636166,0.00024418532535459505,0.0001115149378209141,4.4949450706429615e-05,0.0001941500543301581,0.0001831811694523317,0.0
ROW,A03,2.509409855540528e-05,1.0627550493507387e-05,0.006781769128523693,1.5216779180309425e-06,4.17030890306394e-06,1.3040335028470866e-06,4.658986543872505e-06,1.5113919256989831e-05,0.0011320017496686354,7.931589688003886e-06,2.281007977186563e-06,1.774322447421673e-06,5.482156966073419e-06,1.4033551309524187e-05,5.262741362777735e-06,3.843471971317957e-06,2.736698909234066e-06,1.8881766877782268e-06,1.722552523268987e-06,1.0240440039727495e-06,5.435641917554188e-06,1.0234432306537743e-06,7.900512368571516e-07,7.422770711125103e-07,3.7558993677477055e-06,1.3721222366894911e-06,3.4836133316559022e-06,3.7406039831148466e-06,1.8118359130311724e-06,3.251738096680509e-06,8.721524504385621e-06,3.822738015213835e-06,3.5863216642265764e-05,2.276831179191666e-06,4.083892065965734e-06,1.3538997355996911e-06,0.0007198247972120672,3.78626727179725e-06,1.2044361167120837e-06,9.31506450938003e-06,5.175610679562863e-07,4.104469036183965e-07,2.001647603916573e-06,2.3574931121733587e-06,5.210261075854339e-06,3.3280565990498498e-06,2.075554877071089e-05,2.2000707872607027e-05,2.2063022506299527e-05,0.0,0.0004374704533295925,0.0006028849251645593,0.11795046385211237,9.464447048778067e-06,2.4051142109901416e-05,4.082297704484712e-05,5.4775308079124416e-05,3.227630308508037e-05,0.02528839305959262,0.00018901987378611853,0.0007276028208978582,0.00043470063618866175,2.1442890286705105e-05,0.0005861115627785525,0.00022867751146220578,3.5445162686613655e-05,4.918005735595113e-05,7.637299239021638e-06,5.646344550028236e-06,1.242128728735668e-05,6.765880085690152e-06,1.020166740921292e-05,1.461945904644786e-05,1.6522476477123902e-05,3.8086393016348545e-05,1.1733068085585358e-05,0.0004910534618994099,1.1971378052581439e-05,4.579333862241188e-05,2.7196916839303617e-05,0.0003002488822021286,3.733420243700942e-05,0.0005393581987689584,0.00011523826329097154,5.666647778249185e-05,1.3005432808083176e-05,0.0237680861415579,9.824530949854015e-05,9.598385323668651e-05,2.5708983964741126e-05,1.3672691843355555e-05,3.165035301853558e-05,0.00033787300013454893,0.00018781215463415285,0.00024070963134968152,0.00017921499311726076,0.00021363898448677792,0.0005407147474144067,0.0003587092103871813,0.0
ROW,B05,7.716774349382699e-05,6.559609947463172e-05,1.6513387336308436e-05,0.004816399396158216,0.0002042372287138285,0.0005100234058110913,0.001078784974387613,0.000928661591129306,4.353478899181523e-05,0.00028436812459199185,2.874869912557436e-05,0.0002833423772715117,0.0018523412045457924,0.00021687770617505805,7.078755938613427e-06,3.2661294995531954e-05,0.0017239181001968338,0.004129250456450514,0.001248569150334267,3.88252417046165e-05,5.2155394908792e-06,2.441471923825557e-05,2.2131517868506675e-05,3.4161656756170044e-05,2.7294988150137494e-06,9.738278061226436e-06,7.666274465541997e-06,0.004151607366094297,2.8027069145797857e-05,4.201130721295393e-05,4.804421341865869e-05,2.7013326126747302e-05,7.4679732258784935e-06,2.2014656871975164e-06,9.564665232183892e-06,3.383259900346202e-06,7.88016667212507e-06,2.8544472143928828e-06,1.272428478139379e-06,4.284251611236808e-06,9.450900580239773e-07,1.6723533159146031e-06,9.684710429207627e-06,1.0882157902607014e-05,9.801043019586415e-05,1.5727734676257906e-05,8.61252629586997e-06,5.013110054065044e-06,5.287476941205122e-06,0.0,0.0003827191778066609,0.0002749367017116029,0.00019369005788149332,0.14255508480462253,0.0008054779985065616,0.0038659019952781534,0.0077152413229231425,0.0012630223282678128,0.0007660594192432245,0.0016370347170069825,0.0006670088974247464,0.0056208813526594575,0.017901397058307914,0.011093821526653365,0.00047640535458842704,0.0008499452347208662,0.03263432165876137,0.029577793764022055,0.005722001493070812,0.0009089681392850334,3.306608254182425e-05,0.0002293071255324986,0.00033265546065089526,5.3533630243751736e-05,2.38547465509941e-05,0.00012272345699484687,0.0003233464314059694,0.06160820948598093,0.0003845044839249986,0.0003066449596293971,0.0001249553004837938,0.00026994815269081496,0.00013594859156008506,0.00021238782921286149,0.00021260671295726406,0.00015473624653560935,0.0001749255357504187,1.8946632044812004e-05,3.572929997905311e-05,2.4205196376252336e-05,2.302885462866685e-05,0.00010111774153011281,9.319216029379415e-05,6.123712618143703e-05,0.0008631113573719846,0.00029784126421082983,7.933456755990063e-05,0.00011688926281688148,0.00023704118061192747,0.0
ROW,B06,0.0035749189150341013,0.0001584978591458171,0.00062566461947752,0.01489658260351383,0.016038144780893476,0.010320057530141463,0.016940769441707255,0.018570843715771137,0.002638100171126905,0.0007719303628202016,0.0003339231496544328,0.0032577697417070046,0.3619323015752498,0.015359736250469576,0.0007420850832677624,0.0011506981712521088,0.008760297003112703,0.035071171030145946,0.03417292028021826,0.0008446056067064964,0.00022099805960428142,0.000335722180300351,0.000759157238181663,0.0002995791865368483,0.0006386459527711414,0.0003540656822382342,0.0005580963417093054,0.042498016856406924,0.0011902113698433999,0.00047827665935694364,0.0007394124109103676,0.000499612143095884,0.0010243419238760518,0.0010543090227319763,0.0015350284165932353,0.0005241118651390156,0.0028735187375982093,0.00016982252637534923,0.00015182808579591333,0.00011095706585300327,0.0001929795640374972,0.00020319730764062287,0.00037540441375203564,0.0005588536144502527,0.0011418365186213694,0.0010161429953817046,0.0018286077974663632,0.0016418485613528691,0.001829592078045145,0.0,0.0005312495091035261,0.0004360212813906442,0.0005790523806242593,0.0029757321242716846,0.09922306969699556,0.0027966227008437775,0.01650951809850038,0.03093495843314877,0.0019305432015020957,0.0008263146286572777,0.0014280880022652018,0.0024690289362301544,0.4461874548170941,0.03091794244639361,0.0007012947952256058,0.004015123445363732,0.009723270521063535,0.003894490505377555,0.005338301363830699,0.0018025995199592438,0.0002421490018278408,0.0010734957762771372,0.0013249457796769633,0.0006837350413561362,0.0019118800238212977,0.0006480014528372198,0.001404911961812703,0.0827991325312909,0.0014093254347410662,0.0020660980482503136,0.0018192123883804343,0.0036930038808598133,0.004140599480664125,0.0050854870317275785,0.0025265765218369872,0.002543076545139508,0.0011745126333058838,0.0004094158347546376,0.0009653016827294999,0.00010359860264629785,0.00016698998057500835,0.0003430561157430251,0.00039483403531408954,0.0005394559909481891,0.0028801392754075226,0.0009311391541604698,0.0004576828081254258,0.0007336890589123661,0.0007215087556554626,0.0
ROW,B07,3.7866703183218406e-05,4.9842690856192113e-05,1.242853341030209e-05,0.022097851154197698,0.00018327777666220425,0.0400157374579807,0.00684061579034695,0.002808822389460936,0.00024146246284043177,9.116645549653872e-06,2.019228808841959e-05,0.00037831598124834034,0.0003183407725671476,0.002749669056232583,6.213257681383837e-05,0.00011432965132399591,0.014065971567905497,0.015292961094796852,0.026537530420013496,0.001079554418905884,0.00010559366347161902,0.0022161929876136828,0.0002509999303942321,0.00012756275998000168,6.764479218007037e-05,0.00036914293308875864,0.00025093124970551107,0.0005251630492616506,0.00017027601689234852,0.0017667304988817196,0.0001176701119132707,5.4857804254639035e-05,2.208139208956008e-05,9.502662999332462e-06,1.5736955017864442e-05,1.822551607773995e-05,3.522990006793321e-05,1.4273696147265895e-05,1.2663434474738265e-05,9.308145498379971e-06,9.933844772516105e-06,1.0440043837054776e-05,3.873061139151886e-05,5.650919039163114e-05,7.436699243326061e-05,4.552061127593736e-06,4.273709261347604e-05,2.897693724221492e-05,3.081319767591611e-05,0.0,0.0001772846605894795,8.163328040283234e-05,5.772406090842783e-05,0.0014142457143193634,0.0016011040274554287,0.11834513953512736,0.006829238598073743,0.0063459882040012355,0.0003606668572389007,3.4311353278935325e-05,8.471148294034465e-05,0.0001398367738914624,0.0027284671461649127,0.005724544069960356,0.00021673439832279998,0.0001856231271630649,0.01105412712532783,0.1417598943715231,0.1607665529382043,0.010138262799533292,0.00023296644961080267,0.0015948492466399966,0.0003792361800407753,0.0016596909121356575,0.0005807761259536526,0.0004211555125452116,0.0022587231790755116,0.0007565907970007918,0.0005098101482879695,0.0022634207381006083,0.0001855294312242414,0.0001568819280625849,7.533007738535733e-05,0.00011857027422071994,0.00021072508436378068,0.00015894198470485564,8.24781778056299e-05,8.380530057004657e-05,7.048979850688358e-05,0.00016656411130615433,5.3141054555003464e-05,8.291225869561293e-05,0.00020523114483289096,0.0001644718715354602,8.618055287057964e-05,6.388574198307698e-05,5.160461159597923e-05,0.000504175719299423,0.0008514842667166661,0.0
ROW,B08,0.00016860759820044993,2.0804844120868273e-05,0.0002652371505787594,0.0014403625600900333,0.0001856358737055654,0.0004021512099999649,0.004082182170741665,0.0007919801263041724,6.60862981023157e-05,4.4305034626107595e-05,2.5478389011250593e-05,0.00024298220776836746,7.380175744971312e-05,0.0005381424996356365,2.3511554688168805e-05,9.074196080188403e-05,0.0042489497372754734,0.0002688393430431403,0.00031558019070596153,2.762800367066659e-05,1.422959016949085e-05,4.670559665363825e-05,2.2700034468001854e-05,1.3633513575376687e-05,1.3568016156162353e-05,1.5183158128725254e-05,0.00032797204423488116,8.566592556099728e-05,0.00012050908554041448,0.0011864719906879387,3.3030377763953074e-05,6.655138041004357e-05,1.0791502544059525e-05,4.984700084525308e-06,6.906752304197008e-06,2.7822714038506305e-06,8.584689471611878e-06,5.532225317306719e-06,2.1123341193000825e-06,6.109832663602492e-06,1.8561272627823384e-06,2.9920298561368704e-05,1.3361662409058921e-05,3.337346606058885e-05,5.591568081300815e-05,2.804369167058845e-06,8.330231553922995e-06,8.112043760392216e-06,3.832905758965349e-05,0.0,0.0008296890047071527,0.00026504033409953555,0.00030485852573625794,0.0013957287098373843,0.0029535701248357,0.0020657119604556603,0.05646277301240663,0.010492795603556641,0.0003971096827779007,0.00013772522104933913,0.0002038886933292343,0.001967844931140467,0.003231852060726411,0.010295286038561498,0.0005848896446614983,0.0007293449957248322,0.06655709077710621,0.004675807019400546,0.006162488295929066,0.0006621359093094476,0.0001453077599760013,0.0008131181284966471,0.00029887662802429105,0.0003437084145407334,0.0004052808717496789,0.0002278729437479042,0.002628058449564531,0.0006639382473909871,0.0011028001716312697,0.012533956456711673,0.00012177478279416954,0.0003227919917830507,0.0004905700680557206,0.00024557413701029035,0.00045767972891479924,6.04782322719139e-05,0.00020536163873847586,2.8616160149660242e-05,0.0001155303817614159,2.526973618269549e-05,3.3710218219613414e-05,0.0002151057881680833,0.00012129848419720391,0.000123627252646625,0.0005577002700789517,7.79972879561479e-05,4.96227231067978e-05,0.00013305827406577856,0.0001904293898356667,0.0
ROW,B09,2.3710313437175755e-05,3.191986279177393e-05,0.00030829165013617215,0.0006796457795935283,0.02069940123663242,0.0005320520303006497,0.004189324861892127,0.05346168668800198,1.4789130900331698e-05,5.590293912707552e-06,7.184017434147408e-06,3.498013567705469e-05,0.0017231346613336557,4.250892842296978e-05,1.1785590207203136e-05,1.57991874175863e-05,0.00042256666501291407,0.00010681895667535386,0.00013461762742524863,1.3671152652771144e-05,1.3465574685542663e-05,7.405691987359405e-06,8.119526196806877e-06,4.806518275750714e-06,7.59808904745092e-06,0.0014014959317904712,1.0122306904052011e-05,0.00036599352785666116,2.8317371856213427e-05,0.0003844393079018677,7.80413105646577e-06,2.8242480018987007e-05,4.3037853518724686e-05,2.7109099690456866e-05,3.5874024150239645e-05,4.553213962297311e-06,7.890853253915037e-06,1.0196581875413882e-05,4.048402326832765e-06,1.4329848365373116e-05,3.4950353932430154e-06,1.7938495986363044e-05,0.0006860592338711041,9.607435477101265e-06,1.0031021652209537e-05,3.304628477092358e-06,6.340518678719521e-06,7.809947510837395e-06,5.989359546746206e-06,0.0,0.0003099492821773666,6.460051767189305e-05,0.0009234769226412385,0.01638747280652421,0.04860807437957204,0.014710502390338312,0.017003069609200255,0.1538474479957756,0.00013028604026547262,2.3160200630399493e-05,6.721765139154063e-05,0.00015614281047977727,0.018229147952691028,0.0001271467991534773,4.400316423378589e-05,8.881182859521372e-05,0.0015783319265560006,0.00043943204281308426,0.0005616570554610479,0.00016764070868639767,2.4728117905541312e-05,5.060551805119453e-05,7.135653715505362e-05,0.00014528338533133,6.461005253774757e-05,0.00013226816676309493,9.172805597893432e-05,0.0012355512610294087,0.00019764840323029041,0.001629034607864996,6.443312362182093e-05,0.00045734452745963526,0.0001671905614587206,0.0002265313363160583,0.0003051982136604964,8.8542751142524e-05,4.260736198839395e-05,2.41597198913536e-05,5.1300044914286225e-05,2.727488817295563e-05,2.6335287225450805e-05,0.0002043416607554755,0.00014507066540155777,7.137138220552083e-05,0.00016774293568451622,4.024944044691491e-05,3.4523633735573724e-05,4.616480036675906e-05,6.275956696045638e-05,0.0
ROW,C10T12,0.005632177998293717,8.823918237133775e-05,0.0033348413426381807,7.095239810497563e-05,3.0785385357473536e-05,0.0001016764463878431,0.00018028094024844153,5.652928519251356e-05,0.009039311673173752,0.00047594992575324,9.098001334783281e-05,0.00022152561457720415,0.0003140841877025202,0.0011158943182523013,0.0004776506415683296,0.00031873899253981894,0.00013433526265246404,8.821506499395291e-05,0.000127680143163438,5.846865630426155e-05,9.075260719459307e-05,6.13573928703568e-05,4.5669943795440664e-05,4.382394229437859e-05,6.984292433725283e-05,5.986564646296327e-05,0.00013487230659677883,9.835931356409275e-05,0.00023108250659810038,5.908179704390977e-05,0.0003174424035399776,4.914429881393619e-05,0.0003391694420349549,0.00024189546306732637,4.88694532039997e-05,3.1926117527590076e-05,0.007570698105962291,9.73394241538701e-05,3.485294160406962e-05,7.505627816014485e-05,1.9496421790794665e-05,1.4705768372897187e-05,7.091849318842493e-05,8.391501230910129e-05,0.00033553079173140473,0.0002999767743245787,0.0008673670829642384,0.00044715915567624835,0.00027482664609482314,0.0,0.05272641784178624,0.0018494191670879736,0.08320047056264857,0.002006396916153198,0.0006990602088754217,0.0030579418980829563,0.0033605214794836078,0.0005784136880913888,0.13943411470408373,0.009009492456817703,0.003102355764329846,0.0038848214184913164,0.0029655340684357793,0.01801537106323143,0.009964609382244569,0.0023544070055514245,0.002377093709664882,0.004247827350422321,0.005959563788341162,0.0035431007593503686,0.004080732477868844,0.004758387374750601,0.005039943860085666,0.0016731595786960176,0.0029877538330813666,0.003047341876657997,0.002086735590335507,0.003612981748799256,0.007959491072931622,0.0012894747711655987,0.004356945142785807,0.002335473799883129,0.0049977685621673575,0.011711791941813142,0.003397745727108785,0.003528240714775809,0.13383692043320713,0.0024279100861226335,0.002302690058463421,0.0016425755618265318,0.0010628652354414236,0.0010342264159582677,0.003840626990474493,0.002685505863895828,0.005661154854747289,0.008483433282347214,0.006249990553893404,0.019889653481944283,0.007118726252001552,0.0
ROW,C13T15,0.00036026427331664466,0.0004544803499735729,0.004965616629333165,0.0006881538473687962,0.0001085200702606281,0.00037752087964375075,0.00021140151442821493,0.00017389075073967307,0.00024659723891877223,0.05045602925507011,0.0005633893246488827,0.0018489621704493883,0.00017921732393202068,0.0007092200303979963,0.0004231234289390553,0.0036537824638380187,0.0007826844337312776,0.00023405486704666012,0.00026244180907155,0.00040349957517022377,0.00037040859780869986,0.0005050334374688767,0.0003737049114014983,0.002251239742457042,0.0007451599888918025,0.0005326326214312889,0.003167155015928343,0.00012088592432463424,0.0003707540495976424,0.0004927417707857445,0.0006279097516013541,0.00021882867612220408,0.00011610637179999388,0.000137508967848974,0.00026004460563710293,0.0005339414155296537,0.0007949275213363492,0.0005321571493110427,0.000176572163076013,9.41863057236592e-05,5.8011890901449256e-05,9.349943328528124e-05,0.0003307837592218676,0.00047176765790089744,0.00032809495917767177,0.00028922429993970554,0.0009890454782506576,0.0009289722953223793,0.000946973976192148,0.0,0.0007504661502186063,0.0016707442230117608,0.002788849240442879,0.009333048558604987,0.0010701697150773788,0.0017082697711594949,0.0028792640343468603,0.0028212723524004197,0.0018912086768214137,0.3799209694338612,0.004324322189890419,0.01580431408336316,0.0010865657872034496,0.004860630908650116,0.007711680814319401,0.01158739656894829,0.0061984245325647815,0.0014092530247338997,0.0011793346473486016,0.003943665424694781,0.0027113532989778435,0.004858765692103179,0.0037833462691198656,0.008157132421227509,0.006452326140901846,0.005259774295476419,0.032549484898627024,0.0012649012583701138,0.01167282368806742,0.0021589475304141744,0.003747583731102281,0.0024108370341428486,0.001749588831008995,0.00367344053583583,0.003525168350910957,0.006685027885063105,0.004998651304838092,0.004907288694832602,0.0011609728513488446,0.00036546210069941955,0.0020758618701036285,0.0005867525038492256,0.0037121365590864377,0.0036472405410018695,0.007818932340977726,0.0015026851851306353,0.0037335713034221084,0.008795526117951686,0.006534256780694632,0.0
ROW,C16,0.00016065225491144997,0.00034453022805238623,0.0002246600070650575,0.00029240651729987296,6.764533025867947e-05,0.0001537360082771141,0.00019129843547088042,6.420995305691978e-05,0.00013459318555000314,7.897267835649541e-05,0.010877897609302831,0.0006398443915328234,3.0354389568104044e-05,9.848460459509216e-05,4.8662559840427044e-05,0.00014828196375610533,0.0002934149180343147,8.698819199791602e-05,8.665724458505479e-05,0.00016147477244196157,6.78216767106138e-05,0.00010582813013033938,9.614262210863025e-05,8.161654058559652e-05,0.0006939512303415739,0.00013569681511469385,0.0017428962503450707,0.00019279591308711669,4.5128904057461284e-05,0.0009938592694945488,6.680464818301162e-05,5.484820495114322e-05,8.712516766619805e-06,1.5110120044019951e-05,5.5825637114454864e-05,1.6107534313138456e-05,5.1256210558955896e-05,6.788211293145618e-05,2.7277221266552762e-05,1.7750492086952503e-05,5.603844697648474e-06,8.73965767844785e-05,2.7558161368478583e-05,9.889472903732555e-05,1.7237290710351355e-05,2.567951854011327e-05,2.8647239006431707e-05,6.533514910483747e-05,0.0002348941973194648,0.0,0.0005772260652005657,0.0023433222766983193,0.0007847605484185882,0.014820349266830872,0.00010029497582825957,0.0020715877355646276,0.001537126920323748,0.0008994027850728948,0.0008020804120815634,0.0007514829007121188,0.20475361898167987,0.01624971332000428,0.00020433914392436526,0.0011957016950512318,0.0002618883304379813,0.0021497859796642915,0.0027785309211981433,0.00022348502586398139,0.0010195284125353431,0.004780266692348135,0.0006354090686838956,0.0015168723328852507,0.0013618945825158934,0.0018265582538945547,0.002961845641922264,0.0008940723160661727,0.0536998818069499,0.0005803994308466545,0.0008865496810293279,0.019346773755263644,0.0011753757429987526,0.0007938515339929457,0.00029792754920154874,0.00017739678296267077,0.0014042023022413335,0.0002958053408529865,0.0007070008251924226,0.00030146202228025735,0.00047662786937963575,0.0004172772558953767,3.9013418844188005e-05,0.0009749480091151049,0.0001765645976040311,0.0004600812904157784,0.0003209031776554248,0.0005875121762271006,0.00027357284007827087,0.0009734588486485249,0.0010067637173912657,0.0
ROW,C17_18,8.846175260871968e-05,0.00010146036125909398,0.00016296270739219173,7.452889656925273e-05,4.453407498309985e-05,5.448951700189339e-05,0.0001902708825492451,5.200048803436929e-05,0.0007760990107833013,0.00032755859951495833,0.0005468434218134433,0.009848466593771506,8.460687719083753e-05,0.0004292965194293387,0.0004087256151047939,0.0005018639655847355,0.0003501498760074283,9.05549116122449e-05,0.0001519096319577216,0.00015353624494409275,0.00021938598376164596,0.0003145490479726223,0.00012954452929931495,9.392467365791997e-05,6.702032281723444e-05,6.637167592576792e-05,0.0003472704569063046,9.035713252067847e-05,0.0001285889194624288,6.832169050541264e-05,0.0002467202510560288,6.25258755686799e-05,2.8756929983147332e-05,4.840712328768064e-05,9.616428187247832e-05,0.00014554794517359937,0.00018221749979974037,0.0007109527144591658,0.00010072382708195668,0.00010133583510687064,0.00012206869202855876,2.62347986415102e-05,0.00020266233924247712,0.0002626407365658032,0.00010092301704617646,8.619941068065965e-05,0.00011883044358300324,0.00020631587417362034,0.00014854551774997132,0.0,0.0012066199851297676,0.0017782763875098834,0.0007130711607259213,0.0004390649481729266,0.000500200203931855,0.000782041214475817,0.001886479115971332,0.0006738562502611017,0.013027574816532307,0.004166794582357182,0.0068672371886843095,0.22475033112296422,0.000515740775732215,0.006145952510177264,0.008887169104823133,0.008280593596532496,0.011359175382861512,0.000915772058021867,0.0013481853749509392,0.003881331328763526,0.003762903955147392,0.007557986056930582,0.0035017343942346756,0.0031673547083753,0.001229722334886901,0.002245416336876986,0.016261831467862017,0.0009132191222377944,0.002650107200709776,0.0015559567521450841,0.008038578195940917,0.0015159446428294702,0.0013596626973107781,0.0014398115167634337,0.004808749797310863,0.017395867330550107,0.0048365554595676645,0.026597136736685716,0.0044191827187016,0.013264689471701334,0.0067534221961329365,0.0012158966406207393,0.018135320185442883,0.007510076494651984,0.006092654655612543,0.009599205273109462,0.0031456391534038794,0.006771920685190562,0.006038140850895327,0.0
ROW,C19,0.003319637765416447,0.0015387249315722126,0.00697528125454479,0.0015987725634984812,0.0009210701661359981,0.001462775727547326,0.0037879184527281687,0.0017612718050019132,0.0004160591084760195,0.000379408781383521,0.0005931104867262811,0.0006253130792262022,0.0152554182717421,0.004312711146397586,0.00035336030121146624,0.0010208309541702811,0.0021381887611595565,0.0017566243838970537,0.0011753229964921246,0.0003561436135061509,0.00014354547454951865,0.00039087898952982857,0.00024891922488455125,0.00021265106846147437,0.00024912013061555605,0.00015324575494322768,0.00047700249084338273,0.0025240079438937227,0.0012305817260574539,0.0009287775704756079,0.0005774586739690292,0.005114338625688777,0.010865378449283127,0.013402931663957186,0.0012900304763802217,0.0012234018232955824,0.00035768127780788346,0.0002822521207850727,0.00015177380617964782,0.0001195606253978772,0.00015588571342217987,8.744204445562517e-05,0.0002495391858455749,0.0006662584248701278,0.0006020956694780075,0.0002728134747271576,0.0002937494218514298,0.0005722084384179497,0.0006227184299797778,0.0,0.008335896001867737,0.013405198859822798,0.020112138964091555,0.015819110759459454,0.015530216569368005,0.028813200967337683,0.04544657670300097,0.024797190705391218,0.003401762981650573,0.0029819140937339815,0.005839996604834641,0.0047563370254347145,0.09497664408633247,0.0759735020234721,0.0024557416161428416,0.009932025240555366,0.026756437398792115,0.045587518210892346,0.011997778259746319,0.00560872140513693,0.0013994910117726429,0.0034052308702971915,0.0032022995179935786,0.002183712952372553,0.0031536259871997006,0.0031470078676734616,0.004336335330911816,0.02602196466370075,0.014550770309400293,0.013339252598854351,0.007473274397158141,0.06927808497205865,0.10819520213234374,0.1251358003111636,0.04020030871065239,0.028824001036915035,0.004173352738332291,0.002187780988889519,0.002671438872897186,0.0011776848472525114,0.0022216402937579303,0.0018295854686333226,0.005618570804622887,0.0075640301578584705,0.008914565499612042,0.006010441752579898,0.001925072949186806,0.004616227648409805,0.00540983505002257,0.0
ROW,C20,0.008688405282563144,0.0011314675961427067,0.003424979524756681,0.0014939989299161025,0.0014335643148101701,0.002819530350743665,0.0028484886936420116,0.0011147402924157187,0.0017134124501729671,0.007794950637416591,0.006067131806221014,0.008006309500336475,0.007841552126223058,0.04069545668604894,0.007901126548245044,0.02870367151226134,0.0064442325049611105,0.002440041246301676,0.004361994935735469,0.0023931286444429287,0.0026149820642940897,0.0030269420067981236,0.0012327452075870096,0.0022599962351469273,0.0028257783659769503,0.0011644396215977387,0.0027540018333235836,0.0011797877641292565,0.002066129933782553,0.0018083669016780864,0.0006793301684212,0.000432869958068662,0.00017607727968339275,0.0004249079994597854,0.00024409467401780705,0.00014284759289566505,0.0007299916944875828,0.0011527948618917578,0.00010656945607155884,0.00012027120782758331,5.310292181826436e-05,0.00029132893717361826,0.0005629421224155747,0.0010551305832494579,0.0003280890598619538,0.0002755298735931408,0.0018781632080104933,0.000596933075602185,0.0023549130530373225,0.0,0.04513331623902721,0.022582186692976812,0.0043761890076503785,0.012196378232718822,0.017126700400927588,0.02317073522955988,0.04076450823727047,0.012579293340623828,0.006305513138221554,0.045528733037209876,0.039393907178102726,0.053710699157182455,0.023802206675704006,0.2533722680440839,0.03513307050060808,0.21503578158699718,0.034327666771712874,0.00664002426797379,0.0150697846271934,0.016956004083869797,0.014959942497748997,0.030925148165716763,0.007491481253671576,0.011599690638632988,0.013025213049711033,0.006941355511111812,0.030691036765119143,0.0020356961354280594,0.025764192396486953,0.013917002943487385,0.0030981882972905563,0.0020446927465827104,0.0013443044159080569,0.0030320439706982803,0.0023184199903891088,0.0012827326586244726,0.0035954220912970984,0.0034242456107596857,0.0006156806627879687,0.0010422221377815672,0.0002755624657987237,0.001480994828278815,0.008483137572116157,0.0051198396496108765,0.0040033525186492155,0.0045618849622574825,0.003810738371654672,0.003426692939364624,0.016495369754345207,0.0
ROW,C21,0.0005356334565174811,1.987828247069904e-05,0.00024148654333947547,3.901937610250146e-05,1.9924809203527717e-05,4.738412469613633e-05,4.554271341504216e-05,2.51826939363795e-05,0.00028914532422675903,0.00010914091763431372,8.066390744547229e-05,0.00010273343159644913,0.00014787950109040434,0.0007570300254529028,0.012456757428312336,0.000364720642593806,0.0001016790257970416,4.8621777074230945e-05,7.564088595210722e-05,3.774949990124029e-05,9.690025191889845e-05,5.023671234251333e-05,3.3094961608797654e-05,3.8899957757990004e-05,5.8584309424741865e-05,8.127085718598425e-05,0.00014167203735921752,3.21561122980929e-05,4.3343093147284856e-05,3.190102941936799e-05,0.00036862985669572004,1.452758591055052e-05,1.6984317027679616e-05,4.1953457210076395e-05,1.2947925630724738e-05,1.0729916056391831e-05,3.5219411385806025e-05,6.886357554911085e-05,1.657585207871644e-05,4.597971101664504e-05,1.199266759045092e-05,6.279966172703974e-06,0.0002856198490742546,7.389905201633759e-05,0.00022056652930388227,0.00012690703586288847,0.005152704906664324,4.945298728326984e-05,8.287147363943793e-05,0.0,0.004257865554635708,0.0008267714810313686,0.004343823660871059,0.0003404261234095646,0.0002985707920185933,0.00021915637567364174,0.0002828199860623866,0.00019640618600752234,0.0012928145695763281,0.00039671160789228594,0.0005138479143273061,0.0018097012040935538,0.000249490006265481,0.0031300616158055476,0.17599434159871755,0.0014025843839087888,0.0008827934899078324,0.00024188038167359421,0.0001516723320404141,0.0004315491124726981,0.0006416821078201859,0.00031783044535708786,0.0004869148018962717,0.00026569376465820086,0.00020161613508565336,0.0003461848362622652,0.0008731868035677158,0.00012325799754248044,0.0012468823978526809,0.0006444895281516138,0.0003452940987185621,0.0001533803676323336,0.0002545266518069579,0.00027020477865328293,0.0002657326999491784,0.00037686465138424486,0.00017117648588194713,0.00022868863486952528,0.0003115308045237354,0.00030315848167878056,9.519709801913375e-05,0.00011703106699924757,0.0031177483837057742,0.00025224382758515506,0.001318135607368394,0.0007581995854665556,0.05853701100141136,0.0013219805755733992,0.0008239092600550369,0.0
ROW,C22,0.0005404036171891245,0.0001796952826003916,0.000707299068210025,0.0008465083150868046,0.00020826471881884234,0.00034728002465577487,0.0004913186897429107,0.0003623360443652587,0.0016205162782760914,0.0013445042787936711,0.0010475755411781934,0.001577623181669125,0.0004248483814439454,0.0016683239392113124,0.0011317024521655355,0.012190388431715994,0.0014067125809879445,0.0003340594991181758,0.0006048981033620493,0.0011426500282567542,0.0013333373683330552,0.0029757663759663487,0.0016327295541334042,0.003993090359394848,0.0012119565146058635,0.0009371070531731464,0.0018894881030343048,0.00017097512287555952,0.0005679448765852104,0.002674385739336841,0.0006694282182780395,0.0007183811558548217,6.0332594450159e-05,0.0001869222865648572,0.00026184956042306086,0.00024901105648665194,0.000252666415454154,0.00018918312487297047,0.00033740209470627114,0.00010073768660591548,7.094591190142916e-05,0.00014335585353560207,0.0002573762423891969,0.000432848898341106,0.00011798857212118397,5.028903800043265e-05,0.00031494290797213153,0.00023147289716308447,0.0003614524227657187,0.0,0.004921841841656883,0.0035665714808338716,0.0026314771741388692,0.0050528487765782925,0.0010514006857458807,0.0064677151791100035,0.0040957209311676375,0.006505510505531572,0.012014827952998408,0.011287433046771432,0.006997337250625623,0.018491980325652742,0.0017703930884748079,0.016176976654182666,0.00868555789690498,0.14209626424971994,0.009498633695461394,0.0011306360811329792,0.002091531775871049,0.009623881275240552,0.016365587611608,0.03429414597336183,0.019012724850069034,0.04269541585246425,0.006863468692975457,0.026556384385984302,0.0326227260285329,0.00045474661731370467,0.011883028637702105,0.01692306829123763,0.0067855474373599125,0.009178254847641376,0.0011213831734927704,0.0016960694895451728,0.006209195704256428,0.00995053845230429,0.005037253025977032,0.0020943838930278275,0.0022034686556089565,0.0020960817440443284,0.00036779218279916906,0.0007344100758015943,0.002475696789636405,0.0023626641990625616,0.0018816419402319347,0.0009419163673785094,0.0024838353525665127,0.0020608595804829806,0.004318139712544358,0.0
ROW,C23,0.00023579548179744465,7.36114159182644e-05,0.00022537677019006375,0.0003715115547613063,4.1779259056266145e-05,0.0007778655261568446,0.0010724544644262577,0.00020745333300430522,0.00036316691204925876,0.00014489739254283938,0.0007609964626639077,0.00010216883766073896,0.0001101999470410024,0.0003657818204623142,0.0002042564064719559,0.0005246375394595961,0.007022349576327884,0.0005879161650532517,0.0003309605460402269,0.0003430932231514797,0.00043093264218820217,0.0005937623385720589,0.00018662232065577876,0.0003678252556988079,0.0004406914355498364,0.00016867187682782526,0.000369609415346406,0.00020922313357591896,0.00023726344477610511,0.0032348831916957418,9.282329495591329e-05,8.806341954414144e-05,4.0637764116070816e-05,4.590022902766474e-05,5.5269969767510424e-05,1.471193029525407e-05,0.00014015115588116904,2.8994759366905183e-05,6.295492735566692e-05,2.5670338028170545e-05,7.537666048005779e-06,0.00013668286576570872,5.81056093782703e-05,0.00011243097247738517,4.4725261544581914e-05,3.030128981490406e-05,7.928284669641588e-05,8.166016040061286e-05,0.00013969669020917494,0.0,0.0007811858079531718,0.000787797701593288,0.0010512914695420454,0.003026017794002997,0.0012904948671017841,0.0026463660342045327,0.011453784481284215,0.006327016951602721,0.004108183868136837,0.0006642310173351414,0.003881403767991571,0.001332144273170445,0.002094848533796385,0.004136365126826285,0.004633841898211675,0.004624902070166033,0.15731944655323368,0.011454047327274315,0.008151410365649174,0.007971014794312089,0.012218292616477739,0.020097573735576583,0.005385065135600651,0.012032934295452671,0.004579037395946885,0.0035187216309798233,0.005714165023002644,0.0021724412124603082,0.0031501319593564693,0.09987541211610165,0.0008458835461606339,0.0008063915848178155,0.0006141097028671685,0.0007426638303525175,0.001319051542272061,0.0003398268053838972,0.0016929535258966453,0.00022850648700305316,0.0013740784647825431,0.0003257463538159753,5.4089354295689686e-05,0.0011556361464078087,0.001184825040219539,0.0007540667587933203,0.0012288638146415775,0.0007887846796039282,0.0010723543890705483,0.0008696399016074548,0.0021440582105282688,0.0
ROW,C24A,3.909192958998413e-05,4.110919610540016e-05,6.63806160139259e-05,0.0004336559923626431,0.00038689295016674786,0.0008619725065209626,0.00033926605618636964,0.00041241098681457373,9.190268231672795e-05,0.0001368412767938197,0.0002343769024113459,0.00012781921032274703,0.00011416306410956282,0.00043152548781654886,0.00010538435900565674,0.000613859399537404,0.0010504139434421745,0.025202735362193748,0.003057850568100297,0.010280104107380329,0.0005862415448469455,0.0030647204661193575,0.003938174094424812,0.0024943450816567922,0.002897928420760172,0.0013068034037058368,0.0017575861575485118,0.00017677397392190975,0.00063786166639744,0.0011360075661199596,0.0001312009489514859,0.0001687305019039694,2.2870979496128787e-05,4.53977924143704e-05,0.00012821857505828074,9.139195574961169e-06,7.837222445302417e-06,2.2213001606592106e-05,5.766066499444576e-05,3.257343530292985e-05,3.581119314231249e-06,4.874743756548343e-05,0.0001094660339886369,6.328185758944302e-05,1.5009388638608889e-05,8.811844949394251e-06,0.00012809344364240953,2.8379833034994268e-05,6.165947291158073e-05,0.0,0.00034629854905187876,0.0007406394398008218,0.0004228970395165661,0.02638599498926257,0.010867172829729418,0.0046596380757739095,0.003611377342925938,0.015704007604704164,0.0003276359447848305,0.0004682221604066626,0.0015838341375040749,0.0014036806338482556,0.0006424642600985114,0.0011240954862352954,0.00023480700089297527,0.004734665902499863,0.015348353277981458,0.24335610983251046,0.008123363984229774,0.1675054147569759,0.0054449188108219556,0.032824106744310834,0.0787543531935285,0.04523658736023781,0.07325219896826832,0.031304603824898615,0.019132580318733446,0.0033498093779657204,0.01227840921581696,0.056759510637084586,0.0007062860126056583,0.0013259058852735503,0.0007225507970005376,0.00046997320964396624,0.001324636794950434,0.00022759387667600114,9.265688779917771e-05,0.0013078395417391879,0.00017106713521556372,7.896267755700288e-05,4.412253705050538e-05,0.0003338848792006786,0.0004935194395942032,0.00041234421888144187,0.0001542130753695805,0.0001212757607082397,0.00010423362376782842,0.000990660602231751,0.0007842690521801247,0.0
ROW,C24B,4.1924669284035853e-05,5.181675091809887e-05,5.159998613515679e-05,0.00021698904968359486,7.152682781457537e-05,0.0005198513656252316,0.00018385357656453607,0.00011933004008383498,0.00018969474956201252,0.00017231165050430913,0.0002379397933704826,0.0004184163161230071,0.00010613975127184184,0.0020214018254880108,0.0003275495579589859,0.000977221647257133,0.0007409400832572799,0.01020063742900835,0.07317882139134536,0.007835315367944046,0.002401492224933473,0.010778061696349069,0.002473045873258025,0.0014455612855663513,0.0016153796185816522,0.0012097030425021076,0.0036180072630704954,0.000119195931460869,0.0008030810871994019,0.0006153338862778633,0.00014920522094443562,6.520349051764039e-05,9.482880674561509e-06,1.9181178813317934e-05,7.587330866104407e-05,5.6829531806167455e-06,1.3083344605863042e-05,3.153879457220348e-05,5.7477542710097476e-05,3.3095474682884336e-05,4.3014464401418026e-06,3.989319183372057e-05,7.667159887501394e-05,4.7121642402236907e-05,2.2139112254534253e-05,7.529155272221546e-06,0.00016163958960408364,3.214135326408805e-05,8.333630040011458e-05,0.0,0.00028174545612342865,0.00032715189237858067,0.0002008829278624073,0.0006729564387842082,0.001481211457437193,0.0029662700094420756,0.0011589746202652056,0.0024183737040046416,0.0012583997858674298,0.00046825075952599215,0.0012921957481192865,0.012039871104412266,0.0007205079602436709,0.006603829055389313,0.000717595368715463,0.00464642876706389,0.00685561981818272,0.01946571537094261,0.31722765459440916,0.06400142870801896,0.019107294732488563,0.13161130550277292,0.03411570105401367,0.02938881140931849,0.010913946702411746,0.02692768847110333,0.028616787791960027,0.0007524773797669773,0.005908697400680529,0.004716267641972476,0.0007433524165058472,0.0006120323133581272,0.0002606782931897618,0.0005514000757930227,0.00044941621475053827,7.562401483334563e-05,0.00020662864731123517,0.0007027818579980494,0.000431051252815856,0.00014741935652397701,0.00014813394481544786,0.00013673975712152927,0.0003659911221052312,0.00015685203296871158,0.00024400089452617437,9.654115958790781e-05,0.00025195337842807904,0.00027299532883743964,0.000560621609200006,0.0
ROW,C25,0.00047449699355121816,0.0003107814293125875,0.00047219380434269237,0.0018572023453877215,0.00025168480717715114,0.0016529038122624308,0.0010656927742198562,0.0006596123138790764,0.0006573430764740211,0.0005210957685764541,0.0012148223297066484,0.0003298823208279592,0.0004802509355121026,0.0005358397167496735,0.00018342955150911684,0.0013621075352184988,0.0008119242024538748,0.002649703973318286,0.0022493610864702507,0.01083665229674764,0.001474280306119901,0.0032173648950832912,0.0053670733951068665,0.00409672805304596,0.005428516712728057,0.0030515188664788037,0.0032054383785055447,0.0003868968522066278,0.0008104635130092011,0.0030657958213541653,0.00028533501493632193,0.00024971554273189693,0.00015859671159856403,0.00014182198951362163,0.0002627705308460407,7.436841666486288e-05,0.00018078846633482628,7.755511180375942e-05,0.0002438843152068442,9.033898965707615e-05,2.2870474376162324e-05,0.00012048075871588047,0.00021925868193964089,0.0002753825630659945,0.0002677412449993907,4.568024406770655e-05,8.591206218012182e-05,0.00018053406888479754,0.0002136781344351472,0.0,0.0014603859439013907,0.004828088754223526,0.0015168549298498972,0.028291282110881777,0.003350816304802057,0.014001718001399231,0.01825048720916815,0.008835710676229385,0.006432434614663235,0.0028278084630063765,0.011938112814397208,0.005968706236535543,0.0016909355405495808,0.0052242231522271615,0.0043008237562154345,0.012291975976118918,0.01587690757075063,0.008841889403860737,0.006667131851022602,0.11108898438486316,0.013711724932126622,0.03716188008184531,0.05592523863050738,0.04234239418222757,0.064701410239932,0.0344610145629679,0.029145761991743634,0.0024797654560146975,0.01008533912828273,0.0404450401648831,0.0029298572348390437,0.0016928299973501106,0.0033094441405190824,0.002059236535715974,0.004696588673046285,0.002339103872018701,0.0024491759051482103,0.0010349340965034011,0.0028779966286979534,0.0012327401520294376,0.0002843786640008829,0.000984155768490591,0.007199601867651956,0.003465741747379883,0.003156134035379748,0.0012258634965426798,0.000983810473534155,0.0019072859467027488,0.0050777043279160924,0.0
ROW,C26,0.0001166131311077016,0.0001528212736143586,0.0004804818129046574,0.0006103594522017253,0.00021566590630890708,0.00019075783747989482,0.00026809891678002877,0.00035597851676320814,0.00014369564943714653,0.00019080377056514963,0.00016860795600792021,0.0010342166958044563,0.00032157338171241826,0.00046715953270412086,0.000924165345713316,0.0006342290779104504,0.0004934789744989158,0.0005784752816143606,0.000378523530399495,0.0012374544634364641,0.07914338208433572,0.016826503956632002,0.004627475856353011,0.0034610097918170006,0.007251504009481615,0.0037268750432720775,0.00826089610874042,0.0021905272565815896,0.0007585578841012386,0.0009193898079208858,0.0011273253284228586,0.0002738611877004668,0.0002234176369874148,0.0005817528437109074,0.0004838412948681199,0.0012871587342769694,0.0003166295654603708,0.0026755030135790694,0.008249184963136397,0.0042261196952502085,0.0005685510208048393,0.00012517030860098756,0.0015879539841147322,0.0011773796930386333,0.0013411274935283392,0.0006446109944121903,0.0014319851345545751,0.0019228244013801549,0.002048824631131748,0.0,0.00044347769754252885,0.0006324236539607565,0.0007054892658815821,0.0018171068714091273,0.0028160463500764726,0.0012116354848223222,0.0014249074024332514,0.004407719725052386,0.0010616494180320218,0.001275587975028795,0.002854950539271338,0.004023223580367125,0.0014410242967658415,0.0033556547314681873,0.001351328548055614,0.004722045567934296,0.0021034788284544073,0.0020965821187281805,0.0017912706125285777,0.007593287517782725,0.32999143926038704,0.0601274360394782,0.03183468944307829,0.02400382706933372,0.036521827641365474,0.026654676047080657,0.016298610776002538,0.008210450694267197,0.006195893878230889,0.004021522218138717,0.006621388237999225,0.0022500086238528834,0.0020901701526690433,0.005244142113894613,0.005222332399334119,0.002180962512716715,0.0019759781512122747,0.00661954755071295,0.0232957149440127,0.022761320267488987,0.0013273634631691296,0.0004920778309186411,0.015959756311467697,0.004220421073778605,0.006147816412426465,0.003789701358797497,0.007190084796179407,0.0043312791878663175,0.013626053823004611,0.0
ROW,C27,0.0002012020719624092,0.00014042990696751698,0.00037808211014284603,0.0010767259662329892,0.0002177383657561679,0.00044950352900091005,0.00040102002686644904,0.0004422408075260562,0.00011442644655999793,0.00015832716802403914,0.00019904267856295612,0.00027681615704690525,0.0002786947239197655,0.00028048935838267226,0.00010442263716263706,0.00047556803074556706,0.00046121482747433985,0.000750916969737599,0.0011010301630078414,0.0012674176139486056,0.0066696404639990286,0.02666043943039838,0.0043190471490021564,0.004408588405692572,0.00407141535181766,0.0026456821764134224,0.0030300499329974306,0.0022938914271023294,0.0006290109966765848,0.003553980845133413,0.0004430864730094613,0.0004526845449815172,7.935317836944051e-05,0.00022098881114782665,0.00036262149904058065,0.0003963031343229434,0.00044070691493145055,0.00021988179211670258,0.0016562859252675628,0.000419719315532856,3.938314709231076e-05,0.0001631138181298622,0.0004071352959066375,0.0003790619756536584,0.00017483707312820575,8.43450288902301e-05,0.00012386681370313036,0.00035636319964384687,0.0010834917388170696,0.0,0.00047775995991517574,0.0011967709127222773,0.0007409082200485289,0.005302347185995441,0.0009386124006361107,0.0029247994784913603,0.004190056792153851,0.0024956535340201207,0.0005295617565732284,0.000572696073509815,0.0020311684340108813,0.0009844985488896318,0.000515744347343352,0.0008663756086548123,0.00039051545434000737,0.0023009938357985795,0.0015724757462615817,0.0012589335276877503,0.0018679862545010427,0.006537671372306825,0.03073464644024177,0.1312045737767454,0.03584787917935059,0.02535588399937578,0.03677678409879297,0.03709960085621567,0.009164425321429777,0.02228454225723334,0.0029075199273406018,0.018644085474883124,0.005410926268398938,0.0017951359247185066,0.0009290510925389002,0.004451803127465952,0.0032559950660394758,0.001154759764996629,0.0012428949606440665,0.0009691663517664606,0.0067000934317753115,0.002399938178147703,0.0003139776993522746,0.00034048769075631445,0.005169010039336509,0.0018723679779733423,0.0012046559040683232,0.0005306753580324541,0.0005558361205240859,0.001365460339564923,0.0058067472931235126,0.0
ROW,C28,0.001288629386319418,0.0022723459329009876,0.0013860389532644624,0.0038136691838662647,0.0006018193724768619,0.002136929242824078,0.0034072170949415773,0.0017279351247332928,0.0005350828709463668,0.0007544576069199901,0.0005686677076117785,0.0010643360621855403,0.0007697582181538815,0.0006763442765208156,0.0004794954409775212,0.0012424826746478886,0.0011247475671150903,0.0015723268510434052,0.0014144069342554362,0.0021935463745564893,0.0017714598116923264,0.0036705938124131743,0.01993285925130511,0.006017877890433371,0.008654616273045763,0.003884768777929676,0.004935362092857027,0.0008934659458832981,0.0013947713003178777,0.0016698006301893503,0.0005117553698510714,0.00033243436545275887,0.00021910658942494985,0.0004196958806976637,0.0006962210359473436,0.00030245807311179957,0.000328986222504516,0.0001915347221535338,0.0006840111550599324,0.000184485165116935,6.977366181603082e-05,7.612145132238407e-05,0.00044150378073611133,0.00046226268506879993,0.00015181969114228406,5.762893079723288e-05,0.00016304037307647906,0.00022033651553005412,0.000488544821786508,0.0,0.003830561896152674,0.007164168722637322,0.010261163485159628,0.029411629407669816,0.014544859623986101,0.02262782154793412,0.02758754027413642,0.020518673226041804,0.0017189739404996655,0.0019410392866608091,0.004204823788332875,0.004819363501697748,0.0027667081314930865,0.005006566273156618,0.0013175865439610888,0.005242575969371112,0.01187677040068175,0.010928713471640117,0.005953382162508236,0.02206297911700189,0.015873358545718384,0.02767682877581174,0.1473445619051869,0.02903037027384962,0.04263201310353049,0.02663905182821195,0.019189790878325536,0.0018575095127939308,0.006756075049861103,0.01118421423504287,0.0026599458141640347,0.0017462240977728263,0.007983831550077244,0.00599661662753143,0.008079769872709147,0.0014374703421186274,0.0009228225860255402,0.0009157629690715189,0.0015220658102296082,0.0008662634798744982,0.0006272397005343464,0.00028860016861916363,0.0011012265741247584,0.0018723627949904175,0.000911599570205584,0.0008627722987605611,0.0005692728110852604,0.0012035106946408334,0.002375666459148606,0.0
ROW,C29,0.0001637070986136213,0.00019273784719413934,0.00018088178551734727,0.00012695458834374943,4.801567990445537e-05,0.00015179586087043915,0.00019349633477192606,0.00017528919166736603,5.0350319921855064e-05,0.00013021669617598126,0.00012289939074129586,4.0692854962035734e-05,8.32522387709692e-05,0.00019238716461863784,3.207915473063395e-05,0.0003704184731132833,0.0005192106406113666,0.00014580838153580196,0.0003091959619501237,0.00044603151022154145,0.00043739363157757215,0.0013264543360356395,0.0020410121077588154,0.02545189369879499,0.0008703377111693674,0.0009950035510762295,0.000959452473691641,9.283420390232517e-05,0.0006513323937679398,0.00023984243531394083,0.0009945609509167325,0.0014948092999487734,3.384688523072149e-05,0.00029168296483995254,0.00039588634071155594,0.00013920368123103948,3.901235632259372e-05,4.783673911744088e-05,8.638629496871445e-05,5.796747415849803e-05,2.2235878657231046e-05,1.8835232725680115e-05,0.00010124859563373694,0.0002177230827031414,5.6877196443970666e-05,1.6116365875788074e-05,3.68673067586193e-05,0.00010962414697811935,9.997141141329419e-05,0.0,0.0006208964611208629,0.0026654180897732354,0.0011567141638149552,0.0012768094264362046,0.001111591394082679,0.002139736876787671,0.003736117585229006,0.0017918407613748222,0.0006580375785808953,0.00044682505049116705,0.0011670313126038252,0.0011005930240962042,0.00026191666187123306,0.0006100744164147036,0.00025029249375674073,0.001372891679358398,0.0020406720415344195,0.000599419452544488,0.0009030930190975946,0.0024958851585996215,0.0013271441550254115,0.0037758324171649,0.01361408048353732,0.2359516870442169,0.006403653692053995,0.011137179570167985,0.006004660728706754,0.0003956543968497502,0.004008679560783758,0.002311419666349103,0.005927125956959808,0.030978815229970324,0.0005498877387913803,0.000797922361124289,0.009055924297836132,0.007604787449547738,0.0006354758329001743,0.0005065839482361732,0.00046755013956440144,0.0004532380416557708,0.00018826413781473494,0.00010268094722937633,0.003907212290628501,0.003574105968981715,0.0013286969549128251,0.0004414750309671337,0.000470162189159486,0.000738539129852401,0.0035952062506432593,0.0
ROW,C301,4.491617070966848e-06,3.3545997093476576e-06,0.0010041294672113888,1.3728422676541934e-05,2.5536001091364128e-05,0.00024732744694730527,4.337841257464946e-05,4.3674385895643205e-06,2.4156072949093235e-06,4.747427433600873e-06,3.491324421556549e-06,3.0475930723278273e-06,2.835367565803492e-06,2.886605851487581e-06,1.7345432171405442e-06,8.189152354827966e-06,4.021343793220952e-06,8.173752905569343e-06,6.641282048332531e-06,2.7669400780715217e-05,1.2431981301488217e-05,1.5267754500067348e-05,2.5714922183425954e-05,3.770884073377867e-05,0.02446492024733728,0.002232791750127875,0.00026050456618896344,4.134647502500862e-06,3.1521235600511538e-06,6.5092507874553615e-06,2.1787512905936703e-05,3.62118217812039e-05,0.002113819468933293,0.0006089002872481683,0.0002546837304094683,1.245915433255381e-06,2.3878573310696167e-06,1.8154576298599034e-06,2.4602950277809447e-06,1.054422681354059e-05,2.2335287607758e-06,6.322624846366206e-07,3.038397858797701e-06,1.4449126894622838e-05,0.00022594823469084744,2.256794238170005e-06,4.6488641157771324e-06,1.7713641430600557e-05,1.4412240967272108e-05,0.0,2.3756054915783466e-05,6.741684503130497e-05,0.00707277676906537,9.64395660075672e-05,0.00022987192297954916,0.0001039716958557871,0.000533479295727474,2.8786108697242977e-05,4.1485861271417114e-05,4.4358133915925317e-05,7.166577950597322e-05,2.8752483806951968e-05,5.1693841348095666e-05,3.1257297781029526e-05,2.748479365566611e-05,6.829662400812285e-05,3.285384989190611e-05,5.188670191456871e-05,4.012468198135203e-05,0.0003251913492122405,0.00012033430308146585,0.0001462314252148368,0.0018204874407772291,0.00041525294861143443,0.16009714344380208,0.01197424297047717,0.0017640731774891652,3.6114750215291454e-05,0.00032081651612394493,0.00013739125609395827,0.0001423353329433836,0.0008736301673882694,0.033157505235085004,0.004864032522564521,0.0012318640259547234,0.00025292817431038283,4.266492435811132e-05,1.655260601735758e-05,1.401465083871957e-05,1.2818868521181005e-05,5.320102978576433e-06,1.582751695688138e-05,0.00013901506368160652,0.00014067002856327592,0.0011543745121487421,4.051612470894661e-05,2.5002127752652792e-05,0.0001869942906779513,0.00019833627404868467,0.0
ROW,C302T309,3.517140810845091e-05,5.986369697629553e-05,0.0005348444685604693,0.0003563614184095238,1.2117381576787002e-05,0.00014724764645807005,5.053488469372286e-05,2.2041580468022893e-05,1.408846563098473e-05,2.9674251597755814e-05,1.612772973350057e-05,1.9906489410683162e-05,2.0187162438202644e-05,3.622762054593681e-05,1.8231850834306278e-05,0.00011900630282732091,2.6646248684177918e-05,5.2984319468302e-05,0.00015147160723803956,0.00010521046365963189,9.927951475018918e-05,0.00017596726516227513,0.00013291129231223568,0.00034964220985952337,0.0064796348982419,0.05738495588546021,0.0026552380260769885,2.2951342129883348e-05,2.5334100993255634e-05,5.062285573928528e-05,0.00010420062545654411,0.000850461073967033,0.0007977132506364953,0.006879079158080558,0.00016487666862267887,1.7967843190766635e-05,2.38184118132119e-05,2.1569400413699837e-05,1.7290057555893908e-05,7.607279619290359e-05,9.398940015318947e-06,2.9886304930794102e-06,0.0001089555913786842,0.00015595505861003113,0.0013160570768415236,1.2777399121905075e-05,2.5168865284093238e-05,0.00010244944543561959,6.536415960341561e-05,0.0,0.00024953823424550835,0.0011383963334110356,0.0007292736182651139,0.0010316705347099663,0.00018057944448794265,0.00037481383835764724,0.0004680477872948325,0.000248897408533537,0.00011147626625591505,5.9452170073586954e-05,0.00030266606483325855,0.00014669926972609706,7.526524179569845e-05,0.00014958640832753427,8.880542398626827e-05,0.00022909310104758567,0.00012982880166607604,0.00011678853967889704,0.00012408400634943313,0.0003464146312046024,0.0005303364544820354,0.00046882100708355435,0.001543903582065615,0.002455345459118734,0.011791471807314782,0.15395138029502795,0.005342693505900065,0.00012428732485650416,0.00025439348148785783,0.0002526937789219049,0.0011730451068148312,0.0068641120045672775,0.006398242650484845,0.024925310695359654,0.0029964687833004427,0.008407119240689822,0.0001627810071871251,0.00025687860227405386,9.549803417022348e-05,0.00011409898552716325,5.934772752022929e-05,5.648310656752938e-05,0.00038190985764601204,0.00043528885745418826,0.005493814332927044,5.642356620451198e-05,0.0001384018408441601,0.0008268938789092593,0.0019480922905838062,0.0
ROW,C31T33,0.0005776959764610355,0.00020675162701155837,0.000882439789862031,0.000474219260659351,0.00046091752007166654,0.00026286770961781955,0.0006711124523118846,0.0003943495843715233,0.0003190904539157859,0.0007657143511794147,0.0010639670848149308,0.00041098593614759325,0.0003192914743247488,0.0005337224262569494,0.0005997196666154068,0.0004857137581512977,0.00046441410427389834,0.0006640240211815523,0.0006705611850755985,0.0005587080301371258,0.0016544620515948007,0.0007452685220446436,0.0006953300545301489,0.0008146695393014805,0.002263011117784582,0.0014014512846045634,0.00584223936864555,0.0004571617993221817,0.00038128488110994224,0.0005805252253432314,0.0003212793430663226,0.00036215454748373077,0.0005104629184859445,0.0019326422660608422,0.0002259573061768962,0.00015812178628243608,0.0004518136377054951,0.0005322354093472022,0.00037453049496062813,0.00023250575374489756,0.00011847170958392429,0.00015973954560925593,0.0003111600646288245,0.00039989778292443326,0.00036071023651241467,0.00028825306647208536,0.004144886284502802,0.0014172043895805595,0.0006410433980804611,0.0,0.0013471415818038688,0.0035040897928556056,0.0037617665625363844,0.0032011137436337555,0.0021847959062189274,0.004798914999987088,0.003147402199656012,0.007333919582488236,0.002059489529214346,0.003570351106873575,0.005516026091052081,0.004587387720570696,0.0015148729270347595,0.0029137416954516555,0.0028759427736502526,0.0037319448907280213,0.0038947415113239326,0.0036729837546132338,0.002849614827164514,0.004200239386687126,0.005667657096182203,0.004389524202116454,0.005457461238007381,0.005958370896651604,0.008507135272638305,0.006728954002908625,0.04700901958668636,0.005377050690050749,0.007199602699127003,0.007960859021298918,0.0037272537481497737,0.0035722345618052695,0.0064454397458087315,0.014521097727760907,0.005702123837431547,0.0030273306169613435,0.00437121836343936,0.0053607716590945926,0.004107449713515393,0.0032166550583177388,0.0027527982281361518,0.0012968782492669378,0.005393952964725606,0.007682901779766814,0.004930988995056892,0.004193192577158,0.008837633329925466,0.010977111848483906,0.011557812057377645,0.0
ROW,D,0.00012988861656559902,4.970128787343536e-05,0.00011556587589299374,0.0005411953033288881,0.0002052750453129928,0.0004123353936002488,0.00030499562632038446,0.000677254184043819,8.920644814490844e-05,7.940697585855037e-05,0.00019606775582433074,0.0002563305035344291,0.0004585495685139648,0.00018679982776744449,4.086906620928615e-05,0.0001511082007563929,0.00021677192931275006,0.00029161479928929734,0.00023838959841002144,8.306456460465315e-05,6.377388525290076e-05,6.572902511075494e-05,4.3834646468379656e-05,4.3496682206375767e-05,5.0032485350414255e-05,3.6275838550389026e-05,6.292399026696304e-05,0.001153031848976914,0.00014752086975341425,2.5622910462201545e-05,7.600723540631196e-05,0.00011930206370655745,2.8513432333871858e-05,5.7009366987925105e-05,6.376940141376961e-05,5.934147009449405e-05,0.00012945270011143392,4.390534036067653e-05,9.88126132250298e-05,4.29143585099187e-05,2.5702078404541068e-05,8.812129813546784e-05,4.669458821494661e-05,3.984376428844011e-05,7.2110322093511e-05,6.528740011516099e-05,7.437820204316647e-05,0.00014255432586813998,0.00012152289235962309,0.0,0.007086880834792854,0.003242444910243184,0.0058940002348051345,0.034318937844004506,0.020640678957555628,0.04354079862149106,0.04916602354229286,0.018999980287194042,0.008960725631452475,0.011751227155845702,0.01600200574611942,0.022824853501035962,0.014152591192157317,0.03267164902984954,0.007756961668187302,0.019465137876699522,0.03941262984231309,0.04198694932545957,0.03986377697514929,0.023947098407029892,0.010323833135522925,0.010161284439416178,0.011830621311259832,0.008409341561027664,0.009887027044895844,0.006532416184514574,0.009271842266289002,0.22076897879706087,0.0344116601519407,0.008256133469303357,0.011316422093953756,0.022449293035569754,0.0024480561651544345,0.0037927914738851076,0.015337055984952377,0.005162419186089057,0.019535428463588616,0.0038530316671588952,0.009568404434745633,0.003365306585476792,0.003982666395480889,0.01491216878398195,0.005281879661591964,0.0040846662813395496,0.007007751621736676,0.008362301175902214,0.006073597108931722,0.013843474611780794,0.014320688152607945,0.0
ROW,E,2.7568710762872956e-05,5.1798145262472975e-06,1.48363008010997e-05,1.4328208133284058e-05,8.267621531568924e-06,1.6360849606452227e-05,1.99910840884914e-05,1.3855322422066122e-05,1.3201574751248625e-05,2.8357980258589205e-05,2.288936426938088e-05,2.7628272707753898e-05,9.888265346567733e-05,0.00012416707820002657,3.507329141454079e-05,8.860264499366544e-05,3.0477715267179954e-05,0.00011330974814418275,4.4584711728984896e-05,5.859828950802883e-05,3.255549581871388e-05,2.7352584783260158e-05,2.9866991380730216e-05,2.3327565281345288e-05,2.7142844705373837e-05,1.9630225506508903e-05,2.7249946865316273e-05,1.655659931162073e-05,1.473603822358099e-05,1.8548440430571797e-05,1.0040292333506337e-05,7.03141596988067e-06,8.867016737066524e-06,1.6510331553174407e-05,8.514506533274086e-06,6.751625414162156e-06,8.935367674053065e-06,2.007486733510518e-05,7.743701465748987e-06,4.291251344031868e-05,6.773274670975122e-06,2.942305839649333e-06,1.441487331456332e-05,1.6084173131810433e-05,6.9919272537240975e-06,3.978990889515862e-06,9.59626971838436e-06,1.5277969322457993e-05,1.2294406681267817e-05,0.0,0.001556827724023586,0.0006142858827475222,0.0010342221238353088,0.000913227343459351,0.002043647006730944,0.0021594728011799253,0.0021106131201942256,0.0013448900596694498,0.0017701579656868743,0.000920663866668467,0.0014752187745768989,0.011229652506336734,0.001358406128099501,0.003149639911207253,0.0013982724125713966,0.0042023122693465855,0.00249701309002152,0.02706482654075873,0.011432677690696346,0.003929151955715327,0.0007207760637306079,0.0009370656560466716,0.0010101856115179643,0.0008874017391748803,0.0014805384054758287,0.001263652584812446,0.0013019773318246578,0.005341247655438099,0.09612290467553909,0.0018637006962511056,0.0020285598136731585,0.0024491232085945428,0.0009622029303893903,0.0011438494841148152,0.0030122967156185885,0.0015558139370407665,0.006325390842414158,0.000788766858959892,0.002843019099136642,0.0011743562216006416,0.0014491423254507155,0.002142097202471137,0.0016999647742181132,0.0021921995797410192,0.006201512801032745,0.0026273982417712024,0.003418457651770177,0.0054957872872564645,0.0042922800439782974,0.0
ROW,F,3.4544075946577484e-05,1.998619527332919e-05,4.011089953918324e-05,6.210000904898539e-05,5.283343402534659e-05,7.259331870483391e-05,7.76516423123558e-05,0.00011733995107134877,3.862841415795115e-05,5.153217729952232e-05,5.0226378359550935e-05,2.9183637937097297e-05,8.103616636416648e-05,6.142857884553533e-05,5.890276430682915e-05,4.480665327807962e-05,0.00010436506141352584,8.459925082195948e-05,8.552414185319602e-05,5.33109262269359e-05,9.558249171308497e-05,6.533257884236303e-05,4.929442247083468e-05,4.207874560301447e-05,6.102995852937564e-05,4.526653582431585e-05,6.92236015207535e-05,4.017327708045275e-05,3.1570807034520596e-05,6.371805576909009e-05,3.109577819130681e-05,3.177236543678269e-05,7.924353322912352e-05,0.00010737334866422576,3.990848460994724e-05,2.7115975397645954e-05,2.2674749662022502e-05,7.567132264979025e-05,4.589198714151544e-05,0.00014164910674816699,1.9246277850036065e-05,8.04734930182149e-06,3.7909798882314135e-05,3.787320497246439e-05,1.9155078136082726e-05,8.805528543964534e-06,1.9945023431188345e-05,3.498207062303038e-05,2.145543996144503e-05,0.0,0.0025127975651350145,0.005322219265630717,0.0015962272256888489,0.0065294601711231555,0.006811646765500608,0.012186694362436596,0.011225950787608673,0.015622255766670872,0.0019497695811254217,0.0031562943091625693,0.003013054876197223,0.0036629906574451704,0.006827404472466317,0.0031223705590846234,0.0024106914273746565,0.004560778525908573,0.003862959336247962,0.0029499260646994683,0.00286754600400092,0.0028078999971550816,0.0018888789619579736,0.001768043341097494,0.002384294003713536,0.0015825891998998399,0.0032383172589523944,0.002273138230218032,0.004100704641096292,0.01372611273428188,0.01749334490970756,0.056453667552081865,0.004735287504623957,0.007735542420975721,0.0015638419510505448,0.002155319783702792,0.013319240008688404,0.004882376322506564,0.006005819557417027,0.0029243891301904304,0.0070361293839739745,0.005619473751447334,0.003382948334559294,0.038677824668020035,0.003526186582160663,0.003800627810861844,0.02782873865584154,0.007803400579160033,0.003461146467715726,0.009308761229152597,0.008855555584644534,0.0
ROW,G,0.006868303337026437,0.002274405578978773,0.007500355476236242,0.005082704138951719,0.0019876980774936256,0.004054520050469276,0.005055106795227068,0.0027851564660692075,0.008371870324002053,0.011753893975210166,0.005091094737314104,0.005748282227301416,0.025385832860816714,0.014019422526037517,0.009751519210368244,0.010259053297571099,0.006466897940486266,0.00938312221896207,0.011433932842698523,0.005610196797457141,0.017179770786335053,0.009477444807568168,0.00721689458637515,0.008710051695287857,0.008502018668745491,0.013794685677233538,0.008472760554244977,0.005102129516914973,0.002290637719123739,0.003939390136776615,0.002736043725045378,0.0026997831374089153,0.005845592531604711,0.006480645601536542,0.0015404892067696894,0.0012906812566913734,0.003446882150281794,0.010573116606701644,0.0023170714038918748,0.005060152964288975,0.0007125671645284975,0.0003469509913962267,0.001710592491324015,0.0018996438966360294,0.001621995225817507,0.0010903808568345087,0.004823224423450134,0.002611725363940389,0.002618922176478246,0.0,0.06146792743307613,0.032603808800611124,0.0479163995909522,0.031669256546032046,0.02325618144507291,0.028726384139992275,0.03708540866359917,0.03264696479040296,0.11911744446802666,0.07530604653014657,0.07902403450198445,0.0777480315171908,0.04225503251593545,0.08271162467853899,0.09826473740999887,0.08728610951279757,0.059853024810496876,0.054947784664987634,0.03926600022211458,0.0655196131007101,0.0829971301970169,0.07051575773372078,0.0723415537926445,0.10476278040071225,0.0755295889036464,0.08102484927150735,0.0809063128310032,0.023663710362699555,0.036637669230034677,0.06327241981543587,0.04102011870723059,0.04967528218316857,0.046231092245139674,0.05763646387123075,0.03141134890392463,0.030795786931138835,0.0666707258320341,0.04062853152688978,0.026477012566416734,0.018031913267965133,0.007620573936155963,0.005577346282396603,0.024009866597007344,0.02547862618091292,0.0252138462357845,0.017609596183785145,0.04342297878928615,0.02853799671809548,0.030587325136163437,0.0
ROW,H49,0.0006877732809385782,0.0015310073056185943,0.000863365540098516,0.0025136342063777116,0.0010011851643399882,0.003028258406006696,0.0027731329461409392,0.0016850782889184547,0.0015496253078872827,0.001036531261652192,0.0017444189175959994,0.0015188507742324598,0.008403230890443128,0.0018334513711946703,0.000598170168755555,0.001406351833396277,0.0029646603774385796,0.003445933746943526,0.0030808206434931335,0.0011176247949981585,0.0016384459528237826,0.0015732079182049815,0.0010602134685345247,0.00103810944958874,0.0009723646510683421,0.0022119290546289702,0.001355509448727844,0.0017489499865069342,0.0008716191715032545,0.0008066860678715141,0.0017949502778235706,0.004966452346758783,0.0011439661959247887,0.0007258014207423913,0.004772313776066093,0.002396539560367531,0.000381888166659127,0.0010344954727550249,0.0003943414121687676,0.0006200299885596768,0.00012858406745057814,5.1668176017667375e-05,0.00030197626695920867,0.0005278261831099283,0.0005129428069238947,0.0006802481538466485,0.0005793842891971807,0.00046509860983416976,0.0006516493984443897,0.0,0.011763704386367474,0.01962322771588347,0.01333209246640173,0.028348164453111967,0.008546519770177813,0.017215866548412312,0.021287378415982175,0.02232000713028482,0.01885455804386081,0.012998299735368781,0.02771535143330279,0.020687076282859238,0.018320632773562367,0.017300833297463254,0.011448323952206239,0.016622917609059488,0.03089373732623274,0.026779304319766058,0.01857258587849113,0.02001680895936012,0.012416039059686454,0.01853625842451505,0.018592439236333105,0.017129645178085476,0.011194533280374317,0.016003138648128665,0.01811744294388078,0.012273682455861818,0.019540726410711192,0.019079824408085266,0.01985480365327411,0.05763502699021173,0.008825165171241925,0.013878378035133244,0.05127566103904891,0.044200391735064785,0.012015910504314217,0.010417534118162063,0.0074935145981355625,0.007327251746083808,0.0042341090547926095,0.0023605395801586312,0.011077200555654336,0.01264313662271339,0.00971607208409406,0.013219747564999848,0.007202636031173687,0.011047702328485575,0.009493990058032649,0.0
ROW,H50,9.700747839827888e-05,0.00011201721026122299,0.001145443144682276,0.00023815925487897423,0.00023981815193471878,0.00029925978605581074,0.0006827991168756612,0.000337831056416915,0.0002016762373344939,0.0001794127234052079,0.0002533644871171665,0.00019105818311747417,0.0014637656658651583,0.00037774741843113046,0.00016635089306113587,0.00022098090413645336,0.0003470272549725521,0.00037823085454011615,0.00035279160943011323,0.00016217599672860685,0.0005272810522880595,0.0003102297706093546,0.00020218431337456336,0.0001314514873944261,0.00019244102044688454,0.0002578748776590531,0.00022118005942587068,0.00025498376046452856,8.78573114230338e-05,0.00011758899729767999,0.00041725036107104376,0.0004017912530706454,0.024795541485134867,0.00032251670647685706,0.0006664241194473299,0.00033093614015763695,6.17870453143187e-05,0.00011722360565460206,0.00017488578110330156,0.0001150234839345882,1.3113239122135595e-05,8.118240780708833e-06,5.303513337065378e-05,0.00023595186907099882,3.7428973298448145e-05,2.7161806628865003e-05,8.9344111540656e-05,5.362900381901539e-05,8.485380599208641e-05,0.0,0.001829201118585087,0.002626265617266901,0.006072387633486801,0.005780131781608223,0.004663884487885505,0.0024767654535633615,0.0059904401288459076,0.002169318582090121,0.0024713464024251077,0.0023484422703885484,0.004149702713752854,0.003340860605519624,0.005003393124547485,0.003854999339426598,0.0020996739083888665,0.003161407018462105,0.005784849702554804,0.004904312856177793,0.0027666962197373073,0.003257807365854716,0.0038397469172610425,0.0038154057716680463,0.004317965344388502,0.0025780315190333785,0.0033704363209107594,0.0023934000181048388,0.0030933488953290775,0.0018720717232318341,0.0017560166367589513,0.0025391182778513313,0.007099195962603171,0.0028159818070482845,0.1870303112220967,0.009118255869167953,0.022950188746679676,0.003709719238827185,0.0013667990575500462,0.0008686352637022001,0.0010190825302092558,0.0005026265610573882,0.00023123114047838108,0.00010904896745048992,0.0011512016913252647,0.0010003158263754929,0.0010756346396817663,0.0004449611450189744,0.0005078656817299579,0.001129295193009301,0.0034857306978731684,0.0
ROW,H51,7.54400422972112e-05,7.355745951694933e-05,0.0002755223534793342,5.734615394739968e-05,0.00014023536468096137,7.148011937313518e-05,0.0002229873836100325,0.00026046500140177565,0.0001957302460049934,0.00014346482827065805,0.00014172489828847908,0.00014489949224019444,0.00033141998876600815,0.00021410775017911254,0.00019121070878310513,0.00018268389733211446,0.00015897700714523583,8.700046563733219e-05,7.747940792055342e-05,0.00019840118895796284,0.0014382745303302984,0.0005762729710930316,0.0005928281724095338,0.00028720535005998524,0.00029533994665614647,0.00032435609493629346,0.00039366768260960865,6.034023710589217e-05,9.755131516496818e-05,7.836213025931057e-05,0.0002075710292254594,0.00011973816744845141,0.0005765682583756518,0.01578827592960429,0.0005579978193033047,0.0030776367700967246,7.147561910490176e-05,0.00024775024939604627,0.00013084901410930232,0.00013140631818052897,0.0002507562575921678,1.6734531098449578e-05,0.0002993094791176068,0.0014172999536082758,0.0003173440753457597,7.54169620809291e-05,7.585224685958878e-05,0.0003244132302607617,0.0003531270331002411,0.0,0.001102236965179311,0.001999871084420461,0.0014466647621810217,0.0009407487074829359,0.002183641978777815,0.0010940006405024977,0.001724175456419305,0.0027482813970140857,0.0016408926668767428,0.0016336576344058542,0.0025893692874046624,0.0017732564822492097,0.002313803773472629,0.001600676322344251,0.0018171305812809814,0.00188010506472536,0.001540191003986917,0.001291533930226426,0.0012985476984833648,0.0014607632007333094,0.0024039048233043462,0.002026920024590725,0.001935878832785481,0.0017586110686764107,0.0012995027252537513,0.0015373706057131215,0.00216748276171122,0.001068237822855305,0.0021339727107849106,0.001538519201112695,0.002956289459896387,0.0011779534905520274,0.008264460004894917,0.06029660740994793,0.00506105500152345,0.014620675039685364,0.001418865387764195,0.0019618785149739582,0.0020511638308430015,0.002741395987331348,0.0016832099273674619,0.0008774177530885812,0.0034653774443184266,0.004781987944275802,0.0033042379724484475,0.002031932792038733,0.0010342538088251754,0.002032004281822331,0.002602097521193451,0.0
ROW,H52,0.00023531533922047681,0.00016328323377279554,0.0017479069072785264,0.000964488335855598,0.000848064370323837,0.0006071961657598333,0.0012541801384827749,0.0006681858324896253,0.0006018224189412145,0.00032238150571380314,0.00045164940234103867,0.0004492067195975735,0.004412846237434436,0.0007185300274751525,0.00029997060351463593,0.00037032020065566205,0.0009010885138409661,0.0010326549259159442,0.000913643483391421,0.0003127497245437269,0.0004788360007361418,0.0004165587413715209,0.0002968125223296609,0.0003075522661110395,0.00032548478589849896,0.0005639562564191427,0.0003832749710121163,0.0008004794553264975,0.00027082981185095305,0.00028168445314447093,0.0010664635627485668,0.001744175575715015,0.04571257694257834,0.005900088028084629,0.0038972390218925033,0.0014953077860372073,0.00018969434695912554,0.00036484566043917837,0.000352048449267845,0.0001892713909762261,5.7157396943728194e-05,2.6825307044894838e-05,0.00018790384984615296,0.00022420019914766575,0.00012886661898079346,7.584176905701126e-05,0.00014654231702064318,0.00017542577319679456,0.0001668922474031207,0.0,0.0026027114215255833,0.003574557446800228,0.00429995459206678,0.010339518402583238,0.0027709771629078504,0.0061756983690359375,0.008714670256573952,0.006372298731950522,0.0059230516706467815,0.0070477107883699635,0.014039456983109693,0.00997042304667053,0.008080440376054362,0.007451542869684973,0.004166237224425326,0.0117843727672228,0.008599021292929008,0.007892257724628617,0.0060387992964254155,0.007165334891667036,0.004937350637502825,0.006406425632254834,0.006191432283882208,0.007234448594463052,0.005336835541228819,0.005720907343136069,0.006222857797102386,0.00511515898754032,0.00644299540169861,0.00478133677787973,0.015587754858733253,0.02640154786274048,0.0720515198407036,0.07860799792906095,0.061342656740440135,0.0347384733136294,0.003527361059569249,0.0036905285095489813,0.002642263750876964,0.0028041338496585196,0.0013309983398445086,0.0006017020270658982,0.0044190812541680105,0.004772727874542268,0.003283243957942201,0.0017415427908915775,0.002114748263329138,0.0031592294225795048,0.002978823982879848,0.0
ROW,H53,5.2227534187191944e-05,3.241663379698515e-05,0.00011001966025580968,6.12558665543113e-05,8.160348745477932e-05,1.860633168696453e-05,0.00014373421467322051,2.2202939036602856e-05,8.165932887368581e-05,0.00017630317387331437,4.559279586759769e-05,0.00021723429593897153,0.00018864772000487683,0.00044594149766883403,0.00039096742898365837,0.00017607137701477682,7.927792049492732e-05,6.242078439700334e-05,4.5536843033656304e-05,0.00018286016965834753,0.0006567551947529733,0.0006694362672110031,0.0004952144357511925,0.00021408740201810675,7.076940979193303e-05,3.684898382065206e-05,0.00034196656357222917,0.00019566457872312955,0.0003006070624387332,6.197269704295154e-05,0.0013397227944103873,0.0006163535556745373,7.799400581836777e-05,0.000382896365378696,0.0003984741378859852,0.017765204317303267,0.00029462055026393077,0.0005399375985775679,0.001266377729336731,0.00016897723981195174,0.0004451356547592483,6.52354910372038e-05,0.002194956449176759,0.0003012998357072946,0.0006461764489881713,0.0001436493000948939,0.00027418695188525903,0.0005413493909103519,0.00036173532294777846,0.0,0.0005707262297162883,0.0013645535089628884,0.0012984837649608197,0.0012648254438023686,0.00023918947623133952,0.0004858188882603197,0.000547555780607253,0.0004889319810559825,0.0007713196166765449,0.0007232653898775076,0.0010628304803885031,0.0009525217421779681,0.00024748518439979007,0.0008564547739501438,0.0012551392033357213,0.0007330558677018264,0.0010517873357978014,0.00040687921192275,0.0011507747719524922,0.0009249038004491969,0.00065464017939124,0.001769465285715512,0.0010014795985890201,0.0008508587752082839,0.0005777936268078351,0.0004361681661198644,0.0010930189071246671,0.0009035302061771235,0.0014776897968003687,0.0006762376140679895,0.00789451174219663,0.015477197057193404,0.004901238341491896,0.0012199283843270326,0.005037329685949962,0.0480392418166143,0.002183766531770887,0.003860093060529412,0.00246121119746743,0.003707901442058664,0.004025299328876811,0.00038686773082099193,0.002611286850859857,0.003078939969577336,0.0018461635072356177,0.0010533538428133937,0.002113267836278822,0.0020302962398395857,0.002787618469377386,0.0
ROW,I,1.0726973927801273e-05,3.3099461358455253e-06,1.0834953258589225e-05,3.1433200788522386e-06,3.6593349811512356e-06,4.198351765263791e-06,7.716446463288838e-06,6.809331594074423e-06,1.798580345136116e-05,1.1772343900490003e-05,7.484316238895439e-06,8.39605820523782e-06,1.1586584683503159e-05,3.3521152668089596e-05,4.4741654325432796e-05,1.1354905906028115e-05,7.316220023446575e-06,7.025922147372386e-06,9.783536951414122e-06,7.612015080583927e-06,5.293336501345156e-05,8.685232568796189e-06,8.324897999180594e-06,8.063921672641776e-06,8.67898874457783e-06,7.1399156720357805e-06,2.1378763429954542e-05,5.883278652331963e-06,7.062070417515823e-06,8.114341168157e-06,9.35013200086952e-06,5.549431191720699e-06,1.3453601113185246e-05,2.09687953953546e-05,8.926962453577001e-06,5.834131203898779e-06,1.2060005449642175e-05,5.724400428487481e-05,1.3196231760712655e-05,8.725264948364963e-05,7.654982710187944e-06,2.725394101697191e-06,1.0962685021347615e-05,1.3699407152944727e-05,6.147232640188004e-06,3.6072417190432997e-06,9.244518632141493e-06,3.5844141931815867e-05,7.878552454839637e-06,0.0,0.0010016971682467646,0.002807093090680358,0.0013744834340009135,0.0034625887772280076,0.002287474859495915,0.0026432733602920664,0.002577283538234865,0.002425421606134048,0.0018688010208367653,0.0017793540285986115,0.0019344611664667557,0.002517421113224401,0.0009115581170686131,0.002098310942791873,0.0039196834075117615,0.0024262187136125826,0.00317971086956293,0.002239616909203425,0.0012361081142777152,0.0032940876903696055,0.0025220733589381866,0.0032031026506596024,0.0034755117009661832,0.0019169902021469818,0.0018919255305511128,0.0022200286732078516,0.003311737950529023,0.00195954871951094,0.004552473395496888,0.0025626205381315647,0.0039784932279751635,0.006244711964137751,0.0024066469425178764,0.02061446865781212,0.006050784044601878,0.006625370874599878,0.007824047468695325,0.006472484949879236,0.0032665556337558247,0.005277155363485978,0.00914114139072659,0.0031013843463498156,0.012270079222134718,0.01199663922935823,0.008907643879086623,0.006842549296940054,0.007293092995965775,0.010064259093724113,0.009952752167853594,0.0
ROW,J58T60,6.722726949971428e-05,6.766132724910532e-05,0.00015471645202197448,0.00010556224038661371,0.000866434041504152,8.887783464282681e-05,0.0004331093566617151,0.00012246039631428626,0.0008636400797150065,0.0002612793462540696,0.0002646516527059085,0.000832168964918998,0.0026027089751146726,0.0009708373544466768,0.0014716153530583702,0.00034103073556895083,0.00040538167611217315,0.00023156135446287813,0.0003438855992358362,0.0004086367038688399,0.001305461744860186,0.00043053339348462973,0.0003448062072911655,0.0003142513852379042,0.00017884802551620873,0.00031336977228293625,0.00114794564347501,0.000544518438119009,0.0005454493598318987,0.0001667217609830997,0.0009065384063805292,0.00020022064781797543,0.0001525811804911708,0.0006229262019687636,0.00023773640219581488,0.00046505860142388174,0.0008207973610539093,0.025685108271965747,0.0024604512959393514,0.0023206187612587375,0.0009023700133228435,9.392878140926115e-05,0.002167388054048518,0.0012497238128636923,0.0018994693949477071,0.001281505064045294,0.00047205279638852136,0.0038063128332288918,0.0037820252182212935,0.0,0.00134835709174758,0.001773333584319216,0.0013053501964744294,0.0010782046792378527,0.0009439766332303631,0.000876226854810327,0.0008105512034156531,0.000480036618368397,0.0012389236770764896,0.0005184781682460875,0.0010540482873413932,0.0016257611658338908,0.00041789457527253255,0.0009352939522883169,0.0012205053900996067,0.0013469928797358852,0.0008506904018422369,0.0006001212535249784,0.000561407247580488,0.0011134402474147725,0.0008134460679709442,0.0010456235327366366,0.0011855714718724375,0.0008855438789421896,0.0006742776759679431,0.0016301394592458257,0.001405657090926162,0.0010152830963693158,0.001788416548955741,0.0008515209294268461,0.003819558146867273,0.0011247226763624822,0.00134773108409919,0.0023552021041483213,0.0020215843798693386,0.0013360380728240143,0.005213689680005695,0.1416316337688412,0.03571302578682178,0.010011493757899455,0.002572431735318736,0.0010833362000646628,0.01280448496470041,0.004676744274740255,0.00597171987011641,0.008469983450692548,0.0033783569876435103,0.008706747286337262,0.004603359522550253,0.0
ROW,J61,9.830497996673616e-05,0.00011320611165571724,0.0003229957324967366,0.0001347073707290458,0.00021254928276034642,0.0001327887774240631,0.0003791110306490197,0.0001830128884833936,0.00025009077295942565,0.00031767318563820726,0.00019667817629192603,0.00030083871837599134,0.00016670347028071642,0.00046959923574839234,0.0005862218928384022,0.00030398366239783604,0.00036966008977020034,0.0002346803317113064,0.0002503300193099542,0.00026150049100879006,0.000821544042131806,0.00022095208946878032,0.00023052606695080544,0.0001402667132146302,0.00015858569779044529,0.00016946670056765562,0.00041057960162913155,0.0002528835877471282,0.000440159324175191,0.00022593741015678592,0.0004991397688776908,0.00028384712160476385,0.00018321916541404272,0.0006999761788190629,0.00037941194325564884,0.0018072476256141639,0.0006713961770348717,0.0013194101868598766,0.013571424181309535,0.0017697379452179046,0.0009993368878013194,0.0001312225079268164,0.0007002263852231626,0.000688715736642198,0.000581836254005742,0.00021490708146595756,0.000379316980563844,0.0009828510770460545,0.000637491332409922,0.0,0.0009705782008950832,0.0014059930261906522,0.0011754866584714452,0.0010391312739906036,0.002091296994460692,0.0015387781781683284,0.0013113826679409673,0.0023864918210387285,0.0013450717089141724,0.0008842836351005082,0.0017534077877353303,0.002140679902088601,0.0005929201459822341,0.0011215252786462514,0.001664198820914069,0.0015053466918087258,0.00223552658871176,0.0005167359237007534,0.0004958623007162287,0.001677129334344661,0.0015642819477585184,0.0014158167625717923,0.0016561352587530006,0.001182329225739429,0.0009005658188725581,0.0011691005871694838,0.002435965685321673,0.0021675581076136922,0.004097504402505165,0.004436371386701889,0.007843144299124213,0.006329834039948789,0.012511851110870076,0.005953053538865322,0.0075909061975562775,0.009342392688616589,0.0055152123334787535,0.012552095679962955,0.12112726748295675,0.033613730027800326,0.010563175836011608,0.00401033143650235,0.009805131849905498,0.008720866519712454,0.01281270460363245,0.006650098535165612,0.005003206127540328,0.009293681293767493,0.00844170106993942,0.0
ROW,J62_63,0.00017204310462220468,0.0002879299630728715,0.00035294668871058886,0.0007267733665001362,0.0005005449759039774,0.00029627641184685804,0.0010008477451597076,0.0008123328204210583,0.0006901496210769239,0.0004798802152327374,0.00041930343225298036,0.0010138751250454658,0.001087386708300917,0.0013579997548249514,0.0017709560313359026,0.0008783881492171888,0.0006651240075834669,0.000679949313796776,0.0006961660567165059,0.0007498206067897202,0.0028447391855985294,0.0012939634039137624,0.0009911671720107022,0.0008548474568444647,0.0009824515343764047,0.0011328148776816671,0.0012266908917925711,0.0011401210526846945,0.0013900787444459948,0.0005890011942971085,0.0019383499134671995,0.0009453425095802637,0.0009828398143031962,0.002921249768394901,0.0014365666167660564,0.0030168490550701436,0.0005770000168867781,0.007484810591346057,0.004525710418145522,0.023508575146799177,0.0036943400456404952,0.0004060556311780369,0.004333604911146439,0.00204562551411005,0.0018901757149291795,0.0011643282784812802,0.001011053294710613,0.003347265261903961,0.0014035298961615028,0.0,0.0008237721748458242,0.001125652204318199,0.00044281473205952105,0.0009842314839654546,0.0070434924446291245,0.0020643624251938616,0.001697767834441207,0.002561040627109075,0.0030525476026165973,0.001299169572532383,0.004590476613445091,0.009053219857868227,0.001992277857147769,0.0025897669063607285,0.0031390710688688956,0.003887932937669433,0.002648530780788225,0.002932871295100227,0.001645012948374769,0.004792619560959466,0.00585918560327022,0.0023594869656291717,0.004392497973497171,0.003046627281755189,0.003661930612596474,0.0064464468368966125,0.005926134257156334,0.005056159853956363,0.006637702953801914,0.0034217333691983227,0.012922810352625207,0.0070961681265676035,0.0041433968783924505,0.008893781986794332,0.010910945254686166,0.009603056489762955,0.009058283959916095,0.026977427496370398,0.040523046958512124,0.09351712542417687,0.018512488784786035,0.0024343946383999266,0.03187258660025759,0.028602845238104874,0.02639613323611655,0.006891171217595748,0.010068085911253152,0.011227139962223678,0.013469090538143323,0.0
ROW,K,0.0028280225216306513,0.001591008684446521,0.004723093215065283,0.0008843503345519973,0.002831468362622756,0.0049270584089328206,0.002527712990301636,0.0029146305814977697,0.0014837409546235396,0.0011127355507183367,0.001154477004239443,0.001178224170098912,0.0015952652749362981,0.0020403417462133426,0.002393311371281645,0.0011072209898505452,0.0011426427232150722,0.0009233468751669981,0.001211739618254425,0.0009803117470826514,0.0037862656909077434,0.001074532759790028,0.0008877336284934701,0.0008122550820181356,0.0011744928944310742,0.0006001293026112779,0.0019627260086266273,0.0014728117799906878,0.0014086618357701413,0.0035439282639252653,0.0024986954494939572,0.0017035378842958763,0.0014025614114367723,0.003927179434073089,0.0018799640932458165,0.00179509604036346,0.002623053560093126,0.0021011333352118854,0.0017116965573267088,0.006971627541744196,0.04666784267173129,0.008542860742990746,0.002954556671932463,0.0037341398276581742,0.0021419725661642,0.000578591810017063,0.0011319939428269682,0.0037456866727023116,0.003141158233792825,0.0,0.012213470399234759,0.010312375553003822,0.014431898855708723,0.03656858381623372,0.02560205699925434,0.017491217407777416,0.02253579296656452,0.03501035857112966,0.009513846038361477,0.009505595159228898,0.010099008971838963,0.013436450310602642,0.00916051752376313,0.013252143362376645,0.014312820669631545,0.013334166889804579,0.01573033342499771,0.018248474341332536,0.015848250524182126,0.013907196591875707,0.01192426558943364,0.012024342177209565,0.013500592017262445,0.010559005041990257,0.016909073885621247,0.016338107806016088,0.01589405497548056,0.02812233305375137,0.028378055032130766,0.01918125116900009,0.031309879008670306,0.054513919268337735,0.04256758034662793,0.036520271224171154,0.029374343240479803,0.019743912916610543,0.015986298822031172,0.014951275646016293,0.018935530676003943,0.017734680199900002,0.17037463332848046,0.075283255569554,0.034238117004003976,0.036569143652134525,0.036015903737590026,0.010205403416272288,0.027934727584610294,0.023049168788402005,0.035310666400313565,0.0
ROW,L,2.0140407697893478e-05,8.733494750791958e-06,2.7842420030581563e-05,1.4994636418553081e-05,3.364810882061179e-05,3.281075515944036e-05,9.219977577507308e-05,3.810213666068183e-05,5.041268145005732e-05,0.00013955563618166329,4.62698714437235e-05,7.303781421227414e-05,0.00017773287529564111,8.168434818723592e-05,7.880079437905545e-05,7.907021660439446e-05,6.070651957432817e-05,3.888190777916276e-05,4.2724029993944346e-05,7.649408526468225e-05,0.00011494294219777456,5.3915430937997344e-05,4.7914650181240873e-05,3.160882238952523e-05,4.8874378532064004e-05,2.6188170301764916e-05,8.014097572805037e-05,7.754819683840656e-05,8.359076006216643e-05,8.087259802519692e-05,0.00031946002865229785,9.281271186908879e-05,0.0001034587336662818,0.00010601015880026144,0.0001494604931773407,8.744643275774856e-05,0.00045369586139816883,0.00017637154813260645,0.0002398584817730903,0.00019040495561173585,0.00014047958218015946,0.0001071495423154188,0.00016789809488864318,0.00011796982654972979,8.789623547513783e-05,4.5133702732433486e-05,7.585587066885637e-05,0.00031186594100411207,0.00017391194392063014,0.0,0.002569627767102273,0.0012587765578356699,0.0003258770920614335,0.0007779818521067455,0.0017600371323763838,0.001219071203750037,0.0012027108213285651,0.012293482254270773,0.0021556528237944546,0.0015816944821451528,0.0025971531336341403,0.00452382423678776,0.001062190816769215,0.000890249549473306,0.0032943109188926308,0.003540820695775159,0.0015598013268444326,0.0007349562267030087,0.0006968090879689706,0.004633998487843751,0.002449904578044595,0.0012437893634084246,0.001754358714715281,0.001462389388089777,0.004583169711069217,0.005216287927887244,0.004632536021548584,0.003705521719252187,0.0058007487211701285,0.0052486813865397376,0.04271165450840099,0.006081095607357703,0.0028554300281378895,0.004833442782681237,0.03132908095515029,0.012203773992526515,0.053848084797659006,0.012608054483698438,0.01704912893274411,0.02020297068886887,0.021852424525863126,0.02740571478534394,0.028346552451815114,0.013216347460696162,0.010785201040057604,0.015018780224680004,0.026322107014754317,0.037924235054829794,0.04472858466597293,0.0
ROW,M,0.0011436190193509132,0.0006166788740233793,0.0010306705794324931,0.001452713697643686,0.0021780374502816426,0.0026211709521130272,0.002875216269091415,0.003619143606393697,0.004456519900178675,0.001997551875272326,0.0016719164019655486,0.002545505149113085,0.0037621284512099227,0.0037744541004283926,0.006170796454079547,0.0023857305446646775,0.0025298596286025122,0.0016102823445194386,0.00175100935687059,0.0019559798267925715,0.007981550829380228,0.003411533049428247,0.0027030238866481275,0.002602994859539771,0.002547022054800043,0.001993274134023624,0.0033371601259591646,0.0021961889487868225,0.003350261201428294,0.00323739415301668,0.0056383149966332145,0.0016983490915524133,0.0014389522063191352,0.00564443637942595,0.002504794320657057,0.0039986162668081806,0.0024269498367556356,0.008259063702440634,0.004141884396058333,0.007074875906808334,0.004956800369507554,0.0014847944114218432,0.013122596095584894,0.006270767946483528,0.002724995893588292,0.0009580481435512289,0.0012201080731053754,0.007111375080301191,0.0032910776308884915,0.0,0.00530064215247527,0.0068295601469303665,0.0038936448498442756,0.022018903606761002,0.022654483179316023,0.018608906069296112,0.024710407977464762,0.040785678536046345,0.020927342312194317,0.0073059348189348575,0.014211593443209665,0.01806683837619175,0.011497029048095105,0.0189170677950007,0.03559029996051389,0.017333707773121217,0.01412602710032333,0.008923153934308203,0.0068865139823306686,0.022294274366825413,0.0266764678192114,0.013955692503298485,0.024413923074493898,0.025013262184299414,0.022429138595956796,0.036299283357319675,0.02013190599347479,0.01723458889219536,0.028285335943764835,0.049355347740657945,0.050128746158704635,0.01686744784075487,0.009581699700657174,0.01854629347473571,0.02696190284223468,0.02401621723249932,0.04665841389031932,0.05332289119843086,0.053153704781531426,0.05420950123563911,0.04658320280037204,0.024895550282594874,0.10192838778660279,0.05197964046977163,0.028051047077277222,0.011157225564193535,0.030935216511653825,0.03726923808070217,0.027749701473917168,0.0
ROW,N,0.0012602236236136963,0.0007436308440555028,0.001995489416613201,0.000514482636227688,0.0010433674897818623,0.000817368199584554,0.0021010965361610984,0.0029453855246691107,0.002226103409418475,0.0011352346312631845,0.0014003263032779736,0.0016845010160624716,0.0007645148524743418,0.009893838209461433,0.01457105638184437,0.0017818229569811755,0.0017525485877553182,0.0012176932956447508,0.0014666057417862465,0.001738700000831402,0.020149933468586546,0.0015388230641724496,0.001501031660708406,0.0010323725711047077,0.001648919300360149,0.0010869741582804394,0.006865740078869397,0.0016905376091205684,0.0030769227651950204,0.002667460273575047,0.003171824489909303,0.002102486709760618,0.0034104501471766365,0.010464583184290908,0.004244736027022545,0.002828573583257217,0.0020189408936065463,0.011463348463248785,0.0024031620177930382,0.035596883626752285,0.0021073960052407333,0.0006258608745898015,0.0038908363135093113,0.0073301733621921016,0.0018664685499906106,0.0010441399456521136,0.0017161753099389715,0.0052521225310340576,0.0019841197014910396,0.0,0.0026647899191123616,0.005175649603880952,0.0026858038780615216,0.018227156342994388,0.0106786912300578,0.010884301502884322,0.010660476766584433,0.027861564431240667,0.006745020774991515,0.004294004795327482,0.0058003244558954585,0.010084899587417184,0.004509851612798584,0.006213983750834304,0.009432883087684255,0.008450051043879763,0.007664717300699766,0.006526841211169532,0.004196677036635742,0.010503536568059585,0.008120909584683858,0.007008489242977678,0.0086813582592695,0.009102588021181015,0.01530531831042783,0.01165166236577506,0.010914023756095846,0.01426272344060228,0.020090238825983448,0.017002223802610707,0.031245700635567676,0.023822141655207643,0.020739157328460617,0.04656025250250895,0.03763861956479898,0.025200961532476283,0.018118891876757505,0.02483544017315645,0.03882725892875894,0.04867160608896425,0.024652246375196595,0.025245849508959143,0.033487453461423664,0.06590701416245973,0.022024751940664767,0.01127687295360905,0.02573070157844546,0.02903623364194365,0.02218381376781002,0.0
ROW,O,3.306162305143195e-05,6.482582533171996e-05,3.7981486760038534e-05,2.1803312066384965e-05,1.7030348229711645e-05,3.493537559822537e-05,2.9771036010214155e-05,2.688233752542177e-05,6.402106639079072e-05,1.7265898559185305e-05,4.571347669567399e-05,2.3884954204970352e-05,3.352971856053019e-05,3.9243688614148955e-05,4.37956099362945e-05,2.2568154858093682e-05,3.054247617182539e-05,2.6866505736343124e-05,3.405660661999996e-05,1.66838127601125e-05,5.482580187219745e-05,2.063255245181487e-05,1.741463914395225e-05,1.6988043744195953e-05,2.195180120194502e-05,3.2459023308564906e-05,3.2883234451751494e-05,4.028421437841517e-05,2.6931540454197614e-05,2.3433450901354537e-05,3.5544032440342395e-05,2.9766997095713002e-05,0.00018661460485671735,6.800611781100123e-05,4.180914739951142e-05,3.522001110875477e-05,2.6750097417593242e-05,0.00011619892480802359,4.1030818981654715e-05,0.0001768714854124696,0.0001046186140597817,1.795311229530758e-05,6.192155639150959e-05,4.776321765168356e-05,2.8834471439080993e-05,1.643172677233353e-05,2.310734058856992e-05,7.012075874303666e-05,3.1570209547704734e-05,0.0,0.0005870264866824416,0.0015731650641822048,0.0004208016317558677,0.0011178191150163265,0.0017623328038701728,0.001952554105778191,0.0015700086256406009,0.002622382932309296,0.0010276507138339906,0.00035025329706153165,0.002486333949084802,0.0016168719908949644,0.0010094994329344067,0.0012536684097894672,0.0007246501560878159,0.00121860897556326,0.0009132973407930585,0.0006520030934073518,0.000652310380427826,0.0011443794848513243,0.0003680068744515436,0.0003632315443341515,0.0005227857103644967,0.0005732153552291207,0.0006525522481575896,0.0008641243365747215,0.0011235770690881457,0.002566076518214283,0.010393717406044688,0.00108410108989394,0.0029552806257150503,0.0085480738336668,0.0012886754585052485,0.002167224953611741,0.004163580327898571,0.002429908395911658,0.0033162867092135337,0.0025348416578712036,0.00214810498950506,0.0019213845959875568,0.027921893516437358,0.0060731800043937025,0.0059832343920644925,0.007807684258331037,0.009855575727141403,0.003460776312379814,0.00701450539878989,0.010283068594268828,0.0049584666091579644,0.0
ROW,P,1.901770645026888e-05,1.0171711930673122e-05,3.3854879642284256e-05,1.50057435566409e-05,2.614853504744582e-05,1.2874945413475629e-05,3.680431377356014e-05,5.777712478953193e-05,3.552433902758567e-05,3.0325697850838255e-05,2.189725560135818e-05,3.565845785357812e-05,2.4943646818564053e-05,0.00013307415520238424,0.00020048559330231806,3.2298114173887834e-05,2.945519785437695e-05,1.9199899611448486e-05,2.2057831668035372e-05,2.4015376996564205e-05,0.000295848425046842,2.902920241474104e-05,2.866708623646444e-05,2.367745019386784e-05,3.244742809295463e-05,2.8370171724695652e-05,8.957801341297744e-05,2.880004292311014e-05,3.826202116135613e-05,3.372984830459657e-05,5.7294263069835986e-05,4.9333626615191914e-05,0.00016850250924291979,0.00012706225289729376,6.84647028507581e-05,6.864152504398192e-05,1.9826181916007577e-05,0.00026780467567693076,6.180677063055641e-05,0.0006221630043341454,6.193635886040833e-05,6.713265937212851e-06,9.956316579179382e-05,8.097191014267284e-05,3.4339406976598293e-05,2.4317931216936665e-05,2.2941490917755553e-05,6.643754726243083e-05,3.356879052619461e-05,0.0,0.00013573825681056494,0.0002596583027807196,0.0001098022201437037,0.000374626758608842,0.0014231977506130287,0.0004109216724786464,0.0003672423214103585,0.0006707495426557952,0.00032644854750713275,0.00016737092730273592,0.00034794242850961414,0.0005026254504612315,0.00022831464666060502,0.00025764344260865405,0.0004208233778127768,0.0003085449189400569,0.00023424579481726908,0.00024712289172156574,0.00016689942064522766,0.0003407430804107198,0.0002976836621035872,0.00034271918459828144,0.0003366720637843281,0.0003553501806493548,0.0003405247211482256,0.00041396015238197477,0.00050290963060467,0.0004904493278148421,0.0009537843805382057,0.00037225254610589954,0.0017051856883194762,0.0011650295179496553,0.0010021401243184222,0.003825151710947146,0.0011692442040445996,0.0009245520607265751,0.0008523185832836347,0.001523599799736035,0.0022344972256410894,0.0025912919398062366,0.0021748237598804053,0.000838842756229397,0.0027838869281202844,0.002144729553779832,0.004321818022831155,0.008171350337399323,0.0012163559867073197,0.005756189788467001,0.004248281751158805,0.0
ROW,Q,2.8590917052527546e-05,1.1957854870758398e-05,5.540648544951022e-05,1.2739887386726213e-05,3.199141076323022e-05,1.489778762764818e-05,4.604389045311499e-05,0.00011361794675610431,5.157401459233648e-05,1.9554708143474997e-05,3.3894473504130576e-05,3.9320426262399126e-05,1.9055321495956803e-05,0.0002673530548144652,0.00039342210704958056,4.1381578760112774e-05,3.961032447330072e-05,2.4637121872796345e-05,2.5668396305144634e-05,4.727200132819965e-05,0.0006121197546552628,4.1218111670542704e-05,4.090428000014186e-05,2.7693927880075465e-05,2.934097686255628e-05,2.7464768326743906e-05,0.00017671377297055012,3.696963843435862e-05,5.1662419059855496e-05,6.44756627720657e-05,7.432417321776925e-05,4.866521972869944e-05,0.00014384801626306275,0.00016634618504884056,8.247347983281023e-05,5.710582267630358e-05,2.6454633221066898e-05,0.0004452744924513102,5.1726188843482754e-05,0.0009742804688414709,2.8760630951888785e-05,4.945454316953637e-06,7.287043395920936e-05,0.00014181313025551234,2.464471915136838e-05,1.3812256018762736e-05,2.270455418847485e-05,5.097629496398595e-05,3.452339729437574e-05,0.0,9.282805449666198e-05,0.00011334974247141558,0.00012445885076837654,0.00036581353498085144,0.00047312725093292857,0.0003885116345398953,0.00025317917884978093,0.0006760841909342367,0.00029731249363053796,0.0001464647363329993,0.00025274670810751277,0.00029893324354718397,0.0002856297787464481,0.0003603499635327099,0.0009910192719798042,0.0003246953670619442,0.00025693896813958007,0.0003040321682277463,0.000172701932427637,0.0004276511106994175,0.000659188222449231,0.00043331415332359716,0.0004256310246489616,0.00037666120576294084,0.00035859648660849957,0.0003921053690811737,0.0005887092416000237,0.00030494251891159045,0.0005468402070537014,0.0002968803920554458,0.0004996147529864214,0.0005847452256881491,0.0007689342684955862,0.0011447579944392512,0.0007560080458376571,0.00030616605145829164,0.00044243604169558925,0.0007280060474179204,0.0017147601551161574,0.0010378051724129899,0.0011022787659523718,0.0001003849621952558,0.0011924516335867503,0.0006697276447751769,0.012725486937429966,0.001124536587562529,0.03932736345830198,0.0016190885289017625,0.0016394066448186945,0.0
ROW,R,9.611175364158451e-06,6.193822757858209e-06,1.2880859654238059e-05,1.0951638154587657e-05,9.93701459322161e-06,8.40942580860414e-06,1.509410844832733e-05,1.4360912603616672e-05,4.6739965387599546e-05,3.06467898428789e-05,1.3165436383859942e-05,3.667917893304834e-05,4.1627421207140164e-05,4.9823448053271196e-05,7.759774254923844e-05,2.1951240466938917e-05,1.7447997472668255e-05,1.5917437485997312e-05,2.0799895584361664e-05,1.4964180695745277e-05,7.267344461158492e-05,1.969899560659602e-05,1.5580528080009662e-05,1.689891564760301e-05,2.9715658480257845e-05,1.4456343474406188e-05,4.2806397771860504e-05,1.5451836713210502e-05,1.8762477950966952e-05,1.78135369599329e-05,4.265560981731108e-05,1.2360949270751327e-05,2.2779845873008142e-05,5.346057785613043e-05,1.9319694735276824e-05,2.68322373342447e-05,8.114638192583488e-05,0.0009588618200480132,4.477496977520988e-05,0.00017174911093542557,3.9232412102079105e-05,6.466788310483648e-06,7.116432001023306e-05,5.968297555549898e-05,6.446408061250563e-05,6.040539293666591e-05,2.081002670336732e-05,0.0017686132107317069,7.385058475714263e-05,0.0,0.00033756591483742783,0.0004831260202197189,0.0003468570412485771,0.0006301061216578104,0.00015112402515823383,0.0003762406340485598,0.0003380229852086997,0.00017524416628043746,0.0001946134905889346,0.0001263604161563987,0.0002108131180007443,0.0002332785957727479,0.00010362209093664337,0.00014615709125384343,0.00022478833483290277,0.00021413470146651025,0.00016922050273304756,0.00013725283318851678,8.619394091972102e-05,0.0002566616627529323,0.00012820714973119527,0.00015662850692082058,0.00023212137878376955,0.00029445765651122204,0.0002984630078901579,0.00018368803524951077,0.0004334387989347173,0.0004204667143625977,0.0006581447718641162,0.00027330015361322574,0.0007859673107915904,0.00031265520234081105,0.0003253165337501009,0.0006728572243814159,0.0011586849788287337,0.00029103344101685927,0.0012571040972494587,0.012230501799087927,0.001452910048384844,0.0010733392406811725,0.0012840060723799322,0.0006676320215780012,0.0020732620091423767,0.0017666650656625509,0.0016771616337603584,0.0024305165088436657,0.0009741401934627939,0.048699782489836405,0.0031655369726518306,0.0
ROW,S,1.2516596260135968e-05,4.247671179390294e-06,1.6402045491647274e-05,1.1173780916344e-05,7.782037618198464e-06,1.1310105210059123e-05,1.741800197682143e-05,1.1402672179650689e-05,1.5381651315675e-05,1.5854431677506662e-05,1.261675959574555e-05,1.2970685628414638e-05,9.339119777349281e-05,3.805060919000645e-05,3.406556523963961e-05,1.8446299035253037e-05,1.5191057918256448e-05,2.1388044046557057e-05,2.730600305646854e-05,1.063672505094413e-05,3.9119559111065764e-05,1.2938277858585447e-05,1.1453370408191887e-05,8.244348934847231e-06,1.4853287644762838e-05,2.1126944541081665e-05,2.1311808127677488e-05,1.681766214786477e-05,8.322424127196194e-06,9.54456499436075e-06,1.1452029889959887e-05,9.911502381806505e-06,0.00010016937945677105,3.5240639616141384e-05,1.694627647735013e-05,1.0629378947312646e-05,8.72895832577645e-06,3.910023254350673e-05,1.2176632021494102e-05,7.064610054870695e-05,9.167549819837061e-06,2.1234116577404573e-06,1.420153461898534e-05,1.2989460341859623e-05,7.406481637259831e-06,4.650941583502564e-06,1.013355983912896e-05,2.108159269100057e-05,9.333094621676122e-06,0.0,0.0006581829964022168,0.0010405113290763847,0.0016222034335620554,0.0033121366671157583,0.0006800608285021101,0.002088161425108238,0.0014928037947534085,0.0013494711277202101,0.0013117378460441266,0.0007644957738701285,0.0012399909280831115,0.0016083816640160154,0.0017349254591944694,0.0008505207416457498,0.0013739249360186904,0.0014079510623284056,0.001618766849891965,0.0008949520734902807,0.0005994487795566568,0.0015690383986479814,0.0017842784558332048,0.001881978825048581,0.0018698181867253865,0.0017035763332917374,0.001521567342642672,0.0010115323083498718,0.002649865868724064,0.0018682734633063158,0.006231754838432062,0.00217266854459232,0.0033183292445489437,0.00545043920476444,0.0013962644121243751,0.00255631376076821,0.004929359298356142,0.0021558200490481415,0.0043570794119100675,0.0026581281412080184,0.005460530363600682,0.0030749268219087797,0.0024531888020496457,0.0009180266878017369,0.003956161496973561,0.0029261442609978556,0.006436896717571296,0.0055704228917979135,0.004792576999842545,0.004860132975066749,0.01377723033723456,0.0
ROW,T,0.0,0.0,0.0,0.0,0.0,0.0,0.0,0.0,0.0,0.0,0.0,0.0,0.0,0.0,0.0,0.0,0.0,0.0,0.0,0.0,0.0,0.0,0.0,0.0,0.0,0.0,0.0,0.0,0.0,0.0,0.0,0.0,0.0,0.0,0.0,0.0,0.0,0.0,0.0,0.0,0.0,0.0,0.0,0.0,0.0,0.0,0.0,0.0,0.0,0.0,0.0,0.0,0.0,0.0,0.0,0.0,0.0,0.0,0.0,0.0,0.0,0.0,0.0,0.0,0.0,0.0,0.0,0.0,0.0,0.0,0.0,0.0,0.0,0.0,0.0,0.0,0.0,0.0,0.0,0.0,0.0,0.0,0.0,0.0,0.0,0.0,0.0,0.0,0.0,0.0,0.0,0.0,0.0,0.0,0.0,0.0,0.0,0.0,0.0,0.0
