region,,EU,EU,EU,EU,EU,EU,EU,EU,EU,EU,EU,EU,EU,EU,EU,EU,EU,EU,EU,EU,EU,EU,EU,EU,EU,EU,EU,EU,EU,EU,EU,EU,EU,EU,EU,EU,EU,EU,EU,EU,EU,EU,EU,EU,EU,EU,EU,EU,EU,EU,ROW,ROW,ROW,ROW,ROW,ROW,ROW,ROW,ROW,ROW,ROW,ROW,ROW,ROW,ROW,ROW,ROW,ROW,ROW,ROW,ROW,ROW,ROW,ROW,ROW,ROW,ROW,ROW,ROW,ROW,ROW,ROW,ROW,ROW,ROW,ROW,ROW,ROW,ROW,ROW,ROW,ROW,ROW,ROW,ROW,ROW,ROW,ROW,ROW,ROW
sector,,A01,A02,A03,B05,B06,B07,B08,B09,C10T12,C13T15,C16,C17_18,C19,C20,C21,C22,C23,C24A,C24B,C25,C26,C27,C28,C29,C301,C302T309,C31T33,D,E,F,G,H49,H50,H51,H52,H53,I,J58T60,J61,J62_63,K,L,M,N,O,P,Q,R,S,T,A01,A02,A03,B05,B06,B07,B08,B09,C10T12,C13T15,C16,C17_18,C19,C20,C21,C22,C23,C24A,C24B,C25,C26,C27,C28,C29,C301,C302T309,C31T33,D,E,F,G,H49,H50,H51,H52,H53,I,J58T60,J61,J62_63,K,L,M,N,O,P,Q,R,S,T
region,sector,,,,,,,,,,,,,,,,,,,,,,,,,,,,,,,,,,,,,,,,,,,,,,,,,,,,,,,,,,,,,,,,,,,,,,,,,,,,,,,,,,,,,,,,,,,,,,,,,,,,
EU,A01,1.1159894491651188,0.027797396137361756,0.021048271434620482,0.0031551389153576643,0.0034549513748099174,0.0025075014595900276,0.0030487231614773937,0.0019346435104643394,0.20426808731182372,0.01854492730502043,0.009704757597890652,0.006075232236080027,0.0025766894693114066,0.010848856835571885,0.006001670116694342,0.009391876077362965,0.003886788978294334,0.004241134348582714,0.004281013347402422,0.0030963326100370493,0.002601152355905334,0.0030848331040660556,0.0027106616400481066,0.003202077875903098,0.0034618484396655262,0.002948894963794398,0.0034985644560354212,0.007766322994411077,0.003909707303940648,0.003220400389303046,0.0054858787596654985,0.003193503255516422,0.004483765422544902,0.004265870099232098,0.0030214922054681978,0.002287933631751257,0.043580533835548343,0.002589812926332876,0.0021495844916740894,0.0018065044839026543,0.0012837384740272567,0.0010378348150770435,0.0023358894184883376,0.0054988204391530114,0.0036502200552898686,0.002501644459722112,0.0056192438316275285,0.00752220522242558,0.004329940648645593,0.0,0.0015011029583360445,0.0003269453720302034,0.0008525984471889434,0.00015282468920869543,0.00011992613961558347,0.00015366885094766076,0.00018894232055415965,0.000198950454533406,0.0032074223381415986,0.0007127791710880561,0.0004654061577721766,0.00043908541124444174,0.0001639042246043489,0.0005212541807554548,0.0006968603746099344,0.000502503048791632,0.0002077905644169988,0.00019755051160735149,0.0002317013194414963,0.0002337815389835073,0.0002538983691977716,0.0003029487602722471,0.00027325414149662877,0.0003345735115118259,0.0002681578111093405,0.000284919019963483,0.00032394118862383574,0.00016391233364365166,0.0002172704160241072,0.00023174308684595344,0.00018416091633907352,0.00016956277822336842,0.0003477866764891594,0.000317073740234656,0.0002303114280479051,0.00016547532148933222,0.0015243763105883606,0.00020105926735397854,0.00013976819939701352,0.0001383507426514152,0.0001031890245931088,6.884645561838559e-05,0.00017702488684017597,0.00017047548574054158,0.00017095438368771966,0.00014474313718482133,0.00026629130767191316,0.0003648276196237923,0.00021275033706396994,0.0
EU,A02,0.004410173020853103,1.3386183114012389,0.006405959269879415,0.005550155955090357,0.0008372599973459007,0.0019077146606371498,0.0022898500164050214,0.0012172374625682074,0.003592601866085986,0.001558481596154827,0.16251590013279715,0.04587397383617935,0.0007203122192771006,0.001942795247900999,0.0011163855771778772,0.0031182632547199834,0.0024594770668036423,0.0018998476724384563,0.001864522576573213,0.0016658968623071983,0.0010257021908928027,0.0015330536924606597,0.0013309835830208748,0.0014064556014507592,0.0031719958273653827,0.001456670983977316,0.008655010010684298,0.00498418732540305,0.0014532210417135599,0.004683878029588434,0.0011911303414313603,0.0010975696043397317,0.0008253926913131492,0.0013721665559885772,0.0010794199922937802,0.0009320947122936456,0.0016178965799015061,0.00228305670682548,0.0009459239790822559,0.000574954789883235,0.000636500631255237,0.0007515659771532077,0.0009531177744888412,0.0013284645405882319,0.0009263562908170448,0.000509472816409834,0.0007950579794327507,0.0016970070207709804,0.0015654876035398847,0.0,8.030206187028871e-05,0.0010987428139411105,8.500429311514468e-05,0.00012491176757177682,4.6249798512094104e-05,7.19353386353786e-05,8.21351931754299e-05,8.782489763973066e-05,0.00013620495400126076,9.861218909485543e-05,0.0024686634329792335,0.000642355263875892,5.933368248366374e-05,0.00016046535710325868,0.0001266110865066391,0.00032658930459464146,0.00011331614567357747,8.203721433200316e-05,9.672228973592582e-05,0.0001203168028764229,0.00010215351407627936,0.00013396871854453297,0.00011474274312310262,0.00015408496314093566,0.00015388616060184505,0.0001265979703259305,0.0005051968531010289,8.73970674433736e-05,8.22592388895583e-05,0.0002483293575622264,6.663281603824278e-05,6.598420685429381e-05,8.487695802939645e-05,9.195046249356262e-05,8.469261433144454e-05,8.18273822346534e-05,9.133907906353679e-05,0.00010436685088534589,6.0151106600961335e-05,6.133740053381395e-05,3.967547439544897e-05,3.897319945791943e-05,7.494993673543216e-05,6.203682194015865e-05,5.683507747134018e-05,4.576280207978763e-05,6.294754748966616e-05,7.823482304191858e-05,7.244831787608108e-05,0.0
EU,A03,0.00033114395698950294,0.00011028128478340215,1.0290166365716389,3.6070835869358624e-05,6.896615762094284e-05,3.166426686627177e-05,7.818535308185058e-05,0.0001069698656133186,0.00276121000140921,9.518204696234162e-05,7.546566327122914e-05,5.8888842737378745e-05,5.4151210272724224e-05,9.172983647953667e-05,5.857669688122412e-05,5.3004263568072426e-05,5.6774089934339485e-05,5.447362056728987e-05,5.057097937253029e-05,4.357452779373628e-05,3.8228051643593164e-05,4.3688804781436465e-05,5.1120530444099044e-05,4.133623778232548e-05,0.00018476175349531863,6.262755959114386e-05,5.522191056800947e-05,5.2363960497799e-05,5.4837156502905243e-05,6.040715035696248e-05,7.160972848006528e-05,0.00010374086751465564,0.00048275747047658813,0.00011393991810259176,8.666799727855324e-05,5.616728172915154e-05,0.0032107543559816735,4.9290670698066086e-05,4.41299355073142e-05,3.437349803678984e-05,2.7700619016889633e-05,1.463225101350611e-05,4.0618947389479404e-05,6.577810611829259e-05,6.27963324744704e-05,5.036567542518623e-05,0.00015975881808300607,0.0001624845279883628,0.00017641139796206292,0.0,1.1260329043824267e-05,3.4312586309552564e-06,0.00010084998082441127,3.073878639240974e-06,2.517657594784155e-06,2.8733675069575648e-06,3.790835639101213e-06,3.71316201309107e-06,8.11432010869865e-05,6.582752576306125e-06,5.277067152202896e-06,5.44911226453558e-06,3.362437666148612e-06,8.172902530760457e-06,7.235643853189573e-06,6.382499236046463e-06,3.916202803719372e-06,3.9525600371951046e-06,4.210048476044948e-06,4.317590372508789e-06,4.716744104705853e-06,5.303586189711601e-06,5.134141278578041e-06,5.474345772873208e-06,8.91002105715732e-06,5.911405602596142e-06,4.881144289020354e-06,2.840915166407305e-06,3.985750016537084e-06,3.865287309801827e-06,4.58541779126206e-06,3.662179806709843e-06,1.613549481334451e-05,8.18378289941726e-06,5.647047526780156e-06,3.6092613309210234e-06,6.730488317995944e-05,3.84673285363569e-06,2.795074837768563e-06,2.7475845196623455e-06,2.3712030559315105e-06,1.4562382406052221e-06,4.116812326613569e-06,3.2955256867488303e-06,4.937076582932957e-06,3.251374321924281e-06,4.846443392345173e-06,1.1957965981831567e-05,5.628327498776128e-06,0.0
EU,B05,0.0006989778604872533,0.0005112621244227121,0.0003963406446033977,1.0136637595761586,0.0005791992710330706,0.003950076024993778,0.0016192455512904352,0.000862276357580469,0.00048794849791826823,0.0003571009361246838,0.0005161304862428013,0.0011539972197131933,0.003554878286737606,0.000893123790678583,0.0002053226007398726,0.0009230998386980879,0.00208201055393442,0.004327683859579897,0.0017169721923677764,0.0007112309603507565,0.00023647499637938967,0.000472393460220078,0.0004206216916589383,0.00043750186889422987,0.0003998766769456947,0.00030678826693987895,0.0003541005191120123,0.006728149926378964,0.0005487901244070841,0.0005301829088014698,0.0002376108257124227,0.0004682006764083178,0.00038941277677051716,0.0005684257001356631,0.00031141315981118845,0.0002539340553928049,0.0003578984295662794,0.00017701393010563466,0.0002398950009102816,0.00011227249021661844,9.898477431462652e-05,0.00015544325890813124,0.00015149108383522158,0.00017612822023832164,0.00020100929745547866,0.00012622873228923718,0.00018698928862695836,0.0002796791917023288,0.00024685368824344195,0.0,1.1257332768226712e-05,8.165258131582409e-06,9.578434991864349e-06,2.02587421665452e-05,1.3799119647501621e-05,1.670531651130286e-05,2.0262600195511882e-05,2.4110967204332238e-05,1.5858191930697866e-05,1.650334026392541e-05,1.9592227238559788e-05,2.5968079504654873e-05,2.437424838974774e-05,3.115626818247206e-05,1.9059328228488644e-05,3.1815258163467606e-05,3.053996734044757e-05,6.147487103651435e-05,4.734356072263958e-05,4.233162569398175e-05,2.052015598512675e-05,3.649923753953046e-05,3.321856306196994e-05,3.831125536657068e-05,3.34372864170845e-05,3.009355029938254e-05,2.5408434278029256e-05,3.210853215076181e-05,1.560402708443906e-05,2.6856018865408342e-05,8.941943966355665e-06,1.40656583749453e-05,2.162894332645304e-05,2.330182482062787e-05,1.3754883041470699e-05,1.058257750400662e-05,1.09161065230004e-05,8.613213830056616e-06,8.104031544150381e-06,7.337593374350454e-06,4.690062729187302e-06,4.2910190988214565e-06,8.930142953653929e-06,7.697976271266217e-06,7.732485712346458e-06,4.714373683594161e-06,8.375395897895938e-06,8.940294546432294e-06,9.145353025091161e-06,0.0
EU,B06,0.003939691043808881,0.0015250440102324136,0.0030057241759530117,0.0020993514222358025,1.0059698737650937,0.0015326670459502034,0.004059523339260816,0.006354030172198549,0.00271469285396603,0.0014275610361135919,0.001607714537184091,0.002333839339946583,0.05103582785728664,0.007102104743520753,0.0011837658416909546,0.0022684911791139217,0.0035266085734759023,0.004801159877705412,0.0044775661378151695,0.00168375325143154,0.0008477355470793489,0.0013043904350897467,0.0012738930357550171,0.0012214344311946887,0.0015212540010195227,0.0010574757337894712,0.0012109187893660153,0.009026332685462714,0.00177240117085953,0.0015719282245601352,0.0012682907524099653,0.0032653564136622265,0.005657423029397053,0.0075724339663382064,0.002837456203678433,0.0017023520366625038,0.0021370946064111686,0.0006681773405668846,0.0007062411479183154,0.0004757601000215485,0.00045081381132614493,0.00039996444411766,0.0006576726054975782,0.0008565462290320873,0.000900783446712539,0.000706274704877463,0.001150800620778015,0.0014708039813878173,0.001578745431320052,0.0,8.415407185088602e-05,5.9649360409359527e-05,7.834636248121831e-05,8.45541732456957e-05,0.00014484622264249956,0.00010289007707429475,0.00015340163495784247,0.0002589132859095394,9.609511448013153e-05,0.00010394900333202417,0.00010776050993214451,0.00012789683894710643,0.0005526015645382848,0.0002642452369392207,0.00011929885605106645,0.00021645421765580084,0.0001336415272551709,0.0001441982423540278,0.0001547852380576782,0.00012667568844932628,9.36327366415818e-05,0.0001404904582015709,0.0001198533887671361,0.00014016591070411833,0.00013007890470402466,0.00011522905514052064,0.00011261103596062812,0.00017412699272571693,8.893204395491528e-05,0.00011238180756990297,5.7231459041317715e-05,0.0001381893231272768,0.00028311266194733123,0.0002824715058251773,0.00011795791003806689,9.192383544767825e-05,6.676239050599148e-05,4.524382893671728e-05,4.7239742296391434e-05,3.8508085003238536e-05,2.733080407741734e-05,2.2444591978564e-05,5.034742093723456e-05,4.8537423860491234e-05,4.811638292237361e-05,3.0536896539543485e-05,4.951942316205449e-05,5.196438916815985e-05,5.4501884782301304e-05,0.0
EU,B07,0.0003919649412356565,0.0003155026178412647,0.00031694522188593157,0.03352154319652425,0.0003949035854334999,1.0422710023245219,0.00671513837234614,0.0026316236521920673,0.0004011394679707788,0.0003129219722569878,0.0004414502568375434,0.000617440030122567,0.0006267170638735446,0.0021694519828033333,0.00028901344917334334,0.0007378343627881668,0.007115938656604372,0.009859225018240454,0.01581714971798247,0.0020114594884794415,0.0005176752908720105,0.0016801602070046645,0.0010301054681546846,0.0008867750335475253,0.0008674117256890276,0.0006126532202676984,0.0008036249894081492,0.001784742554557467,0.0005899848185598433,0.002326064576659128,0.00022604674464373888,0.00034587261299042437,0.00022410750012151546,0.0003245934857245958,0.0002879065368351628,0.00018602967739124877,0.00025265461365388866,0.00014586302293803508,0.0001982280300774414,0.00010265477756693157,9.303149611098389e-05,0.00020738198279819363,0.0001743592092689043,0.00020177398350626458,0.00018519876653325595,9.03479670987119e-05,0.0001839834704452003,0.00021735323858555327,0.0002238712339577115,0.0,4.4484916707952254e-05,4.000095423911904e-05,4.254798185093846e-05,0.00014890244466755217,0.00011852780315565267,0.0006517789790111569,0.0001771620612707255,0.00024762591194442017,5.908378781658608e-05,6.319703850739395e-05,7.967008255558491e-05,0.00011585484880760654,0.00022649931458134176,0.00021738068042570112,6.159170411411482e-05,0.00015175089351811787,0.00025850362615264627,0.0019575569329103666,0.0022356986727890753,0.0007105587515538238,0.00019167908747401186,0.000585809160690532,0.00042405082957546077,0.00037366924399925844,0.0006472227241703389,0.0002983869631126921,0.00022778968473067542,0.00012420087235471763,0.00011301738969480344,0.000282375259189716,4.1012538379593836e-05,6.990422019551961e-05,9.9552940722631e-05,8.55121191418156e-05,6.258917805685308e-05,4.243572043507749e-05,3.981190555274521e-05,3.336615121942256e-05,3.7668840561519605e-05,2.8420139526771734e-05,1.717723198734931e-05,2.4866644979998198e-05,4.580414383552431e-05,3.241099469150034e-05,3.7100388991224005e-05,1.9622471739868956e-05,2.880503776944286e-05,3.7580206982587675e-05,5.166216101451345e-05,0.0
EU,B08,0.002537553544334726,0.000882293633335209,0.006447698355881072,0.01190234602620915,0.0012829615976128056,0.006463038218228647,1.020884198811119,0.004711873424055462,0.0016092572023700441,0.0008892151478629792,0.0015048049897082253,0.003096062287894434,0.0009197773337240393,0.002314033896031072,0.0007074101053634888,0.0018125691557501575,0.03779090044234996,0.005246598099004181,0.0053914910026369245,0.0016602204130705515,0.0008644775017512293,0.0018287912315813088,0.0013287974022126133,0.001255133842625461,0.0013129829177823474,0.000899329411920758,0.0012822541242045783,0.001883773187169446,0.002019139969504663,0.011783373449294546,0.0008868008596710047,0.0014901764892714035,0.0007013778753390249,0.0007640028630809604,0.0009032920806820942,0.0005714344189845632,0.0009217110927061975,0.0004730102748463529,0.0005438136643672151,0.00030327858852986886,0.0003046051944992627,0.0008999481010687053,0.000528217545973877,0.0005651452370487635,0.0008964812767142817,0.00030472598789548996,0.0004913162553109742,0.0006813312076994187,0.0007206720605434736,0.0,4.2733886072221596e-05,2.8303488997425522e-05,3.362548651317251e-05,5.2887077391697214e-05,5.634796325846598e-05,6.067184843116795e-05,0.0002504000244028868,0.00012669881672673487,6.1021553529317845e-05,5.7804992677345696e-05,8.017462686486779e-05,9.39903139081339e-05,7.981626907281504e-05,0.00017751961940994413,7.254647453455281e-05,0.0001241841057633224,0.0004240124228588941,0.00024677087500281656,0.0003431721399182163,0.0001599618819032715,9.113188398641775e-05,0.00016633840620656028,0.00012424139964937116,0.0001431779383820067,0.00012393906837314785,0.00010943398966943711,0.00010439851628216364,5.2172477715179997e-05,6.274387239201549e-05,0.00023764253808757513,3.182586264782065e-05,4.027938790257109e-05,6.846991383717416e-05,5.6487267475205026e-05,4.700585588747274e-05,3.143237473965751e-05,4.1858977753789694e-05,2.9107578778515712e-05,2.9763225159643943e-05,2.5242243675050772e-05,1.6413850843370104e-05,2.135262777351614e-05,3.3059810993595335e-05,2.7119025014810636e-05,3.331871553479159e-05,1.690308334417505e-05,3.086703238304317e-05,3.1544282704079786e-05,3.5731704761559225e-05,0.0
EU,B09,0.00028017172629895003,0.0008897445921323307,0.0006015246492208125,0.006162272249484865,0.014565258322622066,0.0022586618983198555,0.008175186290733908,1.033550275412494,0.00020690645695942435,0.00013520025377828366,0.0002775365199561184,0.00026028302031249495,0.004605227803108308,0.0004248498119221785,0.0001399068964611586,0.00021486756850893195,0.0011670899025754858,0.00044720254020390895,0.00044029120835256024,0.00017686202084023887,0.00014514088694802036,0.00016308303749150598,0.0001417195767008553,0.00014773838623415914,0.00016879570328397239,0.0006076432549894088,0.00016273500032306715,0.0009346798684114995,0.00023446312738322408,0.0007041341393387944,0.00013197137529057898,0.0003438392438130239,0.0005259975708598682,0.0006665934701766422,0.0002414184219119265,0.00017263973634422584,0.00014895600820071406,0.0001005254025633274,0.00010070684223310876,0.0001442676812557109,6.874594187522066e-05,0.0001295507330233482,0.000298608503630654,0.00011184283277640266,0.00010492982063136844,5.4988654152000555e-05,8.453802473253108e-05,0.0001261579252423734,0.00011640203158884954,0.0,2.1801037488667722e-05,1.9138701759313015e-05,3.313190848086457e-05,0.00010446202387467114,0.000438130905149994,0.0001234831158022808,0.00018137858907759088,0.001574761712995206,2.445804642453249e-05,2.5265935977454734e-05,2.970704103446474e-05,3.335306330362973e-05,0.0003967884828143801,9.014650592177355e-05,2.3109112933211267e-05,5.000712703298748e-05,7.696349953825492e-05,8.306642364410067e-05,7.70885885263905e-05,4.419913033614115e-05,2.5650495185560098e-05,4.126071034734256e-05,3.4200997764931926e-05,3.616544640499888e-05,3.535685335063715e-05,3.563889070698782e-05,3.093753067065238e-05,9.208008261092155e-05,2.9238263901921603e-05,5.453729937552287e-05,1.7064772550616176e-05,5.260224745330979e-05,8.578477941072235e-05,8.757379171900029e-05,4.0605644768052895e-05,2.917232516839274e-05,1.8243004263500168e-05,1.2304057875284778e-05,1.328354463796267e-05,1.0922181335802019e-05,8.294860378131784e-06,9.77860439118673e-06,1.5842761304397143e-05,1.425784658739849e-05,1.6228239232644563e-05,9.685177151441977e-06,1.125437725938186e-05,1.4571624674937701e-05,1.5612057014329746e-05,0.0
EU,C10T12,0.1005070361165021,0.006757587410123193,0.05523428092621556,0.0039916277779234385,0.0028743119979939835,0.0033758856102478565,0.005815115074596458,0.003477685840974243,1.1914110351959104,0.01421898187755723,0.006103090625230523,0.008008460061029279,0.005135365464235722,0.020532725952413875,0.010341920844361809,0.007963900859616957,0.005484251645888605,0.005906253738239767,0.006246754685962454,0.004411795455855975,0.003969611822195013,0.004667400133185453,0.004232625120558217,0.004603443598637641,0.005191696088407267,0.004571611202399605,0.005399805413945851,0.004418343007283002,0.006256111798564451,0.004522842612975491,0.008887160602443479,0.005382377298883662,0.012498779055703006,0.010033311264452541,0.004800196116691997,0.0035926921986400044,0.15407033421228744,0.004409107286428373,0.003300231687145284,0.003099676042847157,0.0023438297838388753,0.0013486333899733068,0.004069629740728828,0.0053565426566460714,0.008423101449117279,0.007596176015957287,0.019059385069467374,0.01271004253626542,0.009346786309022094,0.0,0.0017770538255989746,0.0003173454098087352,0.002426205847570745,0.00028923143658655384,0.00024081215929898562,0.00029493859026394277,0.0003592257606615622,0.00037093348797369313,0.004674791623857242,0.0008727005994641843,0.0005332277937237517,0.0006762066378856361,0.0003310310632208397,0.001070839621998823,0.001001157960466987,0.0008896677650623338,0.0003997807197761607,0.0003707054184451869,0.000419554565026765,0.00043345223114134063,0.0005183815768640423,0.0005849659637376102,0.000551384304092465,0.0005878236818301904,0.0004861640073840772,0.000514075242132306,0.0005186081868318907,0.00029029183175889817,0.0004386917629557994,0.00038850781575466994,0.00037808123744760596,0.00040038279085219755,0.0010276419002221019,0.0007797370414668387,0.0006316677775270356,0.0004066911355936965,0.004838588956685155,0.0005575484137448355,0.00030652070500197115,0.0003143605403117003,0.000239516824833173,0.00015127750424025443,0.0003735389967434633,0.0003633486632122481,0.0003504885179414006,0.0004072318000706803,0.0006540941960858028,0.0010965385161954841,0.0005314553388605919,0.0
EU,C13T15,0.0017985606435781082,0.0018233600494518489,0.009748618570046757,0.001640282810939547,0.0008354297568694537,0.0013432303092601587,0.0013152641310631554,0.000978677588397365,0.0020334085207214967,1.139196225033871,0.003168306975204868,0.006479334583286455,0.0008871248423208749,0.0025393461363236677,0.0017562774508735248,0.00848387028740393,0.002717839517700215,0.0018259011680980567,0.0017968729284603686,0.002086810141324112,0.0016658304382262139,0.002390922412115583,0.0020873516368493665,0.007110837353086225,0.0031068463262401078,0.0024021104727886163,0.007461767287136843,0.0010662895608443985,0.0017544008166635492,0.002213803954537641,0.0018626963736985372,0.0012993584938776896,0.001131762901197537,0.0016244421704205952,0.0013481335135189028,0.0016233730068106113,0.0023792029502706096,0.00176187155190875,0.0010701643324699157,0.0007229745086098815,0.0005544751029606426,0.0005172324550834431,0.0012699618958041219,0.0014886587973102078,0.001072959498310351,0.0007275162057929069,0.002551959736241452,0.0025735742606104086,0.00234351172937119,0.0,0.00011475143623727443,0.00010253066149484455,0.00018772000091434537,0.00024035956919949756,9.604698099251389e-05,0.0001305354040413134,0.00017360278172224393,0.0001995911851460755,0.00020624481330307459,0.004940532904890841,0.0002427283170290807,0.0005507788334203274,0.00012675693417358696,0.00025836640691673273,0.00027504140112417675,0.0004853490032952807,0.00027782158805012767,0.0001903946870641213,0.00017242424261077523,0.0002719271438581279,0.00023258640545585648,0.00031079393106433546,0.0002765560649646492,0.0006361090872498557,0.00031963802644737415,0.000346449970067628,0.0008730894581158238,0.00013911432968494335,0.00031809926775058306,0.00024964865168410565,0.00023045618122149078,0.00016763300659731174,0.00020034896013813562,0.0002171085326343682,0.000204960077778014,0.000191323364197048,0.0002266651815306183,0.00019072474894203282,0.0001170806788144537,9.607192580369133e-05,0.00010181812700419882,6.044077388370169e-05,0.0001864627750263277,0.0001596160777426559,0.0002417670558926085,8.919935277068426e-05,0.00020682822056343803,0.00037511845369596987,0.00028756893835154277,0.0
EU,C16,0.006404726796425711,0.015268788536144147,0.007679501642501278,0.009000354272171869,0.0025442884956579695,0.005828290595881272,0.007054199550375782,0.003377899389747533,0.006569629497412267,0.004307648669650255,1.222015651442446,0.02285697092250088,0.0021104479001793153,0.004446024334388818,0.002654137235300327,0.006159772310354792,0.010045215925805637,0.00690963140039423,0.006008233487902718,0.006880851531782913,0.003379944160356947,0.0054300576395281295,0.005232961699252178,0.005336333070921141,0.01776757854684096,0.006388571771501872,0.037377221715783976,0.00845616488600691,0.004978695461411709,0.026049497433717463,0.003373719929083509,0.0036514299029394705,0.0027323885683458006,0.004913608181092716,0.0038270886398867423,0.00241125263480365,0.003942277994123271,0.003611305845269421,0.0027487853249712774,0.0014638118582942106,0.0013125672215829709,0.0036256005903922313,0.0023023494262941193,0.0034280253062785124,0.002202429117242424,0.001440599162928098,0.002447207522260288,0.0038366630386885707,0.006235057089700681,0.0,0.00015413294502122576,0.00018607787722283697,0.00017053152506230906,0.0003527179632870975,0.00014304857691385778,0.00023791859863792048,0.00025795533935078936,0.00028738051160015726,0.00025892766447795524,0.00023693276586894525,0.005904182325845195,0.0009440680052747226,0.0001698610105421666,0.0002995746161640804,0.0002699127651478917,0.0003896502059206695,0.00031463184671477236,0.000246487479528979,0.0002982590615078815,0.00039399173334470446,0.00028483802301250644,0.00037336755329771954,0.000347393815439191,0.0004774568309145531,0.00061265948947625,0.00040429205184567787,0.001856408645826671,0.00021000120749917265,0.00022514729353520296,0.001025869861613684,0.00018875354343749612,0.00017813421132297075,0.00027482511457202437,0.00028900800890055883,0.0002664792578391427,0.0001653757514977321,0.00020233646068653743,0.00018695679909045318,0.0001524909207518339,0.00014422478075643835,9.438607433153725e-05,0.00014654233313571687,0.00016612923888777975,0.00017225103728703915,0.00015914146663141766,0.00011223771045916209,0.0001676655317111731,0.0002221355776626251,0.0002258112215513502,0.0
EU,C17_18,0.008142675617707632,0.012557120030549058,0.008046313309882602,0.005845330900441172,0.0040551986333708925,0.005172709978234421,0.008834384619083814,0.00425730656694238,0.024904318130386953,0.013027837960054538,0.023506018790396876,1.233237552691859,0.004711826845277144,0.015084060452327522,0.014236221045993175,0.017661072082297044,0.013691998108743223,0.009404231161351622,0.009905892577139386,0.009600617824428056,0.009054208609558505,0.012932466722584128,0.00911536275236001,0.009105281123652496,0.008871160732306453,0.0074606655236108665,0.013671413098738261,0.008146701106534772,0.009788106954527887,0.007536590578569023,0.011019590398169729,0.00649308161962547,0.005877675892136879,0.008092377579552454,0.007562161600760802,0.011472482117912608,0.011758226963387646,0.04689498627933201,0.010434816907736412,0.007213897071854512,0.010394245385597224,0.0030407541978457724,0.012511811030082884,0.013903772122940954,0.006980741458903075,0.005361929024173378,0.006549212712088435,0.016059020399651267,0.011199487095169032,0.0,0.0004655348294194343,0.0003252760630793581,0.00041798135656450795,0.00039437777327011554,0.00031911870160109836,0.0003771427535760362,0.000520180153146327,0.0005581672771453906,0.0012010686325793244,0.000782826745245273,0.000998630752884958,0.008387012845103594,0.00040204563652852186,0.0010927177433937803,0.0011624184111424097,0.0013098983072673848,0.0009010582351600949,0.0005096380142245037,0.0005720790592992885,0.0007026868888550981,0.0008044299137141241,0.0009838255307774723,0.0007898948963105962,0.000994801009223713,0.0007407494698838175,0.0008419723870725513,0.0011041345602393867,0.00041150510967734907,0.0005956689874572536,0.0006767213653644174,0.0006184447661929199,0.00046495063304686,0.0005895274761739277,0.000643953622815328,0.0006941922772303056,0.0011217860824130625,0.0007489097321139224,0.0016622311891955088,0.0006604516014164018,0.0007281111056575789,0.0004691433278492734,0.000232543248125054,0.0009063860390167584,0.0006051683097693303,0.0005260834005658809,0.0005136365257467239,0.0005966309298865572,0.0007194739014236433,0.0005699311629793355,0.0
EU,C19,0.03155913250330673,0.023849623687077586,0.04870186755034539,0.015056956766364572,0.00956982082605483,0.016773575582246316,0.033388003983469916,0.015166985072240173,0.01685491872297194,0.01074524431256324,0.016912598230893375,0.014254725743601772,1.0799580301685479,0.04946600389906333,0.008381905651795045,0.017812641408235613,0.026114191719762727,0.022003040757592417,0.0156298628244091,0.010891640469328582,0.00686805011111366,0.010624344246247077,0.009147038966867782,0.009807325107102494,0.009908827673769365,0.008466494193269902,0.010328712445495741,0.021301224695573627,0.01744356228771125,0.01620611487042451,0.01103436770959542,0.05298216069002805,0.07851032363984788,0.12297780155492596,0.022187722675830655,0.021351584201457816,0.00930059352471066,0.005876704050771358,0.005390630961624592,0.0036881561285349025,0.003937958316343288,0.0028072611770573025,0.00537269807442826,0.008687642934323366,0.00741765999167199,0.0036505905972693477,0.005553317662796854,0.008069967447160679,0.008465765630444292,0.0,0.0007631140316372409,0.0005809919099427884,0.000802190859240439,0.0006130015489321062,0.0007492715172410857,0.0007549765445117337,0.001338927934100001,0.0012204082251213917,0.0008188458372574282,0.0008755117567482296,0.0009689470010242492,0.0010318087383874954,0.0015834882458417006,0.0020191586267127525,0.0009831209175403144,0.0018161020912523308,0.0010688049177505015,0.0009489970961487965,0.0009264100584560631,0.0008778601885073752,0.0007469170226100927,0.0010192469131599644,0.0008500081322892825,0.0010736946015840187,0.0008654572544257457,0.0008850881917680996,0.0008993455598626693,0.0008188582301530116,0.0007615401314523891,0.0008949351675239921,0.0005326283359777151,0.0014147222636520696,0.00272499327686289,0.003276686142353682,0.000959122038893205,0.0009542802999210916,0.0005652956558175004,0.00039538156718444583,0.00041811703811923256,0.00034006848758246064,0.00025020564432701734,0.0001859075337580829,0.0004361364434181934,0.00046750983085008433,0.00045621407481248247,0.000284852521965163,0.0004302356318705137,0.0004758145927020112,0.0004835068488602345,0.0
EU,C20,0.049090374363839256,0.01431681666004567,0.02270265729343067,0.015362047929746794,0.011731652015100014,0.018730840744350056,0.02137980123698588,0.010562686510056636,0.027305993542021595,0.049662848647085096,0.041422303372084496,0.05335434951176061,0.0413057022498071,1.189735913669586,0.06596891036294905,0.14707964030763296,0.041422961267508204,0.025663189425407868,0.03530804926138682,0.02279082499455599,0.020426663793051896,0.02762744775914772,0.017892110513761827,0.027696317071956862,0.027316826354773185,0.01636969067015854,0.024443571045326146,0.014743286312387461,0.01959767701246948,0.02235703500238766,0.009603613453077033,0.011218331534809478,0.010282024535707998,0.017204982769367435,0.008620885618076718,0.007393744277073989,0.012388805125398273,0.009165612856488778,0.006355593781681007,0.004928281322938952,0.003907782899673182,0.004470538534124302,0.007921126729043867,0.010720743870011982,0.005909084962542519,0.0035255036897133365,0.015387066913995157,0.008956592771992311,0.016710043538994832,0.0,0.00464314340371578,0.001904595342690757,0.0015215629097573788,0.0018881815952551681,0.002140183970195975,0.003185605048479023,0.0033839992770671448,0.0030492421482782883,0.00338512035598952,0.006133001583695331,0.004953889363119381,0.0067370485722602,0.003663154795418175,0.01627942797932124,0.007697928202306185,0.017277849701117953,0.0040894214682085095,0.0026493847725470535,0.00322051618396723,0.003333636649196243,0.0032198257394442913,0.004757142851670245,0.0029824402559243506,0.0046238983520474055,0.0032265250096066064,0.0030706115142864606,0.00462423720225251,0.001439237290894252,0.0029897873645166892,0.003096664388875,0.0012508539262982192,0.0014902941165279608,0.001691924832183531,0.001948692473637056,0.0014525728520469862,0.0012180783011708643,0.0018437286914587678,0.0012648073302177546,0.0009308069225088709,0.0008790877662501027,0.0005486934986895937,0.0005882589155834861,0.0015492830156523234,0.0013130504621125575,0.001187933734908856,0.000800587788390576,0.0022385078192777227,0.001343107155488116,0.002073964115902,0.0
EU,C21,0.010647332415651327,0.002606974135187062,0.003689032483418031,0.002132584252332764,0.00161090799138037,0.002415175428856224,0.002963691750300965,0.0016020040510560324,0.007278059929083785,0.0060814224832927925,0.005681257643307462,0.006173745952572174,0.004908135591795538,0.01805024462608213,1.1620022373738879,0.014186954288648444,0.004952817246230857,0.0042349534581311125,0.0051264315816618115,0.0036002619474582503,0.004263511444953164,0.004016931421864003,0.003485113203130344,0.004218865481169316,0.004080042530167751,0.0030634552553516848,0.006625983039096832,0.002579220819188519,0.0031974369139046803,0.0036361810709602533,0.0039006429453867543,0.0020805010486155333,0.0022385432008386933,0.0037143072292647682,0.0020290478376348087,0.0018495347059953877,0.003291954655971428,0.003500166073540241,0.0020144585242360745,0.0022913881980036284,0.0014028085893889107,0.0009837803071483793,0.003518763846310974,0.003944851286831169,0.0025904916025758576,0.001566164892356593,0.023805564021876186,0.0023490496009647686,0.004191659113218655,0.0,0.0012150649130473008,0.00036190283593715147,0.00067266090838293,0.0003810161114382235,0.00043780029956673504,0.00044828782544404993,0.0005559733333154126,0.0005547645740636687,0.0009851972703670614,0.0009301776590449814,0.0008267585951738105,0.001273553868286709,0.0006142933194848552,0.0026881277980559935,0.023494875491995502,0.002659208969450149,0.0006871691747674543,0.0004515478538283185,0.0004988762821527276,0.0006151875935085642,0.0006492558113272572,0.0007644381182795605,0.0006113066809890227,0.0008625375283502064,0.0005901994023379058,0.0006127752778643202,0.000859107820837951,0.0003207969821574315,0.0005941523042949932,0.0006086027416259103,0.00034504223712239967,0.00032069336439227936,0.00038949079085019185,0.00043893655304809193,0.0003663061099078187,0.000293122492996419,0.0004814222530636032,0.00034261856513440004,0.00030795599327308986,0.0002950017053223113,0.00020852268607671236,0.00017275794803940452,0.0009746757244537714,0.0003686428525361025,0.0006918004015106172,0.0002757782625394088,0.0069349595633714815,0.0006623078710193313,0.0005205487458010541,0.0
EU,C22,0.010729699465520508,0.006297308673951941,0.010596882260996995,0.01109394234732443,0.004022958628337057,0.006836354085307753,0.009271074684249035,0.005874326808832777,0.02098407451851829,0.02239198344455155,0.016699956982644894,0.02288072214501833,0.007032464977252436,0.019936259279461067,0.014402380847563581,1.1105103541119234,0.01817989546419237,0.011810841681954422,0.014215769314873087,0.019114644963067612,0.01632879535799454,0.03328295289647603,0.023708701513784684,0.04905947709561919,0.01885519202181325,0.016917205401145025,0.02238791667984156,0.007117510419041894,0.011141682865797538,0.030601971315875293,0.009309903134248006,0.011536350138163065,0.0055821280967801295,0.00860897682587107,0.007654658174068122,0.006625984986426801,0.008321156997325021,0.005773680467094221,0.007003089323533406,0.0036330705129452813,0.003190512833393495,0.0037660424470220264,0.005776233891876891,0.007316305968126372,0.003948793525028114,0.0019930067211538127,0.005877282841900741,0.006218396870456542,0.0063057921853719905,0.0,0.0007116790164455614,0.0005078519889670212,0.0006156006625391961,0.0006842664557745086,0.0004691074825225011,0.0007744470742798888,0.0008523016752421084,0.0010155593688433518,0.0014378053896539984,0.0013266519053695706,0.0011509330003345367,0.0019789984757852116,0.0005909638969641799,0.0016895634910870255,0.0014915471550524752,0.005082691762141835,0.0010344653757963314,0.0007509063203433885,0.0008633194797252922,0.0012068966310305488,0.0014980711845358685,0.0022498892861226444,0.0017798274791258192,0.00368689888813661,0.001445798629987056,0.0020826330038620487,0.002000311019567997,0.0005542806100451725,0.0011378739004300545,0.0016884350758078015,0.000803607493703915,0.0010095064582519432,0.0006932926425965324,0.0007912846665724918,0.0008382672543788035,0.0007281162308850583,0.0007758007826888448,0.0005127699751764881,0.0004867545115716853,0.00048109597022536274,0.00026798432769390893,0.0002631624445314744,0.0005544016802486261,0.0005566636333558855,0.00045118195573707524,0.00027438192826967865,0.000606467731452954,0.0005852837261235658,0.0006168456371557121,0.0
EU,C23,0.008094732671581782,0.00454278829929585,0.007425086649492561,0.008553721592282461,0.002874600012961451,0.013920578452559484,0.021925619944142282,0.005984302255344509,0.011449206497099502,0.006078476570858012,0.017385228556092317,0.006348712656832147,0.0033642263057887525,0.010018295955488164,0.006022121246317046,0.01245844492466867,1.1166971787629831,0.016499337121131347,0.011375786391853744,0.010855845613427206,0.007972417209704225,0.01318480956079101,0.007460259992377527,0.01158073612681315,0.013266603707882577,0.007271598687711338,0.009965812568435447,0.009040534667907975,0.009894284452774255,0.06236877180810592,0.004402176832268581,0.005003489266668093,0.004021870672753763,0.005464228190286888,0.005346153312809119,0.003128943421032907,0.006704001683057833,0.002507043064708837,0.003813279407622975,0.001986777874763179,0.0017871611855736127,0.006196146445079519,0.0034730696444692463,0.004143011208351042,0.003628711400837032,0.001990216527202885,0.003657171287502106,0.004594500159448023,0.004674168129564445,0.0,0.0002164014520845247,0.0001495580927438028,0.00018021849002270351,0.00023988671389940135,0.00023518652831039757,0.00028838986750850633,0.0005980750103336087,0.0004790789738960971,0.00038901128253926285,0.00029860951739841103,0.0005714916639387883,0.00037099569909610424,0.00027078308646487045,0.0005320693318931622,0.0004534609018274004,0.0006582460503225312,0.0018569635093914443,0.0004966941424529537,0.000489193744999747,0.000549206598913613,0.0005137321748539182,0.000693646027614204,0.0005231712367525312,0.0008684736105494652,0.0006734409028121587,0.000579653127659865,0.0005041891515785019,0.00026598377167555426,0.0003409394199207395,0.0018283842205778762,0.00019634586052569067,0.00023384244505451616,0.00031077133671431355,0.00031419949072914095,0.00028551499731011454,0.0001749747438490712,0.0002753244730913137,0.00016099099795326876,0.0002051293851903244,0.00016016279987777956,0.00010052813191989582,0.00017427798387073572,0.00020016551975433227,0.0001670906421806297,0.00021872607115152145,0.00010868480426260102,0.0002098179022183938,0.0002057823167625279,0.0002429670526939079,0.0
EU,C24A,0.004595049000322379,0.004237079889169951,0.004472434687729653,0.010474658900077795,0.005044301828069031,0.012762201538497546,0.009487838035059995,0.00706444801302048,0.005351182673905197,0.005625596988059985,0.008340544265284222,0.006232057646978744,0.004563858343614682,0.007955828728790094,0.003532859627828971,0.01270754576199689,0.01521862413103844,1.2618427048599077,0.03862178348753072,0.11778651114533709,0.012393077018950076,0.042176015353269515,0.058610456454828326,0.04989148678677261,0.04573521236074357,0.028753553826298926,0.028654935521999554,0.007171844139761805,0.013801039194666617,0.021924681315354667,0.004340185870247166,0.005428526846435148,0.004060328685835542,0.006637146438780346,0.005082410909457646,0.003136311062693973,0.003105662869145181,0.0022190740640701074,0.0035871172382880893,0.0019336242363504103,0.0012805131345418044,0.0023989057196666117,0.00321712358749633,0.0031517296569076123,0.0025032786827168113,0.0010384099529492734,0.003000723574985646,0.00285223241063751,0.002978467910442598,0.0,0.00030715066086703754,0.00034642289197576884,0.00035319336078911697,0.0009160343630200132,0.0011289119621500925,0.0007996013263607763,0.00098753741131031,0.0016049258451043904,0.0004571936105795815,0.0004550531666388242,0.0006896651583294913,0.0006330941571111162,0.0008272575779998631,0.0006983059138734166,0.00046609701353486177,0.0009156932452810638,0.0009400659560855236,0.004091869094896696,0.0012953468923632813,0.004915195826208574,0.0011400557902145952,0.002283634998753499,0.003402239374778055,0.003622571304482303,0.003187861744902756,0.0026883405731940313,0.0016537420382234367,0.0006746590852081154,0.0010092166714439053,0.0019084480033349852,0.00039750514884865246,0.0005635458458274993,0.0007285566915491256,0.0007105864903079706,0.0006045036842723291,0.00035925548193833934,0.00032081547869355985,0.00028889648116186905,0.00031606176288449074,0.00024564937424149025,0.0001482400515515862,0.00018453526495336594,0.00036241182614066617,0.0003017044801577645,0.000318177660081092,0.0001563537574480426,0.00025494764195440435,0.0003134368756626523,0.0003825552527249106,0.0
EU,C24B,0.002676585416275125,0.002075379288229005,0.002432171545659842,0.003936615132506566,0.0016795103098879354,0.0043425255274355985,0.003885387931736146,0.002339811151543233,0.003291144008614328,0.003171172652560997,0.004181810744409558,0.0050882505928299,0.0023699148379192564,0.011774460962421619,0.0032446805079989222,0.008583281541835679,0.006682454944515809,0.06281396482312719,1.3395731209286155,0.047368407769723196,0.01654196036069914,0.0567985383970114,0.02145453872573483,0.01731174568034981,0.01571046627197763,0.013079409938549672,0.02320054081616638,0.0035623966479127874,0.007089489677246285,0.00877461532423635,0.0022069321690650913,0.0023315343160850445,0.0020700532390129592,0.0039330498281182355,0.002248378979888155,0.0015381619447872377,0.001720038994516367,0.0013816222603431343,0.0024333430608440188,0.0011852885433765357,0.0007020646770108237,0.001065299724779018,0.0015945475451794014,0.0015867893998354101,0.0013037087351714545,0.0005338071653218724,0.0017578018460506317,0.0015721044890369732,0.0017362039143352394,0.0,0.00030891078952269074,0.0003138373183973709,0.0003255179414658942,0.000745483061724035,0.0006574266634047789,0.000693989406107073,0.0008252597907441639,0.0010022289211536791,0.0005227862521218771,0.0004856935476166948,0.000676927126135984,0.0011477283137352706,0.0006507512650031095,0.001068117464635182,0.0005354114117614968,0.0011582885510700983,0.0010371383332788055,0.002508035621054571,0.015139840165712392,0.005097810017971031,0.0025329678979560334,0.007997216776807727,0.0034013775098176735,0.0035779365716374217,0.0026951779777396835,0.00313225247017669,0.002987594248977958,0.0007231860233413031,0.0009407146691659437,0.001543951344580713,0.00044211862633890064,0.00047998215629900374,0.0005970679632235767,0.0006509770707342464,0.0004958617576857138,0.0003334874814091093,0.00033978371710701084,0.0003148467702686261,0.0004059949715114419,0.000296780583432936,0.00015291951555887113,0.0001661971048238483,0.000416429482728141,0.0002928780665089751,0.00031155029353006474,0.0001627942293404866,0.0002846042558610645,0.00030472555848568873,0.0004499010812275821,0.0
EU,C25,0.015286758301189812,0.01205239258182671,0.016049607588406622,0.027993834947793034,0.0076480648058509645,0.02580977286554741,0.023341525441859166,0.013679690863464058,0.01885282552044088,0.01750538174008522,0.027561842764522986,0.016230762555979068,0.011364208570561255,0.01626437605388824,0.00824502425449314,0.03024926746939198,0.022367368088795046,0.05089900010773169,0.04437666670173103,1.1671256145521318,0.030167020821835946,0.05903301802117303,0.1032167800976471,0.08375999372516038,0.10156538558287584,0.06637631670364233,0.056021150175070894,0.016503327614268187,0.023969679149946965,0.058088498432799236,0.010133129105028803,0.011950834126072746,0.013054667107798058,0.017141747045327164,0.012487170966065279,0.008094739487182711,0.010186429838407176,0.005901528353798078,0.010556246627661171,0.005207237167774772,0.003601266181098686,0.0064760153721800705,0.008292866390974304,0.009516347279885743,0.00814679466452707,0.002952386683062663,0.006117705923539094,0.008914120119585275,0.008033031497415976,0.0,0.0005991918998832795,0.0006631678138392092,0.0006921504016190442,0.0013668115450967769,0.0009690982014009421,0.0013686706823243092,0.0014715760878287994,0.0019303321354355591,0.0010398134828039991,0.0009092285936973026,0.0013946738250654122,0.001224478736463784,0.0009264287033062047,0.0012716701502301219,0.0010074440785906684,0.001666123056141868,0.001321497792648587,0.0016417108282310074,0.001754617734650726,0.004069083428306538,0.002030607734334318,0.0029825082037829628,0.004277727275524358,0.004659364822289,0.004571708421865533,0.003889062227175043,0.002565431285905959,0.0009816312455313704,0.0013178827355192786,0.0024411732044433087,0.0007299378180199717,0.0009176017449386356,0.0013226492543176303,0.0013202589185113147,0.0010994125592656994,0.0006633253697350785,0.0006762500688586605,0.0005125795428196511,0.000633917151340141,0.0005053501361466532,0.00030482192656918747,0.0003086933475233251,0.000708909630825628,0.0006098916300801084,0.0006901168103211417,0.0003103666635855076,0.0005320939415249048,0.0006261115139416195,0.0007245841137768667,0.0
EU,C26,0.0029061336932668345,0.002339357913020383,0.0032972901757705657,0.0032698304801591083,0.00219435171551461,0.0023926384384675044,0.0037881473240288636,0.0026119905313228718,0.0036270666878578588,0.0033467444699442,0.00350706820856772,0.004874413334841402,0.0026319299957448185,0.004108699760385453,0.003495082526005277,0.004578892616102223,0.004107444155711508,0.005535980186741298,0.004745228612074228,0.005709667989118215,1.0992997421117372,0.022917733973030388,0.010382969916946636,0.012131056578314285,0.019763878039714713,0.011849817906786133,0.011704116487971681,0.005750200449330075,0.004068073646965801,0.0055649452225947455,0.0038654516701085613,0.0032579485468136877,0.003177491577509099,0.007309073608639859,0.003331885967638064,0.0044180411057060005,0.002800899186062451,0.007184316734828581,0.014937429173817147,0.010165743064866431,0.002949073044629263,0.0012351001718988043,0.0049814093354646856,0.0039358370118937405,0.0029996079598628386,0.0014633788081616845,0.004002415817039646,0.004809482954640263,0.004778523341718208,0.0,0.00027529608844523656,0.0002632590154801496,0.00031499282298925216,0.0005241760485193503,0.0004873510419958352,0.0004599591618408498,0.0005655414404279856,0.0007879905229981541,0.00044210842021207946,0.000452533081041347,0.00053625870387262,0.0007255004505656669,0.000506108102311225,0.0006843510386088898,0.0006038779047326013,0.0007792738612365838,0.000560000169215713,0.0005934952456311736,0.0006030548841491122,0.0009081941264179169,0.011368492099577616,0.0033740402323102626,0.0020995389532372693,0.002255660069824564,0.0024966857017449783,0.002391036989035994,0.0013333739892214772,0.0008725675057339783,0.0006865534926479367,0.0007987095095655006,0.0006279164028856117,0.0005198248249218016,0.0007180146375607121,0.0008583193367697139,0.0006940768052320519,0.0005234555398457888,0.0004329269004290106,0.0008433548032847333,0.001741663901182628,0.001446428468820926,0.00035377225789701557,0.0001997712013807737,0.0010548452884341826,0.000566709585468423,0.0007471903065251235,0.0003560909486112745,0.000875355990333873,0.0005615921703579331,0.0009282621958702718,0.0
EU,C27,0.004569576497531996,0.0038771106489859154,0.00505797730689459,0.007310590245592382,0.0036751056209574622,0.004710151551698695,0.006443640185552192,0.00442212811844896,0.005010801931373308,0.004973985584576502,0.005618417369122822,0.0062137168818568265,0.0036291132637264016,0.0053830435979779125,0.0031464253242776707,0.007295579716508736,0.007021681690705535,0.010578413344460105,0.010295273114440383,0.011785142299329351,0.02927924236878185,1.0952942068115596,0.024661004292781476,0.025554535462982086,0.026353108277345435,0.018506493953375072,0.016364839983535093,0.014512805617370823,0.00713750412178341,0.01844982508217713,0.004579772144027258,0.005400106403540247,0.004376192571148371,0.009410675852642792,0.0049734241019906335,0.004606664437629478,0.004922908693676798,0.0037084385836510603,0.009864194092148273,0.004270102167513346,0.002075230734444914,0.0024692130565854113,0.0042774179627702615,0.004095301033150085,0.003103513223679373,0.0014537834880254336,0.0027970115386464645,0.004551234578368184,0.005801497397065426,0.0,0.00031790592258767314,0.0003452120262631542,0.00036509625317348524,0.0007639823271911979,0.0004870956742998094,0.0007742565749321354,0.0008095714541906165,0.001059776486243357,0.0004721402859141573,0.0004761877347194745,0.000670189320234005,0.0006488802964656966,0.0005162053778141433,0.000655888643873694,0.0005115595609854064,0.00078407702083468,0.0006655365705063948,0.0007804013831998073,0.0009520380070145789,0.001115566079374236,0.0029134061596139695,0.006378921449177103,0.002690072084151266,0.0030016887164880258,0.002662201443604287,0.003338615644625126,0.0014235914102832046,0.001537749304384694,0.0007110267695974693,0.0018374535970237282,0.00059966940109715,0.0006190801455047831,0.000741499140202383,0.0008662575900492402,0.0007205115512955957,0.0004346890987026104,0.0004555466734051336,0.00041530207397870304,0.0008896507506472637,0.0005216788262826504,0.0002693026553150421,0.00024223282149465777,0.0006242861613398353,0.00044733937182581666,0.0004422779931714803,0.00021602365474309674,0.00036821999469746473,0.0004808156936305147,0.0007598449308764191,0.0
EU,C28,0.015084884863120731,0.0260914079646091,0.013669899872281783,0.02185197330444074,0.009019159292287518,0.014899771269355613,0.026805329168620422,0.013023994091294339,0.013190576482327536,0.013119084610098884,0.01506079332765916,0.017894700764658197,0.008932604098616681,0.011835230212922054,0.008579873650939493,0.01774732188391209,0.01648115467410281,0.0267052337610425,0.023276137038479323,0.03242259113796066,0.021220573842964233,0.03770626855042133,1.1498203091559227,0.05797926622724516,0.07986069393454169,0.042351771326514305,0.03737209671839975,0.014926798455135507,0.017391722060418814,0.0220896905008917,0.008068682919598233,0.009439118390259545,0.010773484798824071,0.021354900507573004,0.01057173897335818,0.007976515525211782,0.008136525426178159,0.005879263065787863,0.009870555000487858,0.005688013677923792,0.0035474282921915653,0.003140489451444519,0.007122004075175735,0.007704821730497572,0.00511385187839789,0.00218618258157591,0.005237710428446409,0.006366362829152165,0.006744313442660084,0.0,0.0009540997166649981,0.0013078664438035989,0.0012698953773138163,0.0028272796614153208,0.0025474128458684814,0.0034612232979992137,0.003188710690956726,0.004850696747454979,0.0012289477868677875,0.0010994298322791634,0.0015981611674875174,0.0017940429535176399,0.0020198938203798327,0.0017330036381487165,0.0011690343521116237,0.001868035869504346,0.002024528425155177,0.0024751118067426726,0.0023705567525008895,0.0030650338409527462,0.0027934661954619527,0.003937238786426861,0.01069549941391688,0.006190162121269033,0.006499769799413297,0.005140706858819215,0.003408731141691664,0.0015706415624688723,0.00173413422838851,0.002559441742027692,0.0009151847701276346,0.0012023502950697083,0.00199086805436649,0.001858418469566649,0.001717000637755989,0.0008565243114555722,0.0008073697590593884,0.0006876521972572656,0.0008212832262094502,0.0006839989416952843,0.00038626714102258964,0.0003495127175515484,0.0008364935318169118,0.0008912715504751017,0.0007045104965074154,0.00039837044260387217,0.0006181198065994672,0.0007720543385132288,0.0009086343294737364,0.0
EU,C29,0.008511638947015029,0.009311962482429078,0.007072718104690169,0.007426464645112358,0.004159300937080976,0.007272751371679346,0.009978828865235847,0.005935912596561625,0.009297473202119447,0.008789421388449294,0.010563944213995093,0.00950184443754889,0.005575654805465477,0.009305770634185632,0.005917409193223433,0.013879722506044143,0.013976708150746973,0.012111116025410167,0.010986052846290154,0.015357054973285713,0.011880424750672988,0.02182689715892531,0.03799422042379619,1.28940776903495,0.02159697463590853,0.01936407895493077,0.017322594234284856,0.0077082795356372595,0.014881115477209005,0.011372527416394456,0.016043946996715585,0.024996527932423164,0.008517183145412036,0.013040394525465194,0.015996108169000926,0.019448878451394702,0.006192450380809241,0.005461635930976767,0.006229289720765353,0.005040190619685435,0.0034795570674958447,0.0023923679605577556,0.0057231411360420025,0.008009084136727828,0.004415820934511444,0.001996294456636324,0.00399924361781809,0.005865910851632899,0.004972214029143933,0.0,0.000571288419681288,0.0009388983174400434,0.0005777148737827199,0.0008421398174663372,0.0006254398789704154,0.0008395414366993551,0.0011047951030067075,0.001219551701639226,0.0008641027184073099,0.0007617493077133484,0.0010346655606702092,0.0009960785223389146,0.0006959670685558498,0.0009655135846131614,0.0008793430737048013,0.00119301082363975,0.001014239598463794,0.0009495634995160782,0.0009716856608273794,0.001260899844551551,0.0013119937275683435,0.0016012905540380568,0.002849636417578773,0.02009106604298367,0.0020763050403228103,0.0026366073143277123,0.001511446509359149,0.0006224944118796489,0.0010351414756039961,0.0010899914499942036,0.0014247503025230323,0.003009842019301822,0.0010115919073212427,0.0010701372158465408,0.0016392559316074078,0.0012436377463544708,0.0006078660970782177,0.0005044129498348695,0.0005257071585040574,0.00047348871450528387,0.0003001592665140502,0.00021741904368122712,0.000751502141008526,0.0007621110712733978,0.0005312181545966001,0.00027652399774243103,0.0005110858917003896,0.0005454502497777534,0.0007212167048472911,0.0
EU,C301,0.0001445415103051064,0.00015496041358056714,0.0064037314149843075,0.00022392154108377284,0.00020157927203134763,0.0004939588565617661,0.00032890509168133234,0.00022729036829784543,0.00021091245215558872,0.00016786698648949512,0.00021508771909625895,0.00017513349919690436,0.00020898660497764977,0.00015579758198533674,9.701498177330666e-05,0.00017855821340529075,0.0002063496293596377,0.00022941508775601145,0.00019892903935987355,0.000246958631971405,0.00015572143903180608,0.00017504051476782798,0.00020553194064674738,0.0003351646093320345,1.1617016448655897,0.015864067427191413,0.0015804794136099834,0.00018426848333442578,0.00013996282140078367,0.00015253903936651386,0.00023985899919868028,0.0007920574948791844,0.00653735838518701,0.005246826477473085,0.0007945835251270753,0.0002668664520891956,0.00014345037202913194,9.79194447198478e-05,0.00011159598100450841,0.00016369357461239238,6.165147103177139e-05,3.211876210281354e-05,9.785618201132971e-05,0.00021595301042519072,0.0008478675521079538,5.835872952977998e-05,9.534612423545907e-05,0.0002655460572352828,0.00018792387138720718,0.0,3.0011317658624676e-05,3.433802708200974e-05,0.0005855940367106784,4.5403419607427125e-05,7.42650724835671e-05,4.3647493726381424e-05,0.00014435564907936096,4.153362198715911e-05,5.883995010179481e-05,3.9413824661850516e-05,5.130583807181666e-05,4.379296596545147e-05,6.366285328662876e-05,4.998435626014577e-05,3.4198915723099216e-05,4.886369407110863e-05,5.4660438099094086e-05,5.1807285147259477e-05,4.60860305006283e-05,4.8537974497776114e-05,5.417649346856653e-05,5.3286163345787855e-05,7.28624187027832e-05,0.00010213082884408393,0.0042026470837025895,0.0007934554523424529,0.00013275371621058974,3.78193475655607e-05,3.7730260177849107e-05,4.503592427734316e-05,5.930907379819928e-05,0.00013683767291725176,0.0013010999376338052,0.0007933826029439612,0.00018106589870747742,7.752577832844407e-05,4.795905696979055e-05,2.5690723994242087e-05,2.284545980207399e-05,2.3468998976636987e-05,1.8139301644070748e-05,1.1106079363622399e-05,3.017999737091227e-05,3.910860645048754e-05,0.00014503757748013707,1.865424375295305e-05,2.2363436002598428e-05,5.2642748361118e-05,5.18172438735198e-05,0.0
EU,C302T309,0.000963591454071816,0.0009881258802112453,0.0051973842532059165,0.0019476642894461918,0.0006262552897391017,0.0011830182458136816,0.0012782149426598794,0.0007198865949545534,0.0010614571320211692,0.0009842017062374326,0.0011542078219621387,0.0010238525623821955,0.0008317650811922257,0.0008604286481094634,0.0005639570923757143,0.001173218585842339,0.0010921860588202301,0.0013385812825162976,0.001131985505114932,0.0014423524086902152,0.0011416818678544583,0.0016195429551581642,0.001470572058503206,0.0034614125235354377,0.039970754561470055,1.33059446520429,0.014919808261735909,0.0010445325468743326,0.0009359136519056854,0.0009372296986735217,0.0013720231628370787,0.004853515814595859,0.005301399063890243,0.03733597935425634,0.002096680798263673,0.0012117620349957725,0.0007555799536320858,0.0005963688903125466,0.0006379651856984078,0.0009725443764789145,0.00043473402543520016,0.00021405344632384132,0.0011300346810232795,0.0015593251026241707,0.007731638533131477,0.0003053772592372923,0.0007207665155928168,0.0012623742077750033,0.0007960529873884245,0.0,0.00013730112354642775,0.00024600904362763676,0.00027255424485164915,0.0002747313443369556,0.00015075686820247475,0.00018272984725102153,0.00025025903992673273,0.0002344771165004964,0.00019997860939479774,0.0001878819988194733,0.0002619368892130805,0.00021406878507113086,0.00019125977350567853,0.00021695276529598996,0.00017528460075982234,0.00024143837456269538,0.0002209283113608156,0.00022980349512181537,0.00021029418640695774,0.0002431370944457603,0.0003736311877630759,0.0002834803411267227,0.00037983812584820617,0.0006380371513826005,0.0025864426293151816,0.017626856002970762,0.0014274189441155693,0.00016847615389629675,0.00020106598136366056,0.0002168334154829897,0.00029366012321494563,0.0010084376394425408,0.002109236990525484,0.004976740565227298,0.0006603131154987641,0.0009777201914745158,0.00016678254455041716,0.00015294203111847595,0.0001317580628411001,0.00013802530732600902,0.0001156823160797125,6.597833823035625e-05,0.00017598400194101448,0.00020575809885736409,0.0009514723345923539,8.588488643590594e-05,0.00014595554424914499,0.00024610839871481576,0.00033125548292896415,0.0
EU,C31T33,0.02585272172367555,0.009498195534675673,0.022685655975311688,0.0277815364607548,0.01099594326701633,0.018881163865749125,0.030116493771577803,0.01224494244350284,0.015652688338968785,0.014180172730044065,0.022287965485582695,0.017797595207742527,0.010206181826066049,0.014382129199146694,0.00841962000265199,0.01471943894271682,0.01748381641419034,0.028549768679944236,0.01965774493387163,0.02007842019146037,0.016825386907533567,0.018325367769964757,0.022904406729170778,0.019869092715917445,0.03744513010767266,0.02816591278297581,1.0622414247421683,0.019708632012342048,0.014272276235382908,0.014175992629551003,0.00774603256332812,0.015449789756387333,0.020532554186048584,0.07232394095740785,0.010894925660001145,0.008069845948100665,0.008908578278969083,0.006981726138970667,0.013256927351545782,0.005365274499643779,0.0035919179254392747,0.0031343490214427007,0.006257227752245073,0.00872447546086485,0.00780038404839726,0.003087353524907982,0.019768339614686062,0.011323517329899302,0.006976384664318592,0.0,0.0005253796108277586,0.0005173502752650726,0.0006729766003993481,0.0007440563983115263,0.0007629614163911607,0.0007331795630252712,0.0011092661923007964,0.001403353558158388,0.0007931334013279892,0.001024764922527846,0.001133862637221299,0.001066522065180743,0.0008280771258202665,0.0011142491395574189,0.00118185139588751,0.001244846670806235,0.00098624423013788,0.0010300073200057037,0.0010275435632215496,0.0012305053526963938,0.001443930337370994,0.0014438514644546589,0.0015688975864453707,0.0016609952939420517,0.00227424128343757,0.0017234768730297711,0.0028421066153515974,0.0008843627480549486,0.0009485667770863169,0.0011191745289828479,0.0005961140373418868,0.0007122977392667701,0.0019145059975350452,0.0021023405605729195,0.0009094518578570881,0.0007070984014426612,0.0006355256371684071,0.0006272875781226809,0.0005873730179494433,0.0005077325856498907,0.00037666377669711137,0.0002584131673617923,0.0006504922375065823,0.0006668036233963905,0.0006032166820904869,0.0004896786427928946,0.000988271178578203,0.0009647991650726425,0.0007644956516987384,0.0
EU,D,0.04210411413285437,0.01801232308602891,0.03176049140824569,0.08265398420213774,0.08587109613138647,0.04942729672008955,0.05953834404580997,0.05617541854582751,0.04320938592323626,0.03394020333610097,0.046513458525838464,0.06406216268120239,0.040431046349042765,0.055225733750206195,0.019971459401240087,0.05079454716964022,0.06999806815350136,0.09655331503751953,0.0817468851283479,0.041457693952914355,0.02235622443613611,0.034358531511405825,0.026392532339984915,0.031457299305389604,0.02806107523440032,0.021995617713716147,0.026308099204574033,1.409902951039876,0.05615377364485303,0.025630742283779425,0.025427293981515282,0.037902319332259744,0.017609792530696187,0.02198229553453526,0.02808668258248227,0.02493800563881862,0.04883421419050618,0.018933321384335042,0.033944444891245866,0.012270027621616837,0.011054871424044202,0.015418591623257778,0.01606341116577554,0.015690585075543967,0.02172660782918266,0.01652305684987828,0.02366190103197939,0.037477073977916796,0.032536281452287805,0.0,0.0006168353639655734,0.00039984420236880883,0.0005005255121467397,0.0006036903960849149,0.0005888621738469048,0.000669226029312253,0.0008150241135418545,0.0010362879918625152,0.0009060819928867807,0.0009164908270553313,0.0010368937562910407,0.0013609635379564693,0.0007721647495054075,0.0014850448112277079,0.0013493974046566357,0.001685330053303878,0.0009151811982420313,0.001117772030530212,0.0016432197136394548,0.0014130491172653498,0.0011838950856874412,0.001698914007805381,0.0014350561116592167,0.0018916530411738233,0.0014596829716957938,0.0015466162565092715,0.0012588985269741215,0.0008966016382131489,0.000725788801093006,0.001072317303456674,0.0005078803581485857,0.0006202702767964384,0.0009768814764480106,0.0009830797035131152,0.0006897130445214228,0.0005540726007848205,0.000679672947969906,0.0005813446092558592,0.0005414652364563025,0.0005115187581102045,0.00032731208077430306,0.0002246414044635818,0.0005608571690321328,0.0004592401288955631,0.0004290442443604003,0.00026636325512878164,0.000584765644984413,0.0005732419558503681,0.0005152593433834232,0.0
EU,E,0.016536010965487343,0.006993744337386482,0.011698643226142722,0.04732663074521251,0.018586578873933165,0.02701390846973582,0.02487685429594975,0.009073688702217256,0.019201570347223074,0.01844118366014427,0.018406129749334085,0.04631500056516035,0.012247355489960771,0.02218222140555925,0.009300616342212933,0.03712921133198408,0.02666805893234847,0.09322393447652301,0.10379707774306594,0.03582396877503697,0.009327224097388004,0.017774824674358293,0.01597310719201364,0.015661331005201593,0.015720106890199363,0.01186482106732067,0.014067691358016093,0.01713305032121792,1.2194698055504956,0.015452063946325801,0.009605631681245022,0.009678673693506779,0.0074557052846692985,0.01006036458752353,0.009093259678331586,0.008584255231525586,0.01858161539696323,0.008607580347935509,0.007969891132836127,0.005207944149730161,0.004666756823486889,0.009435772371534411,0.007472101968095104,0.009280139133758539,0.019218195632363655,0.005335254752821967,0.010192559494760906,0.01458809059782723,0.01233948042080618,0.0,0.0002910617671843288,0.00019812032848565928,0.00024768896098710947,0.00032785004559133493,0.0003169429235527062,0.0003494625847419635,0.0004148930997417221,0.0005336266906583556,0.00045227710688689225,0.00045185868744977313,0.0004935215100290523,0.0007774383232718945,0.000351466750888337,0.0006997758007008077,0.0006147635389740586,0.0008533429840530124,0.00047296335214244315,0.0007589654302138728,0.0015117572821177,0.0010715801389436536,0.0006588045584100279,0.0012176049969559678,0.0009410740233110656,0.001151324253162385,0.0009020514230226256,0.0009423589372060682,0.0007730766754098344,0.0003005557540784436,0.000398890940592515,0.0006224070190931051,0.00025775630215667353,0.0002990493991057831,0.0004435987798902692,0.00045840403045100824,0.0003381719522851018,0.0002699381708666684,0.000328044325871392,0.0002898617202548431,0.000254423989022174,0.00024280612065460076,0.00015556128848750667,0.00011114563176020366,0.0002806857724038613,0.00023597656675712253,0.00021325707810568713,0.00013049684568088312,0.0002702713580271748,0.00027392877936318277,0.000260468787677845,0.0
EU,F,0.024346868812774976,0.022435952353767136,0.017585073501510225,0.02654967452565008,0.016650663737957802,0.02796951960076533,0.03122512071362605,0.027864760323471856,0.02267064432060548,0.021563582460538657,0.025635658040479514,0.025770889439619533,0.017152398242671098,0.02181887529932273,0.014598026167472258,0.022645392813347452,0.030403206981037136,0.03116671561951195,0.026674367351157337,0.02302754495854688,0.015153053766593242,0.021617049102441686,0.019867271098541424,0.02046444064888411,0.0242073549023951,0.018977709126393752,0.021938421270962488,0.055402262576657146,0.053827548162154265,1.223439935375614,0.02247939763494706,0.02870306501617988,0.021593785769516358,0.028260733205715264,0.047436010888682684,0.025672098662821496,0.029919651365238047,0.016926036075290526,0.02833542846367403,0.012398631092994463,0.015115914322159772,0.0726083728485865,0.02348413941912213,0.018707399436864326,0.036843975423592995,0.01847388336646421,0.02008347246692688,0.033434526984660026,0.023550629860795244,0.0,0.00039436814656239956,0.00030805855693796254,0.0003874078872132822,0.00044309041335525697,0.0004531318232092226,0.0004660544151802628,0.000607431245737314,0.0008897521087617216,0.0006140694552575339,0.0006163896130572022,0.0007284139796447336,0.0007956643133473635,0.0005144986888912421,0.0008553618894110003,0.0009536136412115427,0.0009585743275507065,0.000633862091961163,0.0006674904074122019,0.0008223823402832766,0.0008177919300382614,0.0008299025122658033,0.0009952326805728207,0.0009607937059339457,0.0012308622307534072,0.001090874630117968,0.0011116767892289966,0.00084767359780045,0.00045298940326870787,0.0005146771507560209,0.0007518350765153007,0.00042094805506266437,0.00048110275335054185,0.0010101572195619403,0.0009435136718738376,0.0005986000424308189,0.0004545786097051026,0.0004938345525394918,0.0004797723590658701,0.00047294265611523193,0.0004585186294566862,0.00032289266136885066,0.00019204411916688862,0.0004870135123800022,0.00041247280234776217,0.00035162959406559165,0.0002029932395192097,0.0004457708570140741,0.00047736775316023147,0.00039891386431159396,0.0
EU,G,0.15876960616724714,0.1265013574390002,0.12288703659648849,0.0647309095803572,0.04025191415622578,0.060378056085148034,0.08819211867481207,0.04491228089343315,0.23386908089287015,0.20589493527079814,0.17808251489873558,0.15354546822796117,0.07234476113861991,0.14998850065352073,0.11164671036186243,0.1544808855268355,0.13360114126256945,0.1728140935541102,0.13779157748138368,0.1473210383162188,0.13408369843045348,0.14313224364239385,0.15857784138263695,0.18933879963935818,0.18674416967261512,0.2019918868172002,0.13568676756396716,0.06130572138129872,0.07953717163360242,0.11710117632288414,1.0805624115877166,0.09533767513763075,0.08217203294874341,0.10904446553766454,0.06637811797976761,0.09368592180810925,0.13783299163505477,0.07741534962882651,0.05668752887379022,0.0415493375454645,0.028771426560986354,0.019408380797937077,0.04460517599847741,0.05269156726626487,0.03893959051841118,0.022485335155401607,0.06334898836395184,0.059049301832167715,0.05067456493714004,0.0,0.004288511236045966,0.0026824836052435704,0.003834671153997029,0.003671475205862931,0.003281215840361756,0.004023540045189345,0.004716793250563874,0.005583909760994725,0.006735534244638038,0.007230032945313076,0.006793452001009521,0.0077972541611145444,0.0038875377856880345,0.008694080130066761,0.013894142617416127,0.009949041538265084,0.005122343492583338,0.0052727328843066735,0.006185718522844908,0.007058903257298465,0.008409067093161984,0.009241091608983825,0.009560736384101381,0.013027529373663466,0.00987658386500814,0.012751444413897344,0.008231979808138638,0.0032096119498734666,0.004191909396285788,0.006123391558996821,0.0030493333798932076,0.003773033889416798,0.005804223071725142,0.006438710724139696,0.003999449555102515,0.003316585373649459,0.005228638435833229,0.003469119045011166,0.002967520194216923,0.0028051763877144347,0.001624483023431018,0.0011605413098335845,0.0032995445633286764,0.002610287294639692,0.0028294048314742018,0.0016804026381914826,0.005345233689446188,0.0034583776280451553,0.0032472027749993705,0.0
EU,H49,0.029842256588425143,0.059531405689325016,0.02934275752615395,0.05481095406356907,0.03213904515435816,0.05038893022561493,0.0675528627353317,0.02582379472273718,0.05179706562425221,0.03684637881060138,0.06785758746217152,0.05447484514847436,0.04744156205730894,0.03947883140311868,0.01933134525866269,0.0417065278425974,0.0633063743626191,0.06440965295505623,0.0488315987048542,0.04105396407551984,0.02750053469290972,0.039461967873687054,0.03776721069022739,0.04202670810382437,0.0387272634806685,0.043094493896895764,0.03617700957868633,0.03601338001125154,0.0304617723717457,0.03461753128684193,0.04723722943793425,1.1290819160769512,0.061237866992245475,0.04862317937408175,0.12194912393065915,0.07302675278952979,0.024129114674852254,0.0200796116221645,0.014299422754694676,0.013547478911488671,0.00803538738402365,0.005601271426799389,0.012338769184662406,0.016055026908531125,0.015593041665738912,0.010684039116688557,0.014736923657710933,0.015751392279001585,0.01754122770329728,0.0,0.0009817711599069542,0.0009059169717661012,0.0009987085948673037,0.001296534880066306,0.0010212154738785102,0.0012261492630716584,0.001678626757958855,0.0018352228263821024,0.0015873205541728829,0.001596947731864244,0.0021283411040044944,0.0020691674881860083,0.0013415304674270726,0.0020371667690003013,0.0019845103609244766,0.0022984193651743776,0.0016976966022762873,0.0017593540390311497,0.001992612314384395,0.0020236329125604443,0.0019196968265005425,0.002408446206412222,0.002294618847224974,0.002938443790821272,0.0023395078675619778,0.0028589056663345263,0.002087818883874922,0.0009987864370426065,0.001211688917114379,0.0017456722097477304,0.0011389731290779974,0.001786758988886447,0.0025736838013562537,0.0021247212446995445,0.0019115730340075199,0.0014788645417633222,0.001146515479714676,0.0009566929413778264,0.0008012211263016751,0.0007426346310754507,0.00046304603237687386,0.00032311120604665235,0.0008530825945545706,0.0007577295956038102,0.0007904775073769742,0.0005300626782538388,0.0009368376491821245,0.0008799036503879563,0.0008397217917390143,0.0
EU,H50,0.005801111983147182,0.007622169683113971,0.01684457508820626,0.005363074356537316,0.017888521923992037,0.005652280171731882,0.02174572905326963,0.03209982903947649,0.01144532485981612,0.0069246112173356215,0.009902429484035672,0.008055894272162098,0.01443477456200124,0.008075716141108597,0.00529302088218684,0.006828749134585009,0.011978374455532063,0.010218353553902201,0.00819665437909907,0.007116883490075704,0.006052481606182137,0.0070649565076525865,0.010111742413927698,0.006862773412902822,0.008260914764298091,0.007212837906138136,0.006324768519489126,0.006132430317309334,0.005666396025460548,0.006158035389160736,0.013113557471884463,0.024702682086901125,1.3744652160781454,0.013685951390460447,0.029539636595211496,0.01812466397289908,0.00558859202828,0.004331585847590621,0.008139521914339188,0.003226684479720337,0.00195431048752561,0.0012731903256849926,0.003529623882059915,0.007117132327090363,0.002739157441098996,0.002364926954032962,0.0032970148752634247,0.003811328745875233,0.0037008715922102744,0.0,0.00029236388243852613,0.00030411006167085295,0.0005035542830597621,0.00045269622234332126,0.0004953181270067786,0.0003848190069534492,0.0006646253633995939,0.0005683732843349599,0.00047257332679317065,0.0004467156930979408,0.0005609483120272213,0.0005646955397267967,0.000614919039035056,0.0006375491671382265,0.0005613701055169534,0.0006364842524305119,0.0005735320374697332,0.0005673215748048592,0.0005271643748462332,0.0005540281702493464,0.0005378864637433517,0.0006458696161282615,0.0006647581715741929,0.0007270304437789491,0.000641591731641178,0.00064968776922331,0.0005294723700335679,0.0003236511467108392,0.00032865508628026946,0.0004784365074220291,0.0005077774377271688,0.0005082082718903106,0.00749407938795589,0.0008016259919879346,0.0013748039713370676,0.0005243480855621654,0.00032689320341281256,0.0002627158261862287,0.00028622499492917395,0.000218094493065515,0.00013163933280901276,8.934585914106498e-05,0.0002547590162357155,0.00023555212114308006,0.00023379202374623783,0.00012590464703608504,0.00024479924044355924,0.0002708540531212893,0.00026185627597387904,0.0
EU,H51,0.001777482199937791,0.0019477167929209827,0.00265779514879843,0.001232225738094569,0.0014707984187686883,0.001479555656654799,0.00223600217815926,0.001679595392311841,0.0027953864567523707,0.002142936425255683,0.0028699552390731454,0.002470948583294941,0.0028916229695655055,0.0024028283326264282,0.0017465796819501277,0.0025884879648230105,0.0027002148394254686,0.002520683839456113,0.002640734915369626,0.0023561104632546723,0.004387911252992885,0.003158525900673561,0.003117427479598835,0.0028556996484446714,0.0034507129862515864,0.003126733046616916,0.0027105945647514958,0.0015871501744462147,0.001641676009606529,0.002069568663509461,0.0017938285363370834,0.0023266977633462135,0.004033935564702018,1.0452462515357948,0.003852098523844999,0.007941460985205531,0.0017405416457378677,0.0016977815437717251,0.001436130095628958,0.0014867714385095464,0.0023810397541297996,0.0005333879172094826,0.0019161960741132886,0.004345389691042643,0.0015799346029416262,0.000758230710653229,0.001176214696110908,0.0020381961014950987,0.002154668352505517,0.0,0.0001264139702508732,0.00013853258497260892,0.0001386003939983992,0.00018150669782965293,0.00026585008549670594,0.00017342754494949222,0.00028358604616633817,0.0003929117634360632,0.00020495406747272508,0.00021252134595830204,0.0002341162353330382,0.00024159526506954693,0.000244553933453315,0.000248057938519606,0.00025922109115715595,0.00026810447839896185,0.00021608910096714104,0.00020692886246514617,0.00020346274272832162,0.0002324917704985998,0.0002891863309804026,0.00028460305338462883,0.000281654402812139,0.00031685528670998274,0.00026995838016423385,0.00029633146798315445,0.000249767982286452,0.00018708826631210463,0.0002163931383948025,0.00022870465673494828,0.0002776595394406084,0.00022128322010544696,0.00047826943040266774,0.003201635199750311,0.0005736971534329065,0.0008196187818224879,0.00019742194022046838,0.00024847805208147504,0.00026728839723778663,0.0003051463130525045,0.00026493564965985147,0.0001232260667742108,0.00033677477746645935,0.0005424238173234798,0.0003024263352883536,0.00015943182671547047,0.00017054493994028198,0.0002553356582336745,0.00029594419638944705,0.0
EU,H52,0.023849602401327677,0.029106066548557102,0.034796841663292714,0.032704499537635184,0.04245617862067291,0.022281987802654977,0.05905478553792588,0.023326264651979654,0.0505191143459286,0.03354844238661273,0.049513798630322285,0.04368758255169776,0.035427904913145986,0.03528357555189859,0.018574614497665766,0.033809940357996206,0.05211518828359218,0.0476998896328079,0.03625241522960282,0.032545058725517884,0.025510811146134352,0.0333742155498409,0.03340110818616671,0.037893818220653824,0.032820929271228906,0.03452663768679944,0.03095822860257132,0.028442899319404462,0.02511408690446496,0.02846607028155735,0.05357411709114597,0.11736575750580516,0.29890045024771533,0.16318123110322827,1.2278937460352657,0.128033430111934,0.022972596105748904,0.019902724405445577,0.017057713173516623,0.010638796778265005,0.00781832617638972,0.005489928591608753,0.012364848521477116,0.016270877358700437,0.011162037385228495,0.005736303426319135,0.011530631631496651,0.014394043054254688,0.013165710749563832,0.0,0.000838283098394828,0.0006973175391772138,0.0009158098198701032,0.0010484271626570432,0.0008586814157933169,0.001016699236229329,0.0013373789878531762,0.0014223469120699626,0.0013697334626418282,0.001383076981370424,0.0017001925862827605,0.001727415514464251,0.0011100801596316198,0.0018020531675510872,0.001838305541673693,0.002028048621294634,0.0013771897703784466,0.0014581531039543126,0.0015845104196325805,0.001673916797233185,0.001710555816300136,0.0020417264165650505,0.0019838636060494205,0.0025586354820438194,0.0020117559507989513,0.0023263508110627847,0.0017279323135864545,0.0008352558772074983,0.0010152220366339503,0.001452021709918973,0.0011033078350827109,0.0014624252615712875,0.007975623136413904,0.00458473221322831,0.0029401274155711763,0.0015023143589147614,0.0010289216511551672,0.0008611688993071245,0.0007871796442626149,0.0007021649697948736,0.0004680691699208359,0.0002932336225304423,0.0007914870831090991,0.0007686315681250824,0.0006770597728085607,0.0004084918427206681,0.0008269914304357403,0.0007801032766726799,0.0007778312449758113,0.0
EU,H53,0.004803916624723668,0.00502823541031649,0.004329854166054714,0.004271155209681496,0.004028482535246028,0.0037205020787084903,0.005879295075079255,0.0032188220403939383,0.0071400543704934856,0.0074895416364199685,0.006269390266916347,0.00832074049926974,0.005431271388681331,0.009504669157299927,0.00743893494885505,0.0072373433059531415,0.00612458318128068,0.0067883503025742324,0.005875614406530446,0.006581411263492165,0.010139777996434967,0.011074784866655224,0.009678612787699506,0.008009313944691022,0.006716858973013642,0.005988103270092162,0.007648557693062267,0.006540350146610621,0.010649647762911697,0.0052731338384605165,0.016040453876986625,0.011254897488093944,0.007046869263009838,0.009901820820294963,0.01133766097387774,1.1149849939675478,0.006997810722578261,0.009776315200645133,0.018349571925579768,0.004966825736268183,0.008155188881505212,0.0020338541686577504,0.00901050497590238,0.006860781275039784,0.009476387025660272,0.0024527294431066883,0.004422550292063941,0.008406996426154622,0.007725202717616861,0.0,0.00018559480409183722,0.00013669077970553974,0.00016942113304709204,0.00020420296110674818,0.00018465095041016088,0.0002035820914265847,0.00025031213424445365,0.00031607447398277226,0.00028870927900317826,0.00030279116473144984,0.00031411618477873715,0.00036627022987134,0.00021932087766920173,0.00040617597027836015,0.0004991286328299632,0.00044481202482938784,0.0002648659199423874,0.00026642563762343944,0.0002920010022930798,0.00032632263199914186,0.0004200586079881248,0.0004327434160955091,0.0004258524539261386,0.0005400041745827835,0.0004331945891088559,0.0004741157454771998,0.00037000179087668246,0.0002026751889809671,0.0002641050183963155,0.00030318020938918536,0.00029670799707304365,0.0002954185969274864,0.000698532171672025,0.0005204253002825527,0.0004062660130058619,0.001880718589422403,0.00025965343348717724,0.0003117956988284385,0.0004049653794007121,0.0002602360496717763,0.00025082806812312084,0.00010538156951438212,0.0002602238195405409,0.00022552535695538392,0.00020046759805082988,0.00011459991401459786,0.0002511287647763912,0.00025365969468042445,0.0002328997451419236,0.0
EU,I,0.0033424104828679753,0.0029199293602617175,0.0030504116847951015,0.003483792828142825,0.00683679021265362,0.002447752971775185,0.003896080760427012,0.0035055909122149237,0.004921318332364029,0.0053558243342182515,0.004063886055414439,0.0045182373391662095,0.005791503759855664,0.004004187462476307,0.0037952843824846545,0.00398913412650745,0.003966394853170301,0.005331872550936518,0.005099887537151997,0.00415023461717223,0.0038155120814532613,0.004251201084733492,0.004936785943870196,0.0038621557322136677,0.005506143806529595,0.004543385061673157,0.004891708562292397,0.0033465689507979697,0.005360632597362118,0.005690101470001822,0.0049758400149421105,0.012973657261327399,0.00605915553009833,0.01874863490592493,0.009828791356957403,0.0048712827144546675,1.008527717212504,0.006417266545970654,0.00431864515012093,0.004889280003466287,0.004920909373554706,0.001713989410643576,0.005611324406947296,0.011718562787293127,0.004649103111054234,0.004168059508287079,0.0069870802594684525,0.0086134282928889,0.012203219112659924,0.0,8.443760637536578e-05,6.545763964730838e-05,8.036771314939323e-05,9.937592916077038e-05,9.719366496726408e-05,9.922908827454934e-05,0.00012665203978478548,0.00017279568455875132,0.00013355814417632028,0.0001348233264904744,0.00014244594931561266,0.00016383802890224914,0.00011156485093542017,0.00017783848095019134,0.00021863041472647933,0.0001966202896064761,0.00012333548403491151,0.00013203509704818946,0.0001598910731044374,0.00016229504973486295,0.00018305060798694988,0.0002030798190665187,0.00020173659415346983,0.0002504152351492636,0.00021453192169009578,0.00024291617567771812,0.00017373703232831245,9.690868145584336e-05,0.00011401753076305306,0.0001485182357376149,0.00010341808513016276,0.00011503527015920959,0.0002241594866904844,0.00024839504880471943,0.00014765192351912454,0.00011690777102861067,0.0001164062119148186,0.0001314195969248771,0.00011892867580386043,0.00013094734649526026,8.982854218032162e-05,4.714599712226975e-05,0.00011854844437200612,0.00011279205627873989,8.693226700335431e-05,5.247252670435916e-05,0.00010733522900974304,0.00012093106374740618,9.563456035726111e-05,0.0
EU,J58T60,0.005363649394368122,0.0044058566693320035,0.004940805239695568,0.004351351191121435,0.018233047663074597,0.0036958758767534055,0.007528320815574919,0.004541451544454516,0.009540789750717963,0.007195196850301712,0.00657897269391659,0.01260125032949241,0.008830336028266791,0.00839590542947646,0.008663519484900439,0.006864750994839026,0.006661541207258909,0.007184119121816094,0.0068202291195572804,0.006397434921463749,0.008790547472380329,0.008422703072621825,0.006824447328471078,0.0076668566571248846,0.007862932919379761,0.007788292502022108,0.007154438763494765,0.006584143563498246,0.008674218206079205,0.00608799570019594,0.010054728444603069,0.006265296516812569,0.006532258694666614,0.010795221402345092,0.006815622115668692,0.008670693965866961,0.009385673149654786,1.1268845935169451,0.023614856811237737,0.01978210888485652,0.013477851771305704,0.003034169426565391,0.024118347451109773,0.0120468817938019,0.009452705937256087,0.009856171993501707,0.006489349690080784,0.026361184746875738,0.014681814813348086,0.0,0.0003195824360746255,0.00028760499989340175,0.0002973203974387918,0.00043598991101028963,0.0004159460475353409,0.00039392926164475307,0.0004725449622283278,0.0006170148023843641,0.0005356567165167854,0.00048372909176962685,0.000526124010668263,0.0007248739884098638,0.0004488191099390973,0.0006543967322871773,0.0008118509532367296,0.0007049101522599649,0.0004942144309316091,0.0004927579373858493,0.0004959016283116209,0.0005893499297172525,0.0007176635065984688,0.0006827140092922375,0.0006607886109490765,0.0007807561909472568,0.0006786818942392046,0.0007939323255242239,0.0006365531675982962,0.0004658241056592543,0.000633575224629168,0.0005862966949841289,0.000711443044363617,0.0004791876126649571,0.0009424522854388385,0.0008466614375464451,0.0006094536248352607,0.0005253622585635165,0.0006696131183656596,0.006139031643383951,0.0017838989182621392,0.0017432679177497097,0.0007143968823896009,0.00028070884204142325,0.0014554764309933398,0.0006982166661656637,0.0008474535040071707,0.0010007451101684563,0.0005597316221100107,0.0012850210224985782,0.0007621186677394552,0.0
EU,J61,0.006349440138844922,0.00620646293681052,0.008396256311180718,0.00635509488613362,0.00619166435032075,0.005883503822124187,0.011155855751990195,0.005717683291339612,0.010059522927056084,0.010541325694710082,0.008815041747361333,0.01075620874455165,0.00585492957468164,0.008860324950900928,0.007569540166530368,0.009795291430206587,0.011113065609225318,0.010231709175109687,0.009603561088328907,0.009267631200890246,0.009994445075443354,0.009589541578250007,0.009202830809542486,0.009084485011623332,0.00962144751593805,0.008852923418463946,0.008903417209374815,0.0101543491820639,0.01303484789801801,0.008865096808567416,0.011989213071177398,0.009840465542929675,0.00865039734998422,0.01617429359645183,0.010950042940538167,0.04038845981174186,0.015151953457132593,0.02604543316553722,1.2188274705747884,0.016844092078461825,0.021650210283518403,0.00464695595982389,0.014351480937857784,0.01502266357763324,0.012489234772380968,0.004728829044665833,0.008461509983953336,0.01935701900042363,0.013790973628657046,0.0,0.0002519090439010129,0.00021427724731214211,0.0002298603127879384,0.00028808777161453303,0.00028251668516190574,0.00027448896491975334,0.0003529224557652255,0.0004713206377539115,0.00038426549237336876,0.0003826263585911749,0.0004110148184322613,0.00048177697324498157,0.00031230412676323615,0.0004886065923026478,0.0005705055803748981,0.0005383615673499212,0.0003639443402087896,0.00036480673125390554,0.0004064616749123271,0.0004521466278792934,0.0006243690367758029,0.0005598205789858229,0.00054103858976746,0.000671590525240617,0.0005692391806152126,0.0006362287460846392,0.0005005840488302103,0.0003367057875283167,0.0003826309967677083,0.00045593357205585624,0.00040630065327045293,0.00038314263413633985,0.000714315179498406,0.0006110857242996386,0.0004844328997180624,0.0004908829718169192,0.0003976115698288689,0.0005922515952342609,0.002028073453699528,0.0007712672142916601,0.0005598355737384576,0.00021963580935616012,0.0005226584202474685,0.0004212874677643579,0.00043432448378427966,0.00021771181193802847,0.00038693008804071015,0.0005496416329126776,0.00043707797910171514,0.0
EU,J62_63,0.01562085579482772,0.014111687527506234,0.014697847187378477,0.01860886690278907,0.021573992860655023,0.012140832091355351,0.023039866044266853,0.016520355447532786,0.024590618665118247,0.025897512047975628,0.021179035916711848,0.030135090197588116,0.019975806712263792,0.02731351383728062,0.02455124328950893,0.027110935736669485,0.024151017444365364,0.027980005456024897,0.025145155600121444,0.025033885487013352,0.031827272664450054,0.03091854123642369,0.0290695395915326,0.03080341892808342,0.03311055851492769,0.03337354673979759,0.025483550752442376,0.028908230741169893,0.03482518213640163,0.021786291885149432,0.0345852331825149,0.0267729295542471,0.02645304648924426,0.05002045437028177,0.03325616187809478,0.049879065749611914,0.0211980269013383,0.07353523472619002,0.06227055958774803,1.226450428473818,0.05573066639381624,0.01117066933778333,0.055602791806394755,0.03349451415816712,0.028060484138164345,0.01710884937452731,0.019869258156613338,0.04609054848995942,0.02480188114554637,0.0,0.0009556479889203675,0.0007937482850764652,0.0008767773573766394,0.0012408661291598369,0.0013692988546979235,0.001196405638319018,0.001541218013889373,0.002116640555443716,0.0016339222868583334,0.0015215812950939995,0.0016583129963621249,0.0020332910782955896,0.0014710371178086755,0.0020367420050069,0.0023177049657669957,0.0021530466880153288,0.0015265770001907546,0.0016495615546015519,0.0016232654371660913,0.0018866139583620795,0.0028601158024704884,0.00217274519465793,0.0021986315149442348,0.002701827143523487,0.002422135099094464,0.002772976542142299,0.002068729934168409,0.0017481172465363438,0.0017745430347072544,0.00182062542709248,0.0022129662107284146,0.0017611399734729799,0.0023431499903675984,0.003001719192921612,0.0025263694631247877,0.0021522460910881123,0.0018748558239842447,0.00366553722031157,0.004884968101811903,0.010792941444249304,0.0028455332410549806,0.0009347435297339497,0.0033332126941670523,0.002494212057000339,0.0021807408608073343,0.0010428974088909782,0.0016951267624982392,0.0022580279171405203,0.001983679852447307,0.0
EU,K,0.05340345652418886,0.044406355201153755,0.056331230698967144,0.030631837792686262,0.034113161891007805,0.02514034882607613,0.0384679748943369,0.0456347905042072,0.052480738605061146,0.05571451452465835,0.0484744757145441,0.04838175174914473,0.03445954668013268,0.040309965866484825,0.028769243789591028,0.04170910032787877,0.045134040595391764,0.044339582359310535,0.04349430987119391,0.0407923831746949,0.03551885009447691,0.04039000742161726,0.039430983201475145,0.04070309096755829,0.05108700311669905,0.04086638006437998,0.040593186967327534,0.04674150677426955,0.04748825070488373,0.04810388814003921,0.0543812239369593,0.05864515011366292,0.05844604624270506,0.06274318563634522,0.05449047143909911,0.04429596772155851,0.053359520953625415,0.04063972675489069,0.050985483699995456,0.032705218514489404,1.3841968485021756,0.09055076288723198,0.04712523719700857,0.04856729802188413,0.039539535708471775,0.01666502337155397,0.026492463215361254,0.042368884352206,0.051023919800025686,0.0,0.0017187556510031953,0.0012081614282253154,0.0014490903071055637,0.001749966187932103,0.0022120827480494763,0.001706102494720435,0.0027991588689147045,0.0038158047843186577,0.0024699775105392805,0.0024293857285177466,0.0023468659356557027,0.002653299391655155,0.0024054826861039736,0.0028863503653523493,0.002845942995131998,0.002959073306603504,0.002201569230254846,0.0022253464386535545,0.0023598690025386426,0.0024307206043248145,0.0025700601604789408,0.0028215450130860778,0.0026995774654111006,0.003458273460718458,0.0029721347580923393,0.003466750495729656,0.0026165888323644105,0.0022826942399045303,0.002243239296231067,0.00239278183293347,0.0022888133243852173,0.002401220269187801,0.0037081768567739978,0.003844439520552639,0.0026382853198610176,0.0021236724137193917,0.002394860234474826,0.0019755369071944927,0.002188602534477435,0.0019048061739587421,0.006154173150630271,0.002851232751029725,0.0023195855687592813,0.0021654108902496444,0.0021086041330687483,0.0009241728074219967,0.0021105546445681265,0.0022155726266737965,0.0021226388002247177,0.0
EU,L,0.0206233053009228,0.017066612082650513,0.017402177386346772,0.01512257275963681,0.014098453790810457,0.013414333758152944,0.022673202416036486,0.014415524494195114,0.031069298088415832,0.03750029792137886,0.030278939275464944,0.03130726730085412,0.014864514243965222,0.02322503944598244,0.017712924675263874,0.02912433274597198,0.02705086985484063,0.025782384038539087,0.023946773197204056,0.028640447138923407,0.02459475594000546,0.026764800026153886,0.027313488118585635,0.030010445006669238,0.031172799002980974,0.024645230326843227,0.027003774691092875,0.027779481913675522,0.02899459992937874,0.03901160249810942,0.06340422837514914,0.029347496041050983,0.023635361262391238,0.030473764343347552,0.037309296454398705,0.030627478194357002,0.07831651251267571,0.030229937039415053,0.04780860219872905,0.021470670397308864,0.034565168244653964,1.0386273459542714,0.042201193981368006,0.029522056912091414,0.026547511577939054,0.01601627027065648,0.024081899183980134,0.051470365065523334,0.04364967877400963,0.0,0.0005454922255794858,0.0003968709746685195,0.000499456435360842,0.0005900753361657245,0.0005667869817556411,0.0006001834247322058,0.0007518907479835134,0.00108667000688508,0.0008708057403358228,0.0009167906705239316,0.0009342310005441737,0.0010822961265380402,0.000640915612364451,0.001129302782910282,0.0014626557410352373,0.0012799945464413663,0.0007561310316707066,0.0007800645660652533,0.000910789229935222,0.0009963185309655343,0.0011872013383460924,0.0012660631189241422,0.0012785671552008734,0.0017202108525843098,0.001354490549418871,0.0015565646177891203,0.0011169589814982637,0.0005803210023391277,0.0006841884726493569,0.0009295112865427492,0.0006513064444718317,0.0006611675517449401,0.0011198958473429953,0.0011369380550109705,0.0008148630116032243,0.0006441918831304392,0.0007870395698362519,0.000761450740003957,0.0007367303967450856,0.000743038693178606,0.0005623938772617766,0.0003224913981612278,0.0007444752538187856,0.0005939483108545289,0.0005192061547934316,0.0003130577870448735,0.0006998234350920729,0.0007358501117432267,0.0006105111762152269,0.0
EU,M,0.06444614231153889,0.04172262299545478,0.05331756955541087,0.0561174610526493,0.05596975560397775,0.05165514201682536,0.07952350208751278,0.08186106542287025,0.09605453840190639,0.08717703783733581,0.0693861034926347,0.08577219826290798,0.06690416624397016,0.08509572425898324,0.0802027223344875,0.08290445312231913,0.08206524544779577,0.08031914233034211,0.07409177155999437,0.07498734378942339,0.09000989751042043,0.09576380111217545,0.08574590444410801,0.09583756853401557,0.10978313267577544,0.09575811566134264,0.07658990891307767,0.0791363784956287,0.10675438372168009,0.097508400242665,0.09386328738601463,0.0696691778591473,0.06792502573241047,0.10509868421837115,0.08223295574889739,0.08017681824626008,0.07598786226040616,0.09967387259744008,0.09150815277378972,0.10104122126096528,0.10914941277566903,0.04404046144772706,1.2323181804572496,0.1104560003523513,0.05697094346036955,0.026370571565299702,0.04521651185536138,0.09003981282138303,0.06819780678599101,0.0,0.002618925132217806,0.0021279176728517986,0.0023512839204680343,0.003427225610841526,0.003744210761339944,0.0032762297548863052,0.0044400058610114795,0.007105177704157053,0.004573752362041168,0.003892763769403845,0.004197000693998334,0.004994630726525572,0.003982039625671177,0.005715681707926439,0.006881986913113063,0.005772729571902648,0.003979222205853341,0.004057332588087115,0.00420513917706408,0.004908202971739997,0.006495566382995618,0.005620496101461433,0.00593420063901203,0.007373833961963399,0.006693493407494704,0.007380400702831665,0.005251814259732762,0.004084160684714145,0.004188612705182817,0.005605096166199375,0.0046877618412904136,0.0037397017796831225,0.005294096475153207,0.005988891430140098,0.004882153251841057,0.004142312273328959,0.004836110383847154,0.005454105128249341,0.005524586962890472,0.005672898995889518,0.004808406502810243,0.0023291704736032224,0.007385355675007505,0.0047411874059048115,0.0034429630210494966,0.0018623327919113117,0.003977821433376181,0.004983662404513392,0.003965869259962812,0.0
EU,N,0.04305286640641458,0.03190279878593557,0.033486767331763034,0.03575803009563619,0.03683194884824642,0.03224108401017864,0.052839726654064396,0.04473779405676407,0.062092685009667574,0.055770143042030665,0.05063778778858489,0.06080722764268613,0.03543576182363022,0.05852544407399697,0.062380427929764524,0.054807581666952224,0.057395297164216326,0.056600836249809425,0.05360612025029781,0.0525920851904223,0.06129627704296281,0.056204815227655594,0.052956840679553634,0.05607345325208375,0.07728095097386904,0.05668638295986628,0.05796401890656996,0.05104200230433257,0.08240832405628669,0.06335175326512478,0.061411697218180315,0.06665308353691192,0.0832862354872963,0.12334974536229722,0.08534491291571844,0.07460184013731944,0.05745719267598281,0.07967993989552652,0.06472628930796046,0.07717691310925645,0.05752029359896838,0.02416161904824548,0.06305932644667316,1.125347454112376,0.048594553501188416,0.02655802562391124,0.04615473919844783,0.06559819799019327,0.048620751730762246,0.0,0.0014466546404460557,0.0012814703400402141,0.0013909744621309415,0.0022195140584887313,0.0021905257747542456,0.0019951545736086656,0.0024099017797730993,0.004160282932279165,0.0023424190054186734,0.0022671259157305006,0.0025106376260523875,0.0028664054828050085,0.0022239770773204875,0.003086093244316219,0.0037781648468482865,0.003392013932974937,0.0023630338998200757,0.0024312812605096178,0.0025686973939060245,0.0027240608299236835,0.0033408401721327146,0.0033614566557008617,0.0033364408072229547,0.004122297303114791,0.0038331039322920166,0.00379110216102808,0.0030383658293518722,0.0021373449379914027,0.0027546441853253476,0.0031298268633016143,0.0025273978920615997,0.0025797079950700802,0.004535346840838785,0.005341276176182298,0.0035046490433376038,0.002429100599043234,0.0022183280320456104,0.0027094299212244094,0.0030232858593202063,0.0033002828420189423,0.0023011504774075203,0.0011742163587134917,0.0027138122208200718,0.00403289999773919,0.0020285446278395154,0.001328093588498487,0.0023249994723315835,0.0031113577426783983,0.0022713538608824333,0.0
EU,O,0.007476935504445079,0.00934614007707954,0.007800562297647774,0.009357783846164256,0.008542561579770307,0.006334515477521423,0.012121594954201138,0.006943801208353359,0.010587723279209309,0.009058230608148587,0.010467417039010815,0.011940070097493056,0.009848328866843496,0.009694432772101884,0.006288815599973987,0.008943849597899196,0.010087493843504155,0.01612918799126315,0.015006776553489348,0.008469887965334558,0.006684047492343415,0.008413026145763008,0.007157485559262673,0.0077774257762938115,0.010124199765347158,0.007302163232804072,0.007423878184812551,0.02737791553032673,0.02854532411323599,0.010315921376216336,0.007712032467286755,0.011965360430154028,0.011144360567869665,0.01246918441865546,0.012310906548370762,0.00807536858139933,0.009357357285650934,0.008555969161386609,0.007840175451721335,0.0064695203967625415,0.0056553983397997516,0.004035613913060569,0.01222313885304227,0.00808924821096865,1.017268436368342,0.003463752221769354,0.005591685758912116,0.013765018611549665,0.00923264582221018,0.0,0.00017819574663102843,0.00013862403627067202,0.00015926541437739686,0.0001867424434583941,0.00018281416918523578,0.00019331679470418485,0.00024769328184158073,0.0003239610603240994,0.000282147075161027,0.0002648647371996942,0.0003133921837272112,0.00035146628553227695,0.00021550135750756277,0.0003867329635980026,0.0004099249781811122,0.0004266956670749581,0.0002490982430572708,0.0002817880612458956,0.0003742141916225573,0.0003487033088697952,0.0003616293559143668,0.0004251829605255484,0.0003938470373017673,0.0004996736557300697,0.0004215809171662074,0.0004572849959122716,0.000353049320611888,0.00018922964498318832,0.00022025340816670078,0.0003032665921691792,0.00019274676010197974,0.0002125347695491575,0.0004610051258729685,0.00042712248836967775,0.00028428359125399664,0.00020508281165178594,0.00022842578242016285,0.0002399271654732668,0.00022219077924280257,0.00024407216743727963,0.00015679317651970368,8.571335334058876e-05,0.00023250962799704124,0.000192091847966119,0.0001602234604681901,9.656237482787711e-05,0.0001982215215537301,0.00024116221268720878,0.00017891798030601975,0.0
EU,P,0.0019289674733908347,0.002073451104932837,0.0021305199292938593,0.0016192745370008758,0.0027145995827593996,0.0013613152762588835,0.0024822913849034942,0.002564029042516951,0.0028547324113957304,0.002529715750786133,0.0023343637160355337,0.002655447767429322,0.002193088923971345,0.002888274772062175,0.0031547735556462096,0.002650064220756663,0.002496881793662694,0.0026584757745633006,0.002516948169157192,0.0025729569707221176,0.00354066874459155,0.0033617980055322388,0.002930762525449657,0.004110913607031649,0.0037486821201227582,0.003772226685751797,0.002923458478868641,0.002779665407928598,0.0033792748255887877,0.002480696627224283,0.002956990943423077,0.0033420344874497453,0.003231114941876968,0.007059463364155985,0.003512056728726835,0.004226355080404429,0.0024943835865138043,0.00344186460606092,0.004289294297182477,0.005546568381013888,0.004364233746586014,0.0012323187561242193,0.0057063925831553714,0.0036972111201015313,0.0064442487375509765,1.0227854365118503,0.004635506075153984,0.004475562500894133,0.005716667717608203,0.0,6.44975411302767e-05,5.040071184992099e-05,5.606608382605721e-05,7.268053294734797e-05,7.702087906846658e-05,7.458927851441565e-05,9.402194922109173e-05,0.00013217436763091566,9.760890603608895e-05,9.750960987773752e-05,0.00010363291441957654,0.00012198208602050741,8.582174173959306e-05,0.00014840941634072623,0.00018876478238449455,0.0001596101126266676,9.161514197842664e-05,9.333245800432151e-05,0.00010459068220972828,0.00011335631865341721,0.0001497181599102439,0.00014575191624992663,0.0001429312577915278,0.0002076298333380929,0.00015575264039487273,0.00018726235513697785,0.0001282440651965963,8.025304698253882e-05,8.994179658970624e-05,0.00010967680882534445,8.551799933206401e-05,8.539193013347832e-05,0.0001516324625461269,0.00015503169182238454,0.00010865526442034879,8.879609294920043e-05,8.890772877574562e-05,0.00011067089198159054,0.00011914186258869932,0.00016905432874413114,8.676474566814969e-05,4.1277019131533974e-05,0.0001486941338414613,9.096632773957601e-05,7.924033346013884e-05,4.187562856054144e-05,8.942471224410923e-05,9.582256451284232e-05,8.055224912733042e-05,0.0
EU,Q,0.0013809418823721412,0.0011572775830762019,0.00156402304084296,0.0013464473330664316,0.0014831089690535509,0.0009872048354958559,0.0014784235453672312,0.00208504874805297,0.0018714014764595794,0.0016082371031430672,0.0017393376371496094,0.0015917634775330669,0.0011872536613734533,0.0013951319108092216,0.00283466353082852,0.0014430833807427877,0.0013995535556815236,0.001742821976234066,0.0016196787445900208,0.0013275760304919477,0.0014546221303122463,0.0016705740394460666,0.001354932319977888,0.0016544007303457388,0.002081071475944766,0.0015005122419160227,0.0016534731876920933,0.0014964848211384775,0.003264562457939749,0.0014111709905731287,0.0017569517355646624,0.0016188511111987981,0.001732451719363348,0.0021340816649608797,0.0016969217407277364,0.0016692049278936058,0.0021824501430174528,0.0016090722569143735,0.0020395012458548386,0.002031543803377085,0.0017404773327945964,0.0005941931926843318,0.0027512141377636886,0.0029091211109017663,0.013892112560688832,0.002093110441819148,1.0425232915467992,0.003952816504363939,0.003007014119671486,0.0,3.808257490820637e-05,2.9211469091523863e-05,3.447951928972674e-05,4.212291608474822e-05,4.1529479336257076e-05,4.3167468744759264e-05,5.271802850786241e-05,7.425148810294094e-05,5.807067330272101e-05,5.492495744474358e-05,6.557249291064373e-05,6.780334450755335e-05,4.55883372280604e-05,7.539699778026323e-05,0.0001477964183962883,8.07812571991827e-05,5.1045933501034004e-05,5.4050462373100425e-05,6.192753441245062e-05,6.635580942791084e-05,8.961807478395858e-05,9.254988992242325e-05,9.011783197964555e-05,0.0001121058601210506,9.385304445141038e-05,0.00010206410304529841,8.371068215672237e-05,4.778495529799683e-05,5.007018879099515e-05,6.598935051395001e-05,4.5075311963265893e-05,4.5625470395393276e-05,8.018271948458572e-05,8.234477411671482e-05,5.963307839190897e-05,4.421624555605138e-05,5.021220021420118e-05,5.483364973858614e-05,5.646995770340971e-05,6.546914981505684e-05,4.105325508579841e-05,2.1343796870675063e-05,6.262067945659259e-05,4.9486750265791483e-05,3.9817662745205844e-05,2.3074411197392064e-05,6.559773757865065e-05,5.73703673451546e-05,4.565140864552742e-05,0.0
EU,R,0.0022238857104973815,0.0018060242507001974,0.002825818223280477,0.0014952682266476986,0.0027515701414082077,0.001287967591957599,0.0023539615438810217,0.0016160415957618883,0.004571452907273568,0.005445227341028661,0.002483287339588382,0.004678627451757152,0.004090597096514538,0.002644928407843504,0.003360827056048442,0.0025743700763433694,0.0024389946556861246,0.003418050295056797,0.0035316527247894526,0.0026341565348741193,0.002279985138136305,0.002541330595063196,0.0024238456947046753,0.0026445826743914562,0.00434067616177819,0.003010411472703082,0.0032412960938312456,0.002111212055157755,0.004554468633520973,0.002929889597645004,0.0029640024276430164,0.002562666325072122,0.003402431809472962,0.004164145222648161,0.003214076176529988,0.0033023691773052415,0.0075485778400194254,0.021037505990582975,0.00408297401620206,0.003444664573694348,0.0029661317810767813,0.0011719177647148077,0.004166968146021855,0.005144199305679787,0.005965526562205238,0.0035917396854628064,0.002281749144232779,1.0899357168054518,0.008023378402464887,0.0,7.499586756074888e-05,5.835361542785337e-05,7.2640099596502e-05,8.896486069896548e-05,8.094461395355808e-05,8.202860700645925e-05,0.00010147324452410787,0.00013599236863814563,0.0001194815618189308,0.00012073129838996788,0.00011370247530117937,0.00014481242204748964,9.0562939520085e-05,0.00014388320956751306,0.00021923097876666407,0.00015747493215209106,0.00010247527084772929,0.00010810505603693153,0.00012570531171939196,0.00013308972298502563,0.00014238344607588288,0.00015648361297329822,0.00015424901162310072,0.00019342277969079235,0.00016976438180164324,0.00018402700933103697,0.00014194759031264438,9.366592944591913e-05,0.0001164969172586438,0.0001256995733493283,9.918540849097059e-05,9.50985888577791e-05,0.0001653435877392576,0.000175090461077411,0.00012723367555371595,9.289553636656719e-05,0.00012482526524766502,0.0005221647788451976,0.00014701061012504577,0.00014362021378039108,0.0001195391123144217,4.86790201166571e-05,0.00014308964514666563,0.0001252694628223951,0.00011389100551879951,8.616526656568195e-05,0.000115441990148272,0.0014844102069855396,0.00012458902307618827,0.0
EU,S,0.005290909652031385,0.0038626939814757617,0.011797229303999755,0.004348826232147202,0.003772449640682032,0.0033353026470733208,0.005102963423325087,0.0041790103322527665,0.005917255635086613,0.006253992890694698,0.005345006071480129,0.006342600294107101,0.006763700557609101,0.005155937324986876,0.004229882137976238,0.004634074205197304,0.005703939538198266,0.005831433937369636,0.00532843880322429,0.004422694232118638,0.00480702403432112,0.004898972360538758,0.0044463634829620905,0.0046763366932656624,0.006199975844395715,0.004772783377779343,0.005574502634776691,0.004931314165676122,0.008795515556625246,0.004692223937794837,0.005818603980075825,0.005894766780484735,0.0046724622081745085,0.006619740094441816,0.006322513673432873,0.005259965103040828,0.00850191072653231,0.006962442719208011,0.009066461081805206,0.006215671228762579,0.005318671481794464,0.0018517909591680938,0.008560207605248452,0.0071688006307821924,0.0038919570662889346,0.0024670026464296384,0.007486746270581321,0.013230013626389208,1.0432708497813497,0.0,9.731310815414187e-05,7.142454245249869e-05,8.990025424376732e-05,0.00010481148781862861,0.00010347882474398974,0.00010664104226147978,0.0001361179330824198,0.000183886603454407,0.0001534229667876176,0.00015798547036059027,0.00016718526035262472,0.00019480793084068572,0.00011995172597679764,0.0002075726356202211,0.0002554724510415759,0.00022850132431776165,0.00013742737368678412,0.0001436927945930179,0.00017309352318453216,0.00017872115927852278,0.00021589508535717225,0.00022627372650791525,0.00021719636479924454,0.00028398648230027905,0.0002398902195388031,0.0002667456645984666,0.00019775745009932842,0.00010920514085844197,0.00012604234417470153,0.00016678484959301913,0.00011267401217917293,0.00011883263185385529,0.00021093019328216018,0.00021819732301811613,0.00014509952806139378,0.00011766500107316492,0.00013175923249778574,0.00015503320271952555,0.00014579997225067995,0.00016465535897222105,0.00010364777485128175,5.298153004870879e-05,0.00014186891097987795,0.00011614427349213357,9.77141228893353e-05,5.7288533263148684e-05,0.0001235567869916271,0.00014201056043369484,0.00010801185939730185,0.0
EU,T,0.0,0.0,0.0,0.0,0.0,0.0,0.0,0.0,0.0,0.0,0.0,0.0,0.0,0.0,0.0,0.0,0.0,0.0,0.0,0.0,0.0,0.0,0.0,0.0,0.0,0.0,0.0,0.0,0.0,0.0,0.0,0.0,0.0,0.0,0.0,0.0,0.0,0.0,0.0,0.0,0.0,0.0,0.0,0.0,0.0,0.0,0.0,0.0,0.0,1.0,0.0,0.0,0.0,0.0,0.0,0.0,0.0,0.0,0.0,0.0,0.0,0.0,0.0,0.0,0.0,0.0,0.0,0.0,0.0,0.0,0.0,0.0,0.0,0.0,0.0,0.0,0.0,0.0,0.0,0.0,0.0,0.0,0.0,0.0,0.0,0.0,0.0,0.0,0.0,0.0,0.0,0.0,0.0,0.0,0.0,0.0,0.0,0.0,0.0,0.0
ROW,A01,0.018857572585663986,0.004726250450333517,0.007427941106752918,0.0018885557545839052,0.0012425056749470933,0.0017531202902978747,0.002014487972673266,0.0017362464936834245,0.035997569440691844,0.015409202618020331,0.0037621542451387485,0.003932651905797341,0.004193281233374498,0.005841313651635733,0.004310193126973139,0.005886560809423358,0.002631010461503575,0.0030456329323900835,0.003883033950371481,0.00226592423622488,0.0033683593318809394,0.003043666356625518,0.0023601171629197295,0.003486545696822086,0.0031777162460260608,0.0031259796017591014,0.0033078349471521574,0.0020051339465891544,0.0017975014244556633,0.00221844829978075,0.0019303656850984108,0.0015922952900194688,0.0032205384480789323,0.0030342947977063835,0.0014763917208675268,0.0015841665143643486,0.010801722469514248,0.0021633488691370256,0.0014435508784299519,0.0018361965449095576,0.0011895220281454167,0.0005502168991572517,0.0014373663301430197,0.0019966419120548864,0.0014386550142329018,0.0008884189111059458,0.002876380071438791,0.00225949507328626,0.0018230832630721048,0.0,1.264492291955888,0.07173687618897948,0.10598218527196016,0.010039638726913842,0.0049700990089453926,0.008123568087114107,0.009740396613851461,0.007706753232476392,0.4112510573624822,0.1810013848088723,0.05954534280699602,0.06913359954480364,0.007780035715385396,0.039622192011980945,0.1023151138206958,0.04102646822328142,0.012031649354810407,0.010409622765127722,0.011046897601554397,0.011220842022011977,0.011537629329915958,0.014073335914124525,0.011975167876774998,0.013426998683637632,0.011580779626520068,0.011215108357628402,0.02827966456187844,0.009864772709440165,0.016945256706330004,0.01622283174143242,0.01315079243646527,0.00856332613443868,0.011669359405129056,0.015350866168012971,0.009661297358275768,0.009028199437612813,0.1264950121034352,0.010212685443316197,0.007305615173921865,0.006230681276704199,0.005932617077055616,0.0040733266647261885,0.013113281102156614,0.011997852159214402,0.015961495548610146,0.009765697696218344,0.016568973241589968,0.022801356102038785,0.015576853351105518,0.0
ROW,A02,0.0006503112311469886,0.006388476915647203,0.0005538256040498866,0.0005595701278458235,0.00026486628490198915,0.000437508530029745,0.0004898314304362154,0.0003833048297991591,0.000824566683432672,0.0006465546158254431,0.006845291849604364,0.0019302309302022397,0.000787611278334275,0.0008765968320538077,0.0004883247011185506,0.0010697591335592212,0.0006464328792864662,0.0006934933602814349,0.0008491392502695558,0.0005348193430496412,0.0006943197080376553,0.0007088645383657551,0.0005426245613806918,0.000744999017873814,0.0009443090931362675,0.0007258276280477878,0.0012638885031430887,0.000542214123674765,0.0003400902860445507,0.00085280571949924,0.0002770436832139185,0.0003164289086479384,0.000493590435268295,0.0005565233555715807,0.0002881424791864699,0.00028279744266009656,0.0003877114687912195,0.00041849457310610234,0.0002877760468920464,0.0002924600556957887,0.00019923650707365259,0.00014992081046535,0.00024438791644953555,0.00027625117808418144,0.00018965514457048368,0.00010731005849605988,0.00034790758142497484,0.00033186647469875746,0.0003213511039641541,0.0,0.004885682215474126,1.1782588912591816,0.004898576742886452,0.007100332533155831,0.0009884458156977462,0.002447059245689852,0.0023902025314126722,0.0018924534272390136,0.006082223548647758,0.003313409703280332,0.21524687235237505,0.03182346583111365,0.00153891842104542,0.007834499865452729,0.005050788085074897,0.024804219950956715,0.004325302187046753,0.0022879692804096494,0.0023126494666579345,0.003382280253888638,0.0024817284242789487,0.0035940799982843636,0.0027577149564684293,0.00378509465506764,0.003082815217172286,0.002651543907500092,0.026642320957194043,0.0030031859780252773,0.002782954882602523,0.010695486977579789,0.0017875356777751076,0.0026878043100729723,0.0014820999371945474,0.0018385369173652937,0.0018918809010192194,0.0017491493643987243,0.003145853803527719,0.001957388874613496,0.001302346208579523,0.0013366663386312,0.0008590124791842385,0.0011027074752018823,0.001839120285634772,0.0014596694450136115,0.001642007462450177,0.0011861298331901295,0.001386379706371617,0.0018899819265170799,0.0019191781136185947,0.0
ROW,A03,0.0005624565663140622,0.0001200431143900511,0.008269021372914052,0.00011812908304777506,9.467136554011882e-05,0.00011830514791919556,0.00014289350999744407,0.00014118329683640213,0.002167830175059458,0.0002837293446353138,0.00016626664008887167,0.00017893683455804765,0.0003311185098563266,0.0003524817932261499,0.00019753230954830395,0.0002529005441941734,0.00016415294678488127,0.00021389028154941554,0.00027463074008953473,0.00014758994870896748,0.00024271797079447298,0.00019501471087401718,0.00015396848506392334,0.00018525139791585924,0.00020584354006412245,0.00020354756782547926,0.00017357745144901007,0.00013894568967478215,0.00011816393442177651,0.0001359470445783403,0.00011916568727102204,0.0001192432130883513,0.000311095911621917,0.00023710100764206887,0.00011158695001711799,0.00011275012740360494,0.0014595528879519039,0.00015578286050034376,0.00010580157167132257,0.0001597271037861045,0.00010426025872711145,3.9228538089607225e-05,0.00010220798457909483,0.00010696749228346204,9.0252349926275e-05,5.9493889491319496e-05,0.00016757747930030306,0.00016619672971825535,0.0001377035797220179,0.0,0.0032291266789822204,0.001388949168756897,1.1374248670210583,0.0006686114747385489,0.0004260724187761652,0.0006220475812898491,0.0007244472246751183,0.0005921269332957547,0.03485876812402369,0.001824210229290019,0.002027614687895477,0.0016666083780033374,0.0006293858070097151,0.0023406884300728567,0.0015424682211221078,0.0012294981470357424,0.0008350063745987329,0.0008306964417411462,0.00085531823353649,0.000846685512910849,0.000862965308497478,0.0009821292656754575,0.0009051228195472666,0.0008339642274695182,0.0008437263958073891,0.0007701133413336827,0.0014620505232866487,0.0006279797993978952,0.0009614499824586231,0.0007626196676616293,0.0009789126895650335,0.0007153806492989218,0.0015105127714692074,0.0017560414174503471,0.0008069672320842598,0.0007175737949519411,0.03242071048318115,0.0008512860723346869,0.0006969927597080732,0.0006047343036147529,0.0006707938067898547,0.0003776810269504255,0.0013499552374633482,0.001047721085367535,0.0010848672905196142,0.000906034428964285,0.0010783666940631096,0.00204894607559358,0.0013426954178981862,0.0
ROW,B05,0.0016167378148343162,0.0009343083895026173,0.0014975032888584986,0.007631368373258742,0.0015468219606894443,0.002555728068703772,0.0031868474607985456,0.0028686773752091927,0.0014866148347982375,0.002102839039343491,0.001581977741781276,0.0021553823269800515,0.006692096967369113,0.003405355431832269,0.0011395757616629648,0.0026438011799237984,0.004841500608658487,0.010836699885199603,0.007139103811479805,0.0032777626911140974,0.00196274280749453,0.0028014828231149387,0.002321537112923325,0.0025395481202550047,0.00260906697827159,0.002240974163547094,0.0018518154047991527,0.008407389748495352,0.001327713735701997,0.001911881933104902,0.0007915186897834086,0.0012888334520055093,0.002127684979472182,0.0021775325988532524,0.0009329431548987385,0.0008698484358043624,0.0009399428591993628,0.0007664762545979775,0.0007994647905259589,0.0006167057945156665,0.0004419698109894408,0.0003627624482263441,0.0005934164391288646,0.0006298664764045272,0.0006421000186175969,0.0003169757196790504,0.0006651441551220665,0.0007783381120921291,0.0007566590382406177,0.0,0.004643022439525918,0.003394661714003237,0.0036352949596987136,1.1758605650770935,0.0067525929079952605,0.014144262507973428,0.020551019284826964,0.009411457373592407,0.005955107495837946,0.00948052936477881,0.007602164197694153,0.016591892810260706,0.03016860696527296,0.028121371444192824,0.00519378634968447,0.013493754971609775,0.057399712431496656,0.05944988616976685,0.023089704471846734,0.019833242670155075,0.007372176093851867,0.013092765587176624,0.012675710186119047,0.011373015576866218,0.01198718281034205,0.008331395890535723,0.008367537072133726,0.09681397307088382,0.008674043878427651,0.014848793901958592,0.003402580693477276,0.006858300864927702,0.00691884955257355,0.007099670801866682,0.005607473170217632,0.0037562338702827602,0.004908156438844592,0.002515245349419574,0.0029427232880974274,0.001995047689958504,0.0016559215201402033,0.002905687905712912,0.0030833971222399255,0.002372119825314331,0.0038933930824426757,0.0025042489407877846,0.002398865092238065,0.0035640210125798375,0.0042190741874534405,0.0
ROW,B06,0.027939083523531732,0.015674326202541604,0.031839792478274634,0.03459591813421828,0.03169807545309227,0.02869462399692182,0.04505274220339935,0.039661647118260826,0.0200248280211793,0.014657249014599687,0.016820493956551504,0.021001073487302593,0.46217807226034807,0.05802918382724468,0.011541538714209744,0.024760551989140487,0.035647037485872,0.07755134022771908,0.07747503661168627,0.020943912493522263,0.012073524830236382,0.01824857606562644,0.015250210078090765,0.01595352925217889,0.016331762158456165,0.013717887329834977,0.014278124689820173,0.08353969591990068,0.017093070554481418,0.016384652766515906,0.01025997107813445,0.031898518585690164,0.05379673856870182,0.06892600404119893,0.017728464021789184,0.015913354153993656,0.013736041364879258,0.00721505621675351,0.0071692049535938464,0.00508116365520033,0.004518494183019749,0.0035584880167380656,0.0062361706783733315,0.008280743162296145,0.007824973127024659,0.004737327418856171,0.008521425304173614,0.010416877890794136,0.01055413395391782,0.0,0.020919055323584672,0.01967053207680066,0.023651341257733237,0.035586864916899226,1.1356008590370166,0.04167661038572057,0.07117565707786147,0.07491571210380132,0.022447114167807532,0.02687436341117372,0.028861674182105716,0.032857834791971297,0.5731675131253939,0.1246452829214467,0.018662945414875124,0.05630058748574905,0.06155273984821504,0.06990368429595659,0.04999510345025407,0.03779809794781726,0.020947448569538323,0.033658066734775074,0.02828888770066881,0.028525266709715162,0.028686208441517067,0.022629891374768497,0.02636854017235198,0.1498065644228714,0.02982505936584404,0.03548531327413656,0.016526748635851296,0.05833674962496562,0.0943970066545844,0.09563802639818647,0.042190800389514074,0.03215953153473826,0.017501949554059214,0.009905252567819347,0.011164346121169675,0.007446677428565138,0.0068028334939252985,0.007733877235305802,0.012997201657930932,0.012631894121579446,0.01645135380904914,0.010304155995531939,0.00905348995181596,0.012925866104066921,0.01502634980760496,0.0
ROW,B07,0.0021766026421768305,0.0015390426554707875,0.0020567882263062484,0.029886914623335283,0.002023308689470837,0.05039304714437046,0.011302372497132776,0.0063001415427459,0.0025142539859040187,0.002224808728299385,0.002687915860775122,0.003109474197664517,0.005882605277670072,0.007993041931534226,0.0019030187399542045,0.004430807077503947,0.021990049272347403,0.03961482923913085,0.07316022697186716,0.014966680237970586,0.006062083452065899,0.015426523820312657,0.008824259425081454,0.008375336595178102,0.0088902511552298,0.007968883757403258,0.006719160172823586,0.003902272266808077,0.003117471744610416,0.007587775053513547,0.0014740032086961014,0.0018679858215237253,0.002412569145339295,0.003061927981272275,0.001616182132860832,0.0013013534618600358,0.001413910175549932,0.001173057567901815,0.0015841401331218904,0.001044989710760825,0.0006622032576976203,0.0008344911911435595,0.0011535999282198627,0.0011781158980866517,0.0010616048477358672,0.000451891953179224,0.001198017445302913,0.0012553599791279711,0.0012687095676772362,0.0,0.0031214753972138203,0.0031844065133308556,0.0030857325139354904,0.01631969941892384,0.009076642545898394,1.1420930268646132,0.016659214861544966,0.019112545277405676,0.0045939579455016805,0.004449780612658821,0.006083622733351081,0.009802279944884073,0.010886618710544584,0.01681896297800857,0.003822827260074889,0.010989245684928005,0.028664607361191675,0.2269805862075069,0.2767945928062953,0.07995271864216855,0.018558077678484896,0.06211194838643593,0.04389092749872643,0.03847083988639233,0.03882299812390501,0.02891744665975287,0.02329746249781129,0.008818160140650847,0.01018326297465048,0.02837419591682134,0.0033372165989808155,0.005000320572876587,0.0061403308470739685,0.005699691520905485,0.004884719610006394,0.003221976597311495,0.0030306338390425416,0.00273123623355297,0.0031839845328821294,0.002431860328460611,0.0013696611560344574,0.002169203430086177,0.0036801303957730773,0.0026017141140065123,0.003072079814205481,0.0015723348398162629,0.002015357873390362,0.0032827935807396326,0.004681798104756097,0.0
ROW,B08,0.000977357904687614,0.00043335120598554156,0.0009809355361885565,0.0023837107789974046,0.0009530965539684328,0.0013248542683343704,0.005407218378629701,0.002294991594764247,0.0008372025207015845,0.0008321366162831914,0.0008398440790524048,0.0011154426989308454,0.0030538822447510566,0.002315981851983863,0.0006608062523535329,0.0015258553174191788,0.006714948059626428,0.0021263268852133605,0.0030212009569777743,0.0010996778185519186,0.0010163623704593074,0.001341242699128105,0.0008836566319703163,0.0010664725036569854,0.0011101916706471894,0.0009774878650010963,0.0012005618002423528,0.0010787700981930045,0.0007488606125315726,0.002818642872549005,0.00038064761935051414,0.0006102811413090646,0.0008990363577934844,0.0009651966853688933,0.000458321668600016,0.0003866515043064707,0.00045571712123167326,0.00036512812803980125,0.0003694803532723837,0.00029782969290504736,0.00021086850458268012,0.0003032214795147009,0.0003164756796772296,0.0003498349035001638,0.00033374831394814236,0.00014733996993565417,0.000349177621049419,0.0003726835914149246,0.0004049247156012424,0.0,0.0028736173096821495,0.0017277831756782453,0.0016285557990142693,0.0043200698284276175,0.005743780435883831,0.004996644900441186,1.0637027626132771,0.01608114019058913,0.0027839418429913563,0.002893567450046822,0.0029459273067771806,0.005641685278868075,0.008264171729673744,0.01757320144456889,0.0029727447195865456,0.006984505633367682,0.08666806510321802,0.010980275424160737,0.013436063269891278,0.0059333906265445924,0.004073017738642933,0.0075903328298432835,0.004308954813250362,0.005189886268055369,0.0043200785410065345,0.003387172869227816,0.0062532698516144,0.003576048216884343,0.0038293018890695396,0.025571999155633962,0.001221786287431606,0.0021410277022973017,0.002814903303676398,0.002550478119823972,0.0023122970855575997,0.0013162986850018031,0.0017923055213320625,0.0009625833097765389,0.0012385672826475032,0.0008825887927631887,0.0006431443296415495,0.001677451139181053,0.0013551745639687938,0.001069342065772412,0.0021514284529116088,0.0008758165466018555,0.0010226299374521588,0.0013162479825472601,0.0017431516118057752,0.0
ROW,B09,0.002285611839866204,0.0013781549722798507,0.0029790072403326627,0.004405003721858422,0.027717933284009646,0.0038305544246026763,0.009131285890720105,0.06837181046328752,0.0017412679950232098,0.0013460737300861748,0.0014953033643613646,0.0018382345341353792,0.03161806133925202,0.004563618740907582,0.0010653828294649944,0.0021777320767986707,0.004068551293989829,0.006393194232206055,0.007039310020565804,0.0020368385657491255,0.0012811818052747253,0.0019057350357015264,0.0015082454005007477,0.0015976089489503954,0.0017253911563349677,0.0036618554872365947,0.0014184892336486954,0.006379199536655866,0.0015389061881696004,0.0022431183323040186,0.0009450105117495683,0.0025608591099844312,0.0045036655090662904,0.005439218798984732,0.0015668898840115468,0.001365426423787815,0.0011737093135550068,0.0007374535977346697,0.000721547145726215,0.0005846297312060758,0.0004966714693138084,0.0004052157854606355,0.0015613930397301728,0.0007995468168935328,0.0007190669878128085,0.0004058548619969392,0.0007377016747820331,0.0009408147960563984,0.0009192560621874944,0.0,0.0026007095390511324,0.0021691575402415066,0.003741012114220275,0.026407146289320314,0.06657468478189853,0.024068049329067094,0.028142891563709225,1.1884777353298648,0.0026687462312878275,0.0028419370750863713,0.003102819110330504,0.00377746583223103,0.058589930487551525,0.011772759341310168,0.00204116285798597,0.005603363131450098,0.010885535688871833,0.012549893681991652,0.010841124950102187,0.005760322874422808,0.0026201307338984806,0.004828499198873395,0.0039397239973007125,0.003991013926678812,0.0038345634609432857,0.003158629974813157,0.003293534567709343,0.013953144883415,0.00347831286346971,0.006882805911803506,0.001796327685167774,0.006454651766567407,0.009788969075868887,0.009927866873526333,0.004738604664824805,0.0033838390195020905,0.001969436772331449,0.0011243782678426613,0.0012799804402758908,0.0008975038182230446,0.0007976561160278814,0.0011765975323706696,0.0016184353283538605,0.0014495408684061953,0.0019291766010984556,0.0011242407537572737,0.0010246342353451893,0.0014660739971453201,0.00171130833886882,0.0
ROW,C10T12,0.011045105382547184,0.0015299530454586277,0.007348896835238288,0.0015930039515860165,0.0010803369519969996,0.0016351783898558077,0.00185815736253823,0.0014992630966144055,0.01778447890654434,0.004619633623209794,0.0020511858997151757,0.0024658883722267753,0.004176993055039379,0.00538257435614868,0.0028447910735112866,0.003833725768336465,0.0022352862116523996,0.0030316017033992842,0.004307449498430228,0.0021158145778011938,0.003285330695932086,0.0028762721735625836,0.0021775068483857562,0.002620706446714424,0.002835348784551983,0.0028586340369995346,0.002330438122663258,0.0017731497394415676,0.0016429991262832124,0.0017551618000274795,0.0015154522829440714,0.0013873593891918208,0.0032248215468595244,0.002984660489623647,0.0012643082305400057,0.0013616121858096453,0.012475944327872539,0.0017500386900624646,0.0012744794743349314,0.001597655938824608,0.0010663604405634695,0.0004526468466606862,0.0011627672351794652,0.0012607261433226205,0.0012355451479671912,0.0008495608319875237,0.0023526718070374588,0.0019328595883223913,0.0015079505965371817,0.0,0.08213294291319417,0.010557651912178813,0.1196748653937352,0.009244780123881106,0.005021992006848283,0.009428482776258032,0.010834734066984951,0.006709914411120448,1.1958795689170503,0.03467584974082109,0.015050884459257672,0.01807484593337408,0.009717923045653989,0.036705780941918606,0.026285716919447498,0.018635480245618872,0.011544631527267705,0.014661493579224026,0.017530905986067165,0.013924816995431313,0.0147418850929647,0.017307331046549742,0.015663794376226496,0.012227264561351167,0.013199488990304781,0.012294910073347992,0.012502268583798064,0.010653873808327332,0.017235783147861485,0.009892373113072943,0.010132021888994742,0.008675645028885749,0.013668737102122006,0.024445022465468157,0.010206408313675789,0.009810129344783439,0.1717481186375318,0.008956299704258023,0.007808570681383592,0.0066165843677337,0.00608679063079973,0.003992474500488318,0.011621936356442392,0.009234623458026276,0.01242814539852483,0.013623489737890768,0.01365174973849221,0.030913498889517128,0.014868091345128365,0.0
ROW,C13T15,0.002761061730861711,0.0023885501621210095,0.010933205333190569,0.003179100881356737,0.0015524766924345321,0.002447695037193028,0.0025375694738773115,0.0022680488675681965,0.003091332565122307,0.09499089457204084,0.003698972203149491,0.006770884675439031,0.004393320285086652,0.004622971649537754,0.0030458986665427208,0.01019498864640502,0.00406026710387302,0.003844198910115498,0.004356329193702168,0.003298406612333426,0.0043161572755953965,0.0043711683045209,0.003609575244904888,0.008866118181135361,0.005434350403251224,0.005223424119039153,0.008788766293748964,0.002385568410245935,0.0025194974440750427,0.003377670671235844,0.002558686884323586,0.0021956656943481335,0.003272739964996394,0.003600342094521904,0.002129104599948114,0.002863130581352932,0.003034308971281963,0.003192166417317484,0.0019824671552466306,0.0019160278939150178,0.0014568159544313204,0.000806131188031784,0.002019484738439164,0.0022121582116018984,0.001597776455876991,0.0010290546235354222,0.003255713847799286,0.00335166984956809,0.0029888626963745107,0.0,0.005398299949230936,0.006323503316994298,0.008933330774640444,0.023091118210441748,0.005505654364627609,0.007823727286705948,0.01059609121332015,0.010995636109751733,0.009877401570405857,1.6191959137643086,0.01532163995309747,0.040012109947057506,0.007785501664081714,0.01722345056125865,0.020425405244342824,0.030608182804760645,0.01945095810138726,0.01093453823569643,0.009378549496766751,0.0145751339494446,0.013715161941795158,0.01817775883406508,0.015260386323733771,0.02680027530083423,0.02102217648167533,0.018172980536532345,0.0629966221178284,0.008780537350408214,0.026302795554189837,0.012167433786489056,0.010439048080513946,0.009584509712914878,0.009743601086586728,0.01321959089840747,0.011301102549030674,0.01615490011829211,0.013599263695425867,0.014158024180668027,0.006671872350786577,0.004731166553144903,0.00721793848797672,0.0034280283662133496,0.01136884410217125,0.010237713095591232,0.01671879232725256,0.005028643917695881,0.010949278585592656,0.01942117527771962,0.015363661384695748,0.0
ROW,C16,0.0009478379852213952,0.0011896349505625783,0.001040916347676659,0.0013111718341332296,0.0005787035334979609,0.0009844256905847464,0.0010941823988528379,0.000823581974372907,0.00103294280519204,0.0009856037479124549,0.01751090663057321,0.002284697719468576,0.0013500029654757472,0.0011452531632675659,0.0006688415402832764,0.001173327521024035,0.0014159540669926912,0.0015159103225449598,0.0017722365178258978,0.0011927871716078634,0.0012716536750737454,0.0012885194626058353,0.0011008581044254931,0.001290843142531083,0.0026241109804647426,0.0015445971918479353,0.003990782273937603,0.0012494447984013571,0.0006819607314712246,0.0025606409472859193,0.000532558697451667,0.0006315154714139501,0.0010309983476237436,0.0011858429714752526,0.0006157062177004685,0.0005215367635836074,0.0006181087687287734,0.0007407917167322998,0.0005739209473456427,0.0005306200979524205,0.0003519524106746321,0.0004078111412859523,0.00045207466973305223,0.0005559029007088381,0.00037654762577144174,0.000225198791968919,0.0007138135505184116,0.0006732012211353874,0.0007801163548509989,0.0,0.00232260816136486,0.0048978360347548345,0.002718385311647075,0.024123903384607175,0.0016912825798091106,0.005328051663956273,0.0047087420358147,0.00416437414336349,0.0038004332703518518,0.004084406855769406,1.2608517478166896,0.029209223658137724,0.0027666406617655567,0.004970745974606615,0.002530898017910439,0.006539645364155767,0.008089903104310256,0.0045675160227642625,0.0052608158454808904,0.009929626679373018,0.004216834840149804,0.006086840411151312,0.005507821023458344,0.006863483977176249,0.00834849288649059,0.004675478725850236,0.07390517225373514,0.005008629741298811,0.003993772619130362,0.029359106540931885,0.0032945533209512894,0.00309129613096244,0.0030528976594818564,0.003343212465372784,0.004299594237664906,0.002479472435769431,0.0032531390804878247,0.0028469767892202527,0.00254530816478553,0.002348905409664235,0.0013595996442858237,0.0030366146559479908,0.0024862512785747055,0.002465727721051374,0.002700953803470031,0.0021358107450943037,0.0021856653457115473,0.003683753632585908,0.003743298782401476,0.0
ROW,C17_18,0.002211453382856638,0.001438710778609325,0.0021759284800463245,0.0017317257869028438,0.001359607686245953,0.0016617128878967035,0.00220335525155016,0.0018406114597666933,0.003930607376875578,0.0033210403782242583,0.0031141525748969085,0.017726144845048183,0.00423030392227862,0.004000849000085391,0.0031341502956806233,0.0037492527576537767,0.002863823000324508,0.0030150407309998714,0.003721621975297706,0.00241190681422195,0.004413676773139034,0.003683070466083303,0.0026575444258967688,0.003186456353200458,0.0032378668754500383,0.003385101913325902,0.003152491874876254,0.0021432840181896057,0.0019067638771396664,0.0022117387540579935,0.0019254540372555507,0.0016640529225364963,0.0030110844667639637,0.0030778218140475565,0.0017099398012920765,0.002419184922183123,0.0021362238605813133,0.004972455513151683,0.0022795100875794196,0.0031148697919710423,0.002457764949822402,0.0007634457002407964,0.0022922252100058263,0.0019984701820144617,0.0012778825182503902,0.0007409637526888332,0.0014832834103102933,0.0023151604136669615,0.0017336054585392524,0.0,0.0076614425235716375,0.006398174786492096,0.006999911714343282,0.00728697858637682,0.005147247691525917,0.0063531054930553174,0.008936245600501845,0.008046721978749208,0.027480423951833536,0.016046796459095097,0.01861890731134932,1.2985021872949314,0.006726014956489982,0.018347150588996067,0.021202065942770656,0.022578432682971928,0.024600626429489666,0.008897642884058123,0.009154483257307758,0.013654821538374206,0.016109954785996753,0.020940985618499424,0.014247229742865753,0.01597619859045231,0.011493805601824128,0.012788932031798598,0.030875626826442938,0.007447186543875336,0.010521968529560952,0.012504845085586221,0.016745306629708138,0.008633016052787518,0.009304807906113483,0.010204799833914624,0.013044149899632694,0.02897808935421324,0.015950659502074693,0.0465347396308273,0.015000673796142429,0.025083345017154136,0.015445167018912057,0.005446572600466551,0.03209225835731717,0.016367033393883842,0.01368249381457749,0.015730888308205696,0.010435593908033319,0.015569602345604694,0.013948807797564137,0.0
ROW,C19,0.010443220229706889,0.0062888851912226255,0.014396206303582142,0.00841680396604016,0.005923400541677201,0.008618171839538705,0.011811880507361294,0.00961014972761929,0.007641733954471249,0.0076015994571893225,0.007493245057795212,0.007749448931276556,0.03811338332738535,0.01898355785902375,0.00583814416966979,0.012460668454910869,0.011523978648416257,0.015716194440583427,0.01703465874085543,0.0082512583623065,0.0077753344237935585,0.009016100439402206,0.007116516858766326,0.00818051703444537,0.008512126799999681,0.00808084631957239,0.006911091702216835,0.010511846188657104,0.006062702541099837,0.007129156261699345,0.0042730676246584285,0.012064317942821097,0.03302331268246453,0.027551569464250983,0.0071955688442870815,0.00737500378561287,0.004201298098932,0.00402845835081771,0.003367582902863915,0.0033037410968487046,0.002413000598454816,0.0013855712880756063,0.0029925082060400974,0.003858757587360124,0.002849075283922486,0.0015012315634157594,0.00302730912653958,0.0037442904259732284,0.0037189759089519244,0.0,0.027107390878233693,0.029949128260666247,0.03738855387884157,0.04207795187822417,0.03360122517547831,0.05369347110413987,0.07641441242416057,0.05207085074214132,0.02580790794473584,0.030064085725017935,0.034654037369907575,0.03392460089348124,1.1348927505435509,0.13430240669172105,0.021046310998625542,0.060152895551811435,0.06673541050986682,0.0981750569168021,0.05075541834148098,0.04416491424984731,0.023575164245534335,0.03746515257118607,0.03287246632829892,0.032995586887987746,0.03250232775971356,0.026894851147757037,0.030101590893798692,0.05383235562215692,0.036376693447579406,0.044974717088513284,0.020517744603198367,0.09498064106297062,0.16683663581651492,0.16752488819469305,0.06684895887678372,0.05023896583681285,0.019356380690504018,0.012223076424827157,0.012409688837813973,0.009334647704922027,0.008813296203369311,0.008013524708452483,0.017360461488823958,0.01800985084901616,0.019443416121794888,0.013076282588029179,0.010415708696508246,0.015178640427411646,0.017865746893230797,0.0
ROW,C20,0.022688072961171694,0.007392465763319108,0.013361307054305308,0.010089395239642385,0.006849834254095339,0.011665734528568446,0.012331823726956835,0.008685691642749392,0.0157181981266414,0.02781705379260229,0.019942643947447724,0.02465976628985976,0.03281252135935957,0.07502066785445934,0.022012166647291973,0.06258200806065989,0.02087649466406131,0.01751750404941838,0.025408563866292363,0.013557115846167611,0.01674450965754752,0.01900652427143365,0.01208090158754061,0.018618635249252724,0.017260754487062664,0.013862479947454818,0.014777061897213823,0.010338859930385193,0.009634814728850782,0.013146164656300093,0.005530707166289145,0.00692610474046001,0.00930978976239144,0.011540052040929442,0.005295974013217852,0.00507557007584636,0.007268261228579124,0.007069686721263327,0.004857935972825843,0.004318209195357937,0.0028622854099432677,0.0024196017729560503,0.004744256816732302,0.005719789195389454,0.003538258868762133,0.0020212853824609703,0.0074388632349359695,0.005490174855933891,0.007819569286425777,0.0,0.08723520332626668,0.04869934192667395,0.02395964975349648,0.03799793588156361,0.03596056115136415,0.050838038892152514,0.07636188397863967,0.03882266413413087,0.05258135450082545,0.12708063070981848,0.09288940449732788,0.1232926099451687,0.06094971599057317,1.3709649132724009,0.07894275639877231,0.3592266272297157,0.08248017243450663,0.04029593093916781,0.05549703859595696,0.05289184486731153,0.0573849823157097,0.08989831102983728,0.04408345588500243,0.06515989986082817,0.05011650990313212,0.04437538638942794,0.08244045100480456,0.022307771090586462,0.05751230507817466,0.053513611295736375,0.017061651956985568,0.020750424169367475,0.021716298955218934,0.025411654694755016,0.019536756328762058,0.017914272886651168,0.026912856950933192,0.01801584678555791,0.012429578572218302,0.011864767957311962,0.007321767187499464,0.008160159326669362,0.025449706825146825,0.017459415401180105,0.017065051803017935,0.013047302020409912,0.018580410213637336,0.017140185744546416,0.03547834078221742,0.0
ROW,C21,0.00144413948612874,0.0003622806324503609,0.000823941738814145,0.0003956845430422953,0.00028998769925803067,0.0004017503174596677,0.00047971059440154204,0.0003898829562580292,0.001342293499247459,0.0008757323781187403,0.0006710028535290915,0.0007741403724601201,0.0010585952729159362,0.0021146471506701464,0.018068200174285218,0.0014841292757510182,0.0006895010142384067,0.0007014520467708318,0.0008338691067479505,0.0005356253460141201,0.0008675877022152208,0.0006826025409948639,0.0005515751230549949,0.0006908601756931858,0.0007273606588942864,0.0007426065930914268,0.0007533356109243847,0.0004606938764325875,0.00045896584142909923,0.0005141515258624098,0.0007934787782374488,0.000357313758204183,0.0005310628122349867,0.0006525334306540554,0.0003293324346848994,0.0003526392348208969,0.0005447933798095392,0.0005531489717610211,0.0003603093158528489,0.0005125564302203954,0.0002996167517440993,0.0001367291512957499,0.000753926012498058,0.0004461054909630285,0.0005754959452542023,0.0002889501028939079,0.007106655921580432,0.0004203042677307517,0.00042933445910999266,0.0,0.00737959694102046,0.0020732511501747,0.00718022115021748,0.0013749671127048896,0.0010662700335022483,0.0011117316732500056,0.0013839058468725512,0.0012852518432609971,0.005057962084071116,0.0028251306714561918,0.0023200447447554273,0.004476948116026284,0.001409028384029969,0.0063423660221605385,1.2155446427142012,0.004414999456716426,0.002434367994885267,0.0014528141725379197,0.0012698726216173364,0.0017486160884257825,0.002349746842840362,0.001906561920647512,0.0018793761157950457,0.0018539000918205081,0.0015386632835420661,0.0017121682300612997,0.002524669578254506,0.0010201500675777373,0.002708523982742719,0.002177139422122208,0.0012339513011220627,0.0009844687320523578,0.001278676732049813,0.0013989357083563218,0.0011831882117637044,0.0012049674270073858,0.00210696300335274,0.0012577683137162039,0.0013770931425663492,0.001233551471841978,0.0008903853901973013,0.0005915350663484098,0.004987447666610715,0.0011282671254868191,0.0032619251142391396,0.0014310329365716332,0.07472847551406565,0.002639298704398204,0.001929543632441801,0.0
ROW,C22,0.00356357201966834,0.0020287803918580057,0.0035065266530587068,0.0036740826653651865,0.0018875638912929755,0.0029195252963143473,0.0033272360292816534,0.002988421014479306,0.005525371633985617,0.006096547111603434,0.004411024636610341,0.005595595492203341,0.0054671687041546796,0.0067011490310856,0.004096782385807169,0.01977721839140468,0.005157993576778264,0.004704723607389286,0.00605475360693827,0.0048434218158394755,0.008256225015326172,0.009783185572059218,0.006667233233460868,0.012881018351754543,0.007414289126172076,0.008860049231062492,0.006498729933845197,0.0029856877530104273,0.0030343993727404103,0.006963315594427109,0.0025664085592104514,0.003175027736642673,0.003601152835234153,0.004077354843614479,0.002387256454658275,0.0025124061722015087,0.0025185872902899233,0.002365581052136229,0.0026128885133320894,0.001995291674542775,0.00124007277402548,0.0010075414171297778,0.0018486487670283794,0.002035987965255696,0.0013855827334421167,0.0006760687452025946,0.0020223938385599536,0.002028845659746771,0.001992522832758536,0.0,0.01339314749023692,0.009781274746319683,0.010045058406217207,0.014856687168683068,0.006322810863189093,0.015172490053118187,0.013350336945968736,0.01630979320569219,0.025853699750221004,0.03026311944306452,0.01959475000901939,0.03761561223758924,0.009542433151940534,0.03341288093433626,0.01961231944548577,1.1801792486536196,0.02274384286751991,0.012182767778682681,0.013264441818753588,0.02255035043019181,0.03911850660696561,0.05951367991281581,0.03881591217213792,0.07875775944228006,0.024482157073436484,0.04947283094323435,0.05152877897430241,0.008343740782792673,0.02267079593078907,0.031814858864593835,0.013352527974316344,0.019064882810815916,0.00932180877655209,0.0111278563852291,0.01473874871709139,0.01844906051678847,0.014364338451452166,0.00813362743484961,0.008351852787856476,0.007405437059580063,0.0034970198479207675,0.003756724720902903,0.009105147337409702,0.007488201862225327,0.007423834482028026,0.004185334640021779,0.007989702832227009,0.007796381663158593,0.01115085547546254,0.0
ROW,C23,0.0015314160494603773,0.0009017579943922148,0.0014580837868832751,0.001931408131857934,0.0010799126097950369,0.0024006023498132677,0.002901951091774682,0.0020585810591286146,0.0018648354132903323,0.0015213483080510973,0.0024380234592171804,0.0014606343131545027,0.003517314613168541,0.002475522050677737,0.0013646765478651755,0.0025203038181437244,0.01093432907616589,0.0039672795658468,0.004619869509498133,0.002623903794071954,0.004465743449473982,0.004228226935531697,0.002515717102489104,0.0035015337220836735,0.00354826412578979,0.0030426498261666816,0.0024667915535835586,0.0019992664509513956,0.0015301012853832692,0.006589677697167376,0.0009082998873465812,0.001157017105897598,0.001819756574883777,0.001861158895204171,0.0010696628962029275,0.0009310843199847238,0.0011300119986799265,0.0009588433007583982,0.00125560471466011,0.000970849508529309,0.0005893132853022707,0.0007658061938593349,0.000820084642180245,0.0008407418378389032,0.0006991317915251086,0.0003578089217167261,0.0008103420203504184,0.0009616265877764688,0.000933668339040167,0.0,0.004052395497366052,0.003861400511193396,0.004324718131885263,0.009972060926139363,0.005756247474091634,0.008958053282263559,0.020316226829830242,0.015386773193605695,0.009439399852736079,0.005423131538176493,0.01019219986837824,0.007134249426702647,0.008571012808595315,0.011764254192916586,0.009842703603595536,0.012874844152852241,1.1935312514267549,0.024564052665456734,0.020223083748076014,0.02022989550342903,0.027779830404688493,0.03755880750570367,0.01720606331289638,0.027811642623437653,0.016803636863239043,0.013327194491424407,0.013861317712066883,0.009995087562541628,0.010354885076363306,0.13229151777238765,0.004317691511803493,0.005694111570891302,0.0053225679551655546,0.005586652397508538,0.006856260250999364,0.003716840450493701,0.006478131664350415,0.002957220342129444,0.005731914190880106,0.0036458883833655116,0.0021623443146610985,0.007586931170555354,0.0049244202902178355,0.0035496638866254096,0.007192553941010928,0.0032899676450718995,0.004177957553945549,0.004785429909252747,0.006712972377194864,0.0
ROW,C24A,0.0031811545486312787,0.002655817205757784,0.0035423277268249215,0.005901699740922049,0.0035094949401185535,0.005892137136102761,0.005412819822978934,0.005809588137132671,0.003377590646501027,0.0033995340859429113,0.004069189615172173,0.003578067570556302,0.013050953451244908,0.005358347724955748,0.0023329861725339186,0.005670514181250223,0.006599880926028196,0.05027150844010595,0.016488156314350973,0.02711899763327362,0.008104870610339683,0.014803786147042437,0.018187676706047432,0.017158710117158443,0.020497360610003512,0.016111557687366163,0.009972814860526615,0.005349915140516458,0.004584629638275763,0.0078059854459613135,0.0022602152704817866,0.003322234434327865,0.005132163607048446,0.005872643077271302,0.002822549306158531,0.00224805503133048,0.002037993963707051,0.001902982101230141,0.00248512536467219,0.0017948493608994029,0.0010885980292071743,0.0010517737847487336,0.0018501031649250305,0.001828241383670975,0.001587517650407608,0.0006690099954803446,0.0017612906452349503,0.0019156091797753857,0.0018398666718204108,0.0,0.005642930733473179,0.007828018521902713,0.007958697233232141,0.061805033940491326,0.025643209903541866,0.022459559620805467,0.023874478951668093,0.0397348794178051,0.008678799763821092,0.008773920067193736,0.014410409306134509,0.0134303291980353,0.019845498019146705,0.014875090175646394,0.006805987039514101,0.021049004572958954,0.04261305872247113,1.341773879444405,0.031887774675301135,0.26485256618839825,0.029946591889617853,0.07953458532878521,0.15333338650538508,0.110850511954167,0.1563561946787064,0.07863354782343004,0.04737452671289018,0.02188179731718112,0.029983563344679814,0.10477190764506569,0.007409647219571092,0.012647456511950692,0.01733463140060159,0.012937726673611026,0.012702273832525294,0.0074616522447368844,0.006643699577922881,0.0063894538731061505,0.006644551763465903,0.004770628882792239,0.0029984784006293545,0.006509399062304762,0.007920953652980256,0.005893190017308572,0.007965125475496646,0.003613275548840855,0.004194439540674821,0.00708093284667624,0.008705322818269037,0.0
ROW,C24B,0.0030645105628365316,0.0023339953395435675,0.0030700051894731193,0.004624098609671254,0.002202722392694507,0.0046209577100157955,0.004245508158999227,0.00341185795760558,0.003464538953016958,0.0035667124542827265,0.004032016812334268,0.004612329550878729,0.006128849618021676,0.00862995582500809,0.0030803740175998923,0.007044994505048553,0.005769885706977958,0.032250159407203736,0.150427889591768,0.02571105030585019,0.016487223819286367,0.03676699426791934,0.016076334803786257,0.015512480146499684,0.01614320649198425,0.016060029384189045,0.014799744823796939,0.004617810318010995,0.005149135403071914,0.007434445078164319,0.002344289266664997,0.0028107629473203516,0.0036239299512098506,0.00515795883584677,0.0025249895497081137,0.0021872804877332654,0.002088129132824782,0.0021735573457717585,0.003385894978996705,0.0021291072616249577,0.0011489195878322369,0.001058419333568768,0.0019655199059861444,0.0019029788179667178,0.0016094357021172862,0.000687344250205934,0.0020750130901265812,0.0020850134548080173,0.002184735070361183,0.0,0.0048792550060055,0.0053965253591026635,0.005370172101097189,0.015474260416023023,0.008711087729589577,0.014684358766676724,0.013650146400891785,0.014512015103084728,0.008567028012139224,0.00781561494194731,0.011322715264962166,0.031268988178315485,0.009183127155950137,0.02114296882508847,0.006775671651460018,0.020493044238211064,0.023890822503212474,0.04960130295400556,1.4773605600298205,0.12459407675675187,0.06335662026453864,0.24382396477786847,0.08970289037055633,0.08568388598353156,0.0563259566054611,0.07530447084520242,0.06062212454947311,0.014775271205305524,0.018499824504399208,0.028343773803865234,0.007114856161919705,0.008923728302334833,0.009499033381703348,0.010629598197988248,0.008472735690668143,0.005890097434996767,0.005605451932413449,0.005908853919874262,0.007808092035852978,0.0054898296825225575,0.002739392609062758,0.002907893928614652,0.007770738635553238,0.004893732373311693,0.005413195871075509,0.00286017405244181,0.004154624352570109,0.005110778298592963,0.008021762131680689,0.0
ROW,C25,0.003132739446684932,0.0024205514590859506,0.003250505115773956,0.0058671264006371,0.0022543000832684753,0.00537715936891349,0.0047066908401028965,0.004048734579446735,0.0036840797091030855,0.003559736926705891,0.004607665556708083,0.0033237281801797394,0.007010532493929407,0.004443591989037411,0.002315616743597057,0.005423045275380146,0.004850931352682013,0.009879708591507089,0.010703760381884989,0.0181894329371497,0.00830874885303031,0.01093822015782932,0.013599398682477644,0.013849954913754577,0.01718884815629788,0.014196028427081349,0.00880229728974408,0.003998073106765655,0.003652804120793783,0.007948946802804993,0.0020797085775157045,0.0026614713704488304,0.004378749813150493,0.0047376909942329634,0.0024715442599018435,0.0020874832151252217,0.0020949445748445704,0.0019756999091713077,0.002537376989091407,0.001980218317479579,0.0011598075889029634,0.0010512028437131868,0.0018397428629122108,0.001852999510289558,0.0016497459116675767,0.0006461802907136548,0.001555070071283804,0.0019468977687327666,0.0017570037484669289,0.0,0.006730673222323707,0.010780963368394379,0.008054724918210267,0.047175406250292984,0.01056385528523761,0.02624894541892509,0.03191779383017013,0.021523627503431498,0.01508333132961744,0.011811131350650898,0.02502555127532851,0.017451955397795753,0.012016253208023825,0.01706548804697625,0.011406728669731154,0.026159770410660723,0.03362042732103537,0.02786736637745171,0.02405096831417444,1.1396922440263892,0.03486212206650046,0.06431450218853961,0.08799537304702042,0.0786451326754064,0.10482582742658006,0.061976277077240974,0.04668215299437216,0.01484451393976729,0.0204614427469345,0.06173023085735078,0.008760028214265672,0.010263427877487673,0.015961774913873374,0.012263864461066932,0.013370390444949254,0.008618987228998317,0.009443961407694898,0.005940684935468884,0.009267449019695461,0.006246470096684193,0.003523485947124849,0.005374637880506566,0.014073402137502095,0.008538220586204676,0.009343487996749045,0.00424026706540474,0.00538561144880532,0.007324862719859743,0.011669554532887582,0.0
ROW,C26,0.004305216603711222,0.003357799440478401,0.005026702254683847,0.005598146687582963,0.003695121700823158,0.00415611345038646,0.005554064444440042,0.004967484346408321,0.005121587642284436,0.005122104146448732,0.004841603772411401,0.006980253248904549,0.009080934827933469,0.006690234107854778,0.005598139831182178,0.006676199210430776,0.006047587553795372,0.00842009166907642,0.008524558744912565,0.007986653265568194,0.1373208074476268,0.03886835525539705,0.01641301095920843,0.016847953196358696,0.02578809771594213,0.020172237337466356,0.020297544395714674,0.010074124111219607,0.005944384422140138,0.007223760014937504,0.005451590638824305,0.0046749601285583815,0.006873664535603588,0.009437571819260884,0.004852721239135536,0.006912752213968648,0.004094886509659407,0.010168294796546812,0.021450408737714786,0.013519545432835654,0.0047440982586785104,0.001781164178711557,0.006870553247922489,0.005476914803257637,0.004894513263624429,0.0023661646360410137,0.005178186100461922,0.007416562280437899,0.006654454214077911,0.0,0.006218016571055822,0.006053760318472254,0.007417549910729321,0.014320417227152014,0.011834284786292556,0.011158791044505139,0.013176268342628843,0.018297183967636736,0.010491390011483383,0.011240908747477608,0.014650177099434308,0.018086027405145633,0.012939833169532882,0.0171360936893607,0.010372359309291911,0.020047653674619737,0.014853631535537851,0.016008384019851815,0.0143217107334067,0.025860159370484442,1.5098727175892594,0.11750188694845115,0.07240209987735528,0.06539750542863486,0.0853797422487348,0.06612564045369901,0.038368275265075816,0.02659524140639814,0.019493471319174803,0.02025537970666227,0.018220516196798684,0.013593146152901468,0.017046620212259292,0.020906884531818496,0.01797876319088706,0.011485319227183818,0.011529961381511755,0.020052149840152012,0.04951293687053097,0.04550536567006875,0.008679234598132784,0.004998322374624163,0.034496837312869656,0.014464573434231805,0.017019871065766225,0.009628479218643557,0.01739019856105711,0.014117501506419104,0.02851403961774262,0.0
ROW,C27,0.0022212434305281794,0.0017847496348061868,0.002540288692290238,0.0039007060933966805,0.0018827668486884753,0.0027703828078657023,0.00310122270559266,0.0027930882590785884,0.0023810221304074457,0.0024179355452437837,0.0024641966455185996,0.002761347683363785,0.004534462041209827,0.0031237679473104145,0.001813657798616512,0.0033093477788749804,0.003317171389800775,0.005130366231614041,0.006220462566977644,0.0048348874711617975,0.016672313314304618,0.03805031084812249,0.010534961820489021,0.012227023774551598,0.012978548818278072,0.012604030441499575,0.007647752758214012,0.006485727468568852,0.0030807825909021946,0.00766947456257266,0.002135390958854907,0.002623838616493265,0.003299232131357739,0.004272722777849466,0.002408647076437714,0.002464201037138825,0.0021390683373487232,0.0022104510520428904,0.004916251431548639,0.0025419371186319035,0.0012111788819404727,0.0010641889198849542,0.002048791824117944,0.0018835729162682395,0.0015067681353660696,0.0006938140036034402,0.0014064355299505435,0.002152784435919545,0.0027668490203466094,0.0,0.003857342120514054,0.004606600406505152,0.004876224836882479,0.014622245043722008,0.005835325213389896,0.010434478203387002,0.01280536324118114,0.01015864273442722,0.005720710055106111,0.00605430876673732,0.00871898642502968,0.007871566345437994,0.0067447996875158985,0.008351888548428507,0.004749910313414518,0.010033699047636742,0.01031878933446279,0.011163597144420855,0.011506039791663543,0.017306378144360667,0.05993738074084468,1.1637912974842528,0.05808524426952837,0.04938228422319051,0.06337554135692237,0.06124500918224248,0.019287154130716605,0.03834004375761041,0.009869922629429984,0.030004603708048305,0.010475739424250103,0.008487989207944895,0.009192363404016917,0.012690924395244146,0.009743095657957323,0.005823498360661544,0.0061100276754002475,0.0050279161127712935,0.013836862461172442,0.00747793065580898,0.0028780963135791046,0.003312778770464815,0.010795594935738707,0.005664926731548444,0.00564495183130797,0.0028478453705460833,0.0038800620136960283,0.005493069741624771,0.011378373798402569,0.0
ROW,C28,0.0045703058311490664,0.00583645886904818,0.00483383915769007,0.008913435836694487,0.003460435205283194,0.006710086942308187,0.008322840013079306,0.006614401462890231,0.0039769299360042625,0.003936741209991464,0.00415918446685916,0.004758997075569076,0.013127427923591518,0.005305822903904463,0.0026918097049002374,0.00543103358568368,0.005992916421561524,0.009695534597158226,0.010820208737717673,0.007815210886486922,0.00873508277658794,0.011327958926826202,0.031118098584705246,0.016040221782039083,0.020773177441595892,0.0145794210944566,0.010781977338294299,0.0058289460329073355,0.004614207027902446,0.0060427986709204245,0.002440529829885532,0.003223181901791938,0.005535857930953145,0.006163117755524242,0.0032594791481335857,0.0026176874264469416,0.002423148877071684,0.002085510687067798,0.003147639500874318,0.0019428680395771455,0.0011913226733159135,0.0009116055752220552,0.002071396398772216,0.002138139659899013,0.0015511415146792133,0.00069684620562495,0.001693789537334858,0.00202711203265386,0.00217187640135348,0.0,0.00927018438103435,0.013478935285863651,0.01819515077489062,0.0482710183978217,0.024624711537247733,0.036591447232339175,0.042795518053240646,0.03623334497417378,0.009464757940421502,0.009810158553764868,0.014282350454197176,0.014882009600433897,0.02013149933787394,0.017414989663028527,0.006685047840466786,0.016738756342961306,0.029230747212671628,0.03277200483180714,0.025077843339389765,0.04224301358042149,0.03678999716539823,0.05190296096165924,1.1877314414953393,0.05830686647327447,0.07501506364829598,0.04988683587677367,0.03363214235028362,0.014400990275843838,0.015016757826489058,0.02646825471183702,0.00729927780667831,0.009322850086493311,0.021822060460142907,0.0168451423363982,0.016214675741519954,0.0068503563293966785,0.006240642385056644,0.004585153888357391,0.006222382557672547,0.004555308956799167,0.002850753468100301,0.0027358178412540627,0.00576299559653595,0.00560136637276816,0.005131540742925198,0.0031495655587347724,0.0036887331606343383,0.005095109224692786,0.007397326053776268,0.0
ROW,C29,0.0018652299996432694,0.001783601566966918,0.0018601199264994058,0.0019848716012895716,0.001181656188667211,0.0019087428800724517,0.002300437001239257,0.0018649980473150428,0.002128235265496293,0.00215479438725779,0.0021685468281478046,0.0019675282446086576,0.0038193133630630895,0.002607671362355675,0.0014703517006444148,0.0028040796526357906,0.0030532652189612965,0.0032983511340617497,0.003900255540724453,0.0029841935786990223,0.003469915460578929,0.0049572912697786195,0.006537249551365071,0.045307376562152196,0.005135594561991337,0.0062198233126602625,0.003854276736968896,0.001927288636460983,0.0026444630211803206,0.0022662110299240643,0.002854887414039675,0.004384777898223285,0.003302721652367655,0.0032336407316348455,0.0026200835142586904,0.002373517626926707,0.0012809761003405567,0.0014337591067711515,0.0013240811429653036,0.0013759286165451246,0.0007837809027667728,0.00044392220420744476,0.001153610262346487,0.001358152433720453,0.000861031957705039,0.000413817617996868,0.0009153761320950241,0.0012235027166840385,0.001043306580673942,0.0,0.004070093898656702,0.007100662664760718,0.005086230001065024,0.007446275256067457,0.004543177482847148,0.007212742275081664,0.010046490164767845,0.007773293404148126,0.006290358039053962,0.005633268525023442,0.008111045458153106,0.007331235529243273,0.005465790667910963,0.0064894473430991625,0.004426374173644773,0.007805928616892556,0.009472785640379339,0.007883314957532573,0.007571245354562542,0.009975901467373274,0.008344485241572271,0.012673247776435486,0.027024564819306207,1.3169983460567496,0.017233290502184303,0.02374404297932257,0.014066590476965546,0.0047537536499637845,0.009906027115793744,0.00929151099074118,0.011385300479452165,0.04660647837536049,0.006687689280655062,0.007252721748343224,0.018081088866686294,0.015444697590256476,0.004827544641160638,0.0038279819449362888,0.0036845848680526015,0.0032812568928909445,0.002174726399004885,0.0016058209776473491,0.008480485260475379,0.007676568518421717,0.004468602006521414,0.002414853625652059,0.0031613976142128345,0.0038867646800084974,0.0076230626653998055,0.0
ROW,C301,0.00018972800643236504,0.00016001136816392434,0.0017945722671804925,0.0002461837495017389,0.00023449701320129744,0.0005127489864100046,0.0003810270287606767,0.00030939030967631724,0.00025882720689745907,0.0002238902089468452,0.00023112243409166466,0.00021651410406521018,0.0006556468439389616,0.00028938278851401117,0.0001573984568963697,0.0002494686318105047,0.0002801230256397316,0.0003769686518102057,0.0004010637660070175,0.00027581712941369827,0.0003414020088395419,0.0003174432920387207,0.00034728680698977474,0.0003797190797386943,0.03443133297125078,0.005586728683127694,0.0007067373399392735,0.00024338054100897651,0.00016316858703388425,0.0002002578085571771,0.00021917560062030794,0.00039142938548674885,0.005840378791385416,0.0016606699480811724,0.00069160627351462,0.0003002337113008795,0.00015222542584504906,0.0001450795964787314,0.00015363518671034237,0.00014477031139084623,8.346865067346488e-05,4.209239353048315e-05,0.00011236322061318582,0.00016569354020268037,0.00042400562898359625,4.941544855786465e-05,0.00011367152060733288,0.00015024129876288643,0.0001270020080857378,0.0,0.00046863293818946646,0.0005589325817489213,0.010277174591526848,0.0010248943288925442,0.0008759324811566169,0.0007134996047716302,0.0015214288963355728,0.0006965526240238031,0.0009755916523322768,0.0007429996363630447,0.0009427364592303775,0.0008011946033034153,0.0010405901739391158,0.0009035883322711998,0.000549782778919062,0.0009009385969343755,0.0010456071986032795,0.001078166487661754,0.0008473617765373779,0.0012954131949697472,0.0010797834617326662,0.0011768600050590023,0.0034526080187540047,0.0016449477077603793,1.191957935451304,0.01773252702219304,0.0030594823454440315,0.0006495419327484038,0.0009542799983556312,0.0009368846878153656,0.0008865919776619838,0.00183812905168827,0.04956429296423141,0.007864690425751221,0.0032816576873750973,0.0011981248207499854,0.0007747994746613226,0.00036615115364954664,0.00036491035293031597,0.00029937356952371873,0.00024619725877151694,0.00017873849979923003,0.0005654439784060822,0.0005358731973389014,0.0018153003687629695,0.0002529820001647375,0.0003208874821600343,0.0006181155200276505,0.0007622635705810063,0.0
ROW,C302T309,0.0005491517795135056,0.0005192950499410737,0.0015506700142484727,0.0010581036859326678,0.00039852957102149274,0.0007092558466152318,0.0007443091432393426,0.000532831339032318,0.0006323170479421457,0.0006043362360231116,0.0006481335695417621,0.0006052165884429282,0.0010348697968594015,0.0007035005794893181,0.00043143003419603376,0.0007723197077736886,0.0006830530509846636,0.000951638827753773,0.0011195949267982278,0.0007784671236923811,0.000979363661235605,0.0010188199608233619,0.0009257284675689792,0.0015278416699681832,0.012841994417769701,0.09116760459851578,0.0048884915173348685,0.0006193713204601973,0.0005104618425960033,0.000581120518620203,0.0005967389140709092,0.0019413983368362206,0.003075899890402251,0.012441210681801,0.0009737135075155263,0.0009405303489947996,0.00040642466586027166,0.0004560893645148115,0.0004244289531018088,0.0005087607339541566,0.0002983226051680322,0.00013293689224964944,0.0005271887843039312,0.0006518969982214286,0.002335408268853514,0.0001538508276653767,0.00037203066977038995,0.0005502567588181221,0.0004068586277098297,0.0,0.0011558565883929004,0.0024212732561170705,0.0020390035363184408,0.0027478920461631623,0.0010267618506133698,0.0014907863470494116,0.0018163058095810557,0.0016122812070728527,0.0015545543002479518,0.0013897101414164898,0.0022341139174943702,0.0016755160465972958,0.0014201262337137437,0.0016498563397596632,0.001181036858070952,0.001815442966839029,0.0017691846206925835,0.0018542867067049434,0.0016409567296007967,0.001980856841207856,0.0023835206065611824,0.0023386531977315893,0.0037548307501974634,0.005585008620417827,0.01841187160341696,1.184892892777949,0.008165753453298895,0.0013185029789707385,0.0015026073364507392,0.0017446542024436402,0.0025089999878269505,0.0099362080006039,0.011886720557733118,0.033408023131393044,0.005567097286265054,0.012208893997414327,0.0012629011674049008,0.0012206883643581063,0.0009624274492548796,0.0009074014107432178,0.0008348514343879372,0.00048080398557715485,0.0014238496578629354,0.001475949260836823,0.007400437668371899,0.0006177591092241703,0.0009121161392419955,0.001917019884872213,0.0032470194307592875,0.0
ROW,C31T33,0.002041808118595241,0.0011946318644544204,0.0023950875445399966,0.0020280389137215054,0.0016331097010454311,0.0017341921456697329,0.002359240286108361,0.0022144603388157334,0.0020359547192933957,0.002687951753900221,0.0028581711135376793,0.002091336401981041,0.0039569440372409885,0.0027344292165496563,0.0020710990801715455,0.0024138440330713144,0.0022877666641047153,0.0035049729425039055,0.004069968601585301,0.0024918245583510417,0.0047709010569805315,0.003220638379927966,0.0028000218425808365,0.003426301825084786,0.005589087476184114,0.004823179084257929,0.008284062358128995,0.0022441588430460978,0.0016847681666141876,0.0022244073019748213,0.0013179998477769992,0.0016504559171911881,0.0033286679066208817,0.004923791174873643,0.00145634911439227,0.0014611301895136053,0.0015589200650968315,0.0021308165145808417,0.0017365873933812013,0.0018107875989063385,0.0011744435179128967,0.0006196079576577236,0.0013558782357969573,0.0014080324701893434,0.0011554211991721265,0.0006740144122985304,0.005350774400527801,0.002716800603898748,0.0015731350084714289,0.0,0.004281629243829136,0.0064635328364413625,0.007180888241735063,0.008504182010769887,0.005688275655429091,0.009327379968269007,0.007902702158839934,0.013415532011682548,0.006836007568143968,0.00990480891725152,0.011992837786566997,0.011048226878719463,0.006859455029579013,0.008899653882942983,0.007175206123197504,0.01010309946560942,0.010018247594960167,0.01131444978261293,0.010023665809106116,0.01111244354825651,0.013645151724584949,0.012044508760793497,0.012706061183338174,0.01467171277986936,0.017134085043365676,0.014071690653114702,1.0549091589574804,0.011257150466322556,0.012367146100723555,0.01449745749453328,0.00720905524836964,0.00794576408726089,0.013321985329292567,0.02135987372324152,0.010510280456403764,0.006897787576064147,0.008630540315543937,0.009792700960960748,0.008540152061697942,0.006877217263586331,0.0057944675374110724,0.0035712922853250364,0.009526944350851838,0.011310922347740749,0.008401056493781447,0.0061933110011485335,0.01241200960212513,0.015203201845624886,0.015454880140914586,0.0
ROW,D,0.004796288244404666,0.002718422232737176,0.004716673505412984,0.007087301872225442,0.004107411811844455,0.007508751343428375,0.006387112420038837,0.007226886776267072,0.004936362731944536,0.006309389797073179,0.004914790974193159,0.005624719691040988,0.02205889846982937,0.009926142152992848,0.004047032546265784,0.008011065808747709,0.00782552920019904,0.01435911274794633,0.021159371793875906,0.008077280177227301,0.008546984275273877,0.00945669324529278,0.006909981195659854,0.007979535857301578,0.008534343742525981,0.008258080077789587,0.006189330334155687,0.008338844664869949,0.0036922861227582713,0.0052036050562634965,0.0025454972773687207,0.0039235830281451585,0.007712388990441822,0.007154930268573199,0.003156158996535788,0.003156472044273299,0.003004550650608158,0.003245608915202583,0.003113753481638766,0.002945212283332027,0.002107878695181039,0.0011671548651608489,0.002238151820094957,0.0022142504075636353,0.0017852918448079923,0.0009728045113310154,0.002275185983907328,0.002703834051217224,0.002478802168545565,0.0,0.023856546302260796,0.01497861180083483,0.020148874794044473,0.07147228323711739,0.042079765366865696,0.07899552562872637,0.08732853789856714,0.04829068428456184,0.03258546611193991,0.04341273510042514,0.04497544062656114,0.06077381160981567,0.051146027347852584,0.07970874988074961,0.027345644084691662,0.06240356897369284,0.09050291807300703,0.10889415878247578,0.10955536696920994,0.07658199059361012,0.04254882667572106,0.05805745067999994,0.05188087468975575,0.0491731437389124,0.04902966437344127,0.03767692463895908,0.04010207936885189,1.3044502601766466,0.06556521182401003,0.044898957610880086,0.025560880767425735,0.04499807997940131,0.023445065822415897,0.025535310807051025,0.03589784514950795,0.019833992821364894,0.04059835723748194,0.016102483860330218,0.023859122565131275,0.013622286629647175,0.012582072987714802,0.0254315016044702,0.01888756248152762,0.01462127773560901,0.019131894710608156,0.01710477668222522,0.017322534542786178,0.02912995017521674,0.03047264352936031,0.0
ROW,E,0.0007287848885467431,0.00043375678501555407,0.0007142253360247396,0.0008219740840403908,0.0005470356413612039,0.0008480971857971727,0.0008521709014969836,0.0008650465438772731,0.0008179714981974946,0.0008983204223127515,0.0007469493532640716,0.0009566788661674776,0.002764263017061623,0.00148192894936138,0.0007191421271840438,0.0012625470573775657,0.0010258788862763824,0.003068032298754722,0.003696145301141155,0.0018568743758152404,0.0014316935073582615,0.001758346168705049,0.0014350849429041967,0.0015464981026175805,0.00171515734821848,0.001624589021709657,0.0011616551911804635,0.0009140820509304902,0.0006251342683639794,0.0008989960827460689,0.00044461631757368637,0.000596178935780748,0.0012646954372303623,0.0011556370559071083,0.000528712313647669,0.0005516444983888971,0.00048392276485935344,0.0006465871689998197,0.0005594271000396189,0.0006924565348996825,0.0004814852842323135,0.00020252082844647313,0.00043793048280940785,0.0004195122616120625,0.0003060653341294878,0.00015418519253652794,0.00037155403980516433,0.000475376239523644,0.000400233062752474,0.0,0.004049997752551414,0.002435439031096784,0.0032791265821459736,0.005635479669367594,0.004916885590065033,0.005657011657622183,0.005949184565078895,0.005458658775230297,0.0057182642185335045,0.004724460594496891,0.005309189690796569,0.019669703270442332,0.005608287368500588,0.008434276144362651,0.004463062962501418,0.010150517497977683,0.008085110447436624,0.04417222415700783,0.022841049475919455,0.017136799164071286,0.005487645901831514,0.009992069070124359,0.009934216046767296,0.009052323406097715,0.01034651965925262,0.00769790229893003,0.006770864878321059,0.01048313303716645,1.10983169618892,0.008740523386651967,0.004412288211017888,0.00557487211431213,0.004550146177435664,0.004726800144036754,0.006261161538518157,0.004185816845973938,0.009885783431061177,0.003365027513738767,0.0055991937609700376,0.003340234233287062,0.0034997116001776836,0.0037844381677017173,0.004422988252973558,0.004414439149781206,0.008891496450403592,0.004184055500946092,0.005694974664596802,0.008508110201824709,0.007038509051295105,0.0
ROW,F,0.0013652278903629439,0.0008628628416247797,0.0014714131883525044,0.0018120051893968073,0.0015022874276570182,0.001977378016876616,0.0018946439688625968,0.0027275153664760824,0.0015338402412557327,0.0017911814888748863,0.0013613113544979967,0.001464069761951578,0.006816869441772942,0.0025377417065952355,0.0013315851156570529,0.0019278555229203138,0.0021057296276830576,0.003312670666565615,0.004337855873002614,0.0018006886132419548,0.0024136801576848505,0.002195202030432847,0.001698180020568424,0.001974542907966367,0.002185138981029619,0.002292273337862218,0.0016720980427969456,0.001999575153953297,0.0010701986508096343,0.0014467561274285308,0.0009001142840711273,0.001289350159494661,0.003406137827575339,0.0026039621535499484,0.0011524923696423668,0.001242426398963793,0.0009592001545640827,0.0014160818431831256,0.0011702774033396203,0.0015858852374277023,0.0011358671323698246,0.00040610051405098104,0.0009120395040332652,0.0008347392472195256,0.000610593713659396,0.0003204428952077039,0.000704961416488188,0.0009810565212408312,0.0007825517632664015,0.0,0.007072759659896978,0.009728125685565817,0.005738940753932848,0.014522597733617389,0.012904311966404708,0.020183696383009552,0.019433382501896825,0.026223520245169402,0.008850507368367058,0.011239626904993003,0.011125720074340057,0.01229476779155706,0.017908008441586666,0.012707747051498602,0.008109179187904252,0.013759089975514107,0.013549434624852296,0.015618778701547001,0.014909363678085812,0.012180830131370774,0.009230541798775029,0.01073931960088494,0.010434905498356219,0.010375403908288087,0.011812875739574224,0.009776943875361791,0.011583491692399547,0.0250080073184801,0.026454681835210117,1.0675528315012233,0.011007769223726644,0.014997974220913859,0.010001214198107821,0.010810454674695527,0.021839569808193304,0.010833282567957073,0.013993528021682246,0.008232520671036195,0.01338430069194493,0.010945716872000579,0.008924965269075043,0.04476452686999605,0.009537903798074428,0.008596560779509812,0.03398615227407403,0.011294553695665085,0.008529562825296776,0.016175285022400704,0.015461507139554635,0.0
ROW,G,0.023705462269865217,0.012209026810082986,0.02343376310057993,0.01874479186437257,0.011409203026355001,0.017007197043438168,0.020061451068791803,0.0165880331730464,0.028976332308664855,0.03593145217055118,0.021541758675736496,0.023424948884718917,0.061718821164230775,0.04056117826585899,0.025516802440474565,0.03441686564700252,0.024557284194636018,0.03719437603479274,0.04608793620998266,0.025000312001449705,0.04896208499636898,0.03616261571888531,0.028441663508090076,0.03757844322545756,0.03778139444578829,0.04751494806251097,0.028329715410311016,0.021652270999417144,0.013869415545399168,0.01964667561518471,0.0115345876997092,0.015077869190065773,0.030458277383048994,0.030561325469391172,0.012072535149695847,0.012477506167811939,0.01553046163847104,0.02395543540400659,0.013748630696807951,0.01663409017556964,0.007694281346612298,0.003912590479651065,0.010004057429222831,0.009939750693582146,0.007972194858421397,0.004396116104965058,0.01338643170613544,0.012094626127998493,0.010827988160383944,0.0,0.11425435799743845,0.06629750363840577,0.09882032892596879,0.08258866214226353,0.0532671942426825,0.06909600684086593,0.08488798208924624,0.07990497322331075,0.20560206657687924,0.1768664250481529,0.1529442530846233,0.15821312027838857,0.09522529039116061,0.16519488315229233,0.1631194040213243,0.1775269704149985,0.12670002396729693,0.12940047561200504,0.10861583002408097,0.1402857711961738,0.17679168205102533,0.1614134064920169,0.15376594201611293,0.21277627782255792,0.16438747618698749,0.16055544216823514,0.1521924144804531,0.07003352861058593,0.08222452159556712,0.1302238655478199,1.0701964655232188,0.0913089411685959,0.10453557306053989,0.11304641168442411,0.07210643386345457,0.06614729167665803,0.1254400839350011,0.07572967051184704,0.05990502544839553,0.04559616802308633,0.026731935287392976,0.021410437096851774,0.05792698388208844,0.05193352100793303,0.05390280817463819,0.03501823604959599,0.07597130223556811,0.06020421265622068,0.06259423549550792,0.0
ROW,H49,0.005947999506580633,0.005632685861621182,0.006294125981851511,0.008157767044993687,0.004997947716376417,0.008496758375620337,0.008937062863406392,0.007784014331650207,0.008012420036470205,0.007856531538338967,0.008066953213037015,0.007643150212999835,0.023079046841153725,0.010525068374518415,0.005181092600505578,0.008810730267910133,0.010277392437381632,0.015018454711453199,0.01715854267596403,0.008417464368592111,0.01064754729238954,0.01044186700345465,0.00823278821872704,0.00968230934496065,0.009901063013960088,0.012229974324371609,0.007944792925266973,0.008059510758370206,0.005023127337329782,0.006415813879666581,0.005304579984215473,0.010614200180398764,0.013866146773256198,0.010049551061777994,0.010324640896722945,0.00820700497938889,0.004193183574234276,0.005417159564623694,0.004043564163624863,0.004567875727251881,0.0026447840677116634,0.0012894782661027355,0.0031749017816150716,0.003306188530986083,0.0026784827299588514,0.0018344093087891802,0.003182627057374319,0.0036269960311618344,0.00339468013664929,0.0,0.026679154941613888,0.03319323033633686,0.028339558001760246,0.05215650112833608,0.020952323978488497,0.03421800273051864,0.040890006444065145,0.04341928596586865,0.043126608727721005,0.039444344501073224,0.05730908160001339,0.048019792919510064,0.040543307322511234,0.044889142194579686,0.028979166679224382,0.04481856967147389,0.06060275378753752,0.06204193701460848,0.05030344144231537,0.05135059591092112,0.038649245821582356,0.05109384658774378,0.04802350989868291,0.05069429434230185,0.040501360380245495,0.04217714089202369,0.04292789672936059,0.03294118331220306,0.03728354537186123,0.04651069369887266,0.03193373948029194,1.0766614185819143,0.032670130966847705,0.0375780404150505,0.07086381253021705,0.061642600000666375,0.029272023293085928,0.022911062386980357,0.019356232281921883,0.017376651119837515,0.0118427154273348,0.008568592842398737,0.023295189898376173,0.02287763544711225,0.020011034694573954,0.01974501532155674,0.01701968739173815,0.022291362617479042,0.02066822600014669,0.0
ROW,H50,0.0016218613669866989,0.001255267418159125,0.0034098195392892367,0.0018181304532985444,0.0017928094923384615,0.0018017155001260098,0.00304795164233963,0.002774117330621549,0.0021258977051938402,0.0021166282665759394,0.0020276338095722717,0.0019174955294525026,0.007416674776348276,0.0030096952284520864,0.0014905630834333942,0.0023474302612328368,0.0025581996389381885,0.0035546221588761443,0.003935610875876633,0.0020878455806065924,0.003262216198544982,0.0027559676919404028,0.0022880933634333665,0.0024119339096847965,0.0027056843790919764,0.002845761751052177,0.0020351044576935153,0.0022237740673375903,0.0012478615907430641,0.0016474544407535092,0.0017094045100111966,0.002555778456296522,0.045937434735649756,0.003444624395577915,0.002960053252127805,0.002200489535652379,0.0011472114859428925,0.0012401774404314785,0.0013471169734874209,0.0010558807936603915,0.0005723617966194567,0.00032045450385244573,0.0008016418583671037,0.0011707002536939948,0.0006321204277715994,0.0003704428495873318,0.0008502521715945523,0.0009051044165536045,0.0008709380368270305,0.0,0.005904275935169465,0.006239480905299109,0.011718533029914756,0.012727889726302576,0.009011540678302734,0.007041614296134272,0.012439494517207638,0.007356060711763133,0.008992609602356913,0.00955398857999252,0.01184929861769628,0.01065954309030993,0.013711680013561949,0.01238463461758975,0.007077459228631628,0.011388776380400577,0.014559726102642643,0.014313429862681052,0.010362135677058711,0.011365869891763272,0.012211800639572069,0.012700813998473533,0.012629161518057052,0.01136747365922518,0.011744178461535202,0.009314534593078275,0.009831551734671968,0.007571111953574922,0.006117671315509251,0.009632290256945284,0.011614937469928826,0.008061843284089171,1.2376183491135355,0.019175652553305805,0.033514645861348974,0.008792511626329682,0.005725449611311569,0.00368175917695395,0.003809822323601234,0.0027130280932259284,0.0016840543363834013,0.0013577374597067299,0.004079202212431023,0.0034391843785384255,0.003624171489677182,0.0019685148518361604,0.002890583793096637,0.003796878230187118,0.0068830481520342915,0.0
ROW,H51,0.0009474093754187517,0.0006988958450789611,0.001208428995869427,0.0008688076943187078,0.0008538946100070619,0.0008369593100249062,0.0012465911379527202,0.0013040592751986987,0.001299976361738745,0.0012841019156557647,0.0011118672530893243,0.0011709099595662157,0.0029674602511073917,0.0016384815753544848,0.001151875949427758,0.0013712846403644444,0.0012507558509052329,0.001583309615148389,0.0018148826325312807,0.001254021950170231,0.0033629380710506695,0.0020378179595938305,0.0018388314988212894,0.0016975125583428077,0.0018205755000068149,0.001881357282371168,0.0015477634090501334,0.001110914618483965,0.0009397251096967147,0.0010151656842589329,0.0009750969243359174,0.0010617872436789531,0.003003462895513426,0.0191524911229141,0.0015955408688500849,0.004913765281887928,0.0008105752744028315,0.0012957276854123005,0.0010418358590359184,0.0012224192742568585,0.0011052979678333188,0.00031400579792942285,0.001097135127584678,0.0023112194661142234,0.0008452561977215462,0.00033261574401710425,0.000605255192577573,0.0011153429910060212,0.0009899180598270804,0.0,0.0030215147153747923,0.003780589354948754,0.003463742774277304,0.003582305722577256,0.004229224792524227,0.0032166175003847134,0.004325996466931819,0.005862503856943517,0.0047671351689942,0.005191728647804136,0.006250706215512769,0.005209981973004064,0.006049575546571665,0.005250726092447672,0.004512310605905514,0.005568084926173304,0.004755935377172466,0.004850666095471606,0.0046187397577329495,0.004819911139957644,0.006503507293075556,0.005954074797293927,0.0054983662040895085,0.005911425583249739,0.004951398779170556,0.004922873714513644,0.005390769979853753,0.003777863427112966,0.004665550619983891,0.004748663300716115,0.005190658010563853,0.003916306688447597,0.013990118865855309,1.0676560229345518,0.008236133825897418,0.018348484045027345,0.003966096149427274,0.004319366307942015,0.004534396358589055,0.005011911521250468,0.003554710551555652,0.0020581681755128156,0.005920574868795558,0.007024131020656989,0.00520591749403425,0.003116581856051396,0.00280669726734862,0.0040354794947292175,0.004599833870346315,0.0
ROW,H52,0.003166201704268186,0.002404304241492021,0.00558803649866774,0.003963930210193609,0.003703903789607676,0.003483721137282223,0.005493124785763501,0.005051645161378596,0.00445600434712911,0.004361986008626091,0.004045926797917908,0.003955711855598519,0.01250022147186095,0.005602040333124983,0.0029769165963101224,0.0045598085309337105,0.005112334348511732,0.006850223395802394,0.007653083318953057,0.004071681664259423,0.005484245847580993,0.005082507253513844,0.004296280736630715,0.004918045923455719,0.005092408801871143,0.005735480613594336,0.003977454824046969,0.004226264487413175,0.0026184253264854235,0.0033065266604715544,0.003669455789134077,0.006058290993325515,0.07512756142917891,0.013330531363431316,0.00873623273241944,0.00626301422198734,0.0023974926108043704,0.0028633872935889823,0.002681526131337886,0.0023129525962852834,0.0014227811556405366,0.0006940009437551361,0.0018840733091218147,0.0021531586616824077,0.001390967959300276,0.0007799926155681081,0.001653048678057324,0.001991706732878607,0.0017768592460401815,0.0,0.009928380571068417,0.009833659710411096,0.012176204629720157,0.022253080274551446,0.009127646048606278,0.014633844576679279,0.019038559624774635,0.01642855995683391,0.017937421253519516,0.021901228463525206,0.029477469036326854,0.02481364488130861,0.01945409682081585,0.022104634817382823,0.01367299931028406,0.0276755046457737,0.02311262822984373,0.02410239219863487,0.020552155688585965,0.021845827204134676,0.018775714951544138,0.022391412497058293,0.02061084444116287,0.02449778552012761,0.019867861039670153,0.018916489671070288,0.019363049872426742,0.015072219814178566,0.015399737239139425,0.01768853572358738,0.023263346030442784,0.03757853311088508,0.10442730603916382,0.0992838030449656,1.0759966947183586,0.04720305208502047,0.012092721122642999,0.010306211867959937,0.00871642139680074,0.008079799005567366,0.005113376582629098,0.003434237765188736,0.010919212471303936,0.010461058724352709,0.008668108231688211,0.0051584568344871205,0.007253535640923397,0.00888403701509736,0.00905594484379578,0.0
ROW,H53,0.0012940252027812088,0.0009633665999590559,0.0012981306555221034,0.0011327251089825404,0.000921796109582599,0.0010216528488220437,0.001453471816744726,0.0011009991887598423,0.0017447540762049287,0.0018617803346872382,0.0014361746115868553,0.001748396285631901,0.002444822087988758,0.0023508818483688387,0.001780638463191896,0.0018463764833697885,0.001561380329820225,0.0019969280464260607,0.0021926864406957404,0.0016454587809538793,0.002771396656857903,0.002617369104022897,0.002174860577107437,0.002110136550172634,0.001988890175532664,0.001987030605452859,0.0018669852224657956,0.0015288342530082341,0.0016110686771164486,0.0013695692236678858,0.0026593272729641773,0.0020117095129525246,0.0023406152252916264,0.0023287214079250125,0.0018000086529844893,0.021946185770942223,0.001441053271396132,0.002154973464793029,0.002953659689854963,0.0015450627970443065,0.0018758132759550432,0.0005382316760393045,0.0036613028961644555,0.0013451916996828123,0.0014651475097356462,0.0005163861583383215,0.0010414429531966773,0.0017074078718884046,0.00129719369101586,0.0,0.002912788272991905,0.003451744565542455,0.0037008187961421325,0.0045375637026173485,0.0020392199675975976,0.002787764929299054,0.0032997382442487514,0.0034351098074695027,0.004721126891625403,0.0045378959411727215,0.00515097929464502,0.004920095954630947,0.0030545560370273616,0.004726076298979872,0.004598974372684732,0.004807856346172329,0.004854270172904669,0.004322866869109351,0.004924305257884125,0.004766581868808239,0.0046428871752684136,0.006195347483311002,0.004981878132958244,0.005578009599843057,0.004541887194493572,0.004242056470868,0.004755376876891906,0.003711895172943036,0.004333723861422047,0.004303184603172157,0.010711798148298873,0.019744383459860525,0.009646067555342872,0.004981295404864745,0.008854049352645955,1.0533234697750848,0.005241176006417946,0.006978097761348837,0.00530145841508256,0.00620010546524,0.006462378790664162,0.0017239797548162213,0.00524438617430405,0.005438157403201121,0.0039417473998261685,0.0023496715943935155,0.004322004363831582,0.004301371643069494,0.005031212021008588,0.0
ROW,I,0.0009814817957124187,0.0006395258269005446,0.0010351369539073265,0.0010102864332060943,0.0008207340867248015,0.0010442668016377608,0.0011588257888810812,0.001263342104475412,0.0012108059977964099,0.0012854913508012302,0.0010016791417206143,0.0011131279105276704,0.003375194328546305,0.0017900709784083194,0.0013215740545597788,0.0013742131878576598,0.0012666414221630922,0.0018712760152892036,0.0022527743412481035,0.0012230669066518613,0.0023455179562168436,0.0016472702220305504,0.0013307067467964759,0.001539992970405772,0.001687056540799108,0.0018044788053386504,0.0013498535275672948,0.0012474876542607463,0.0008806800719872163,0.001081535819595049,0.0008190044158815051,0.0009253533721378959,0.002113113847102033,0.002186208175051602,0.0009337830772582181,0.0011616694484530045,0.0008052327604249425,0.0015586135333151706,0.0010440066718612033,0.001868223423182184,0.0015022047483768597,0.00043210067408085785,0.0009839936710503755,0.000874229278622773,0.0005657101056813709,0.00028702331492835034,0.0006003510913558968,0.0009964754189575298,0.0007153671807981063,0.0,0.0038958085219605613,0.005552408234242602,0.004283941939987643,0.008636833762542654,0.005635167337969653,0.0064669768544228885,0.006954044431464219,0.0077531350298211165,0.006634908409268228,0.006833098876793609,0.007170448012548838,0.00806390390512312,0.0060938781809300934,0.007648440675368506,0.008731185353554556,0.008193987554196563,0.008754689207910048,0.00853121597771988,0.006701305030138381,0.009207237562577734,0.008678482284861507,0.009428902983054079,0.009528344443579587,0.008576688847506083,0.008146810843866715,0.008055995888261284,0.008465824594261488,0.006908438382353946,0.009306243991476058,0.008433841575484175,0.008140000539246647,0.01103214950935695,0.008264042867000053,0.027638624407461062,0.011149312919363647,0.011089714538523766,1.0124560040623392,0.011617160757455369,0.008292075079591186,0.009817670561869808,0.014211731330993297,0.006077115530375729,0.01748158397227167,0.016455342268745114,0.012653657217815516,0.008898936916681576,0.01119009156659945,0.014425562274321567,0.01385492962006026,0.0
ROW,J58T60,0.001964654074161926,0.0013606844160749143,0.0019894426844735058,0.0016598961506320716,0.0027258595623937463,0.001512176388400276,0.002493069763083405,0.0017916589150818627,0.003548596769756729,0.002520678669819461,0.0022762342465402147,0.0034581992340673357,0.006493964713869669,0.0039253488800225205,0.00401998483152439,0.0027647786915107283,0.002630963664197124,0.0029500978850201154,0.00326536720414312,0.0025155437259895665,0.0044384065895941805,0.0029669530598241288,0.0025621558286358943,0.00287019089276536,0.0028974946281371513,0.00311809087178823,0.0034995835122733237,0.0028100436785359444,0.0027596641528086986,0.002159764331669302,0.002863806298422566,0.002077637763352032,0.002917901672854671,0.004090589684948962,0.002116648142697456,0.0027604645547977336,0.0029050928103288454,0.036006826666614734,0.006617692602376151,0.006178599417104879,0.0036551890583466935,0.0009157895646665792,0.005312571030694072,0.0034448575571922476,0.003604012045767356,0.0023687597373699834,0.0018424237143312367,0.0073291822463015755,0.006292323107049164,0.0,0.004033939914898763,0.004146246566245237,0.0038716441916022467,0.004580065863743772,0.0035699866409382394,0.003666975808465278,0.004006781665768585,0.004291919125891859,0.005724826184409319,0.004226800697320069,0.0052394012183024415,0.006301865241827653,0.0039689131188652554,0.0052076692692874845,0.005287489979585633,0.0059151739121570835,0.004684014208634,0.004598711407797393,0.00417278896441319,0.0053095944734009495,0.00537266973170752,0.005425574271868884,0.00556767667122558,0.005887567324840852,0.005096498880297681,0.006399440966758131,0.0055097636050201095,0.004603623623477622,0.005639406756672271,0.005373988788423434,0.008036673546201762,0.00479642370057768,0.006087038044046165,0.007264836811107568,0.006162741786692325,0.004884863317604489,0.010231171002451578,1.1695323685285153,0.05125025716383676,0.017658422618733068,0.007098166116340589,0.0034488164391671193,0.01995709841231225,0.00942298077866667,0.010516702916601296,0.011742193887409543,0.007110630924643619,0.014150807674672035,0.008681680486664192,0.0
ROW,J61,0.0019035060620723615,0.001411286122905481,0.002223684027516931,0.0018291094044547206,0.0017165026021895501,0.001761041478371388,0.002511517067583149,0.002174402546301339,0.002617974406451923,0.002662053333892033,0.002179035622744624,0.0025639257339973684,0.004840751691486684,0.003416280892343779,0.0028554769790420124,0.0027660511246418162,0.0026861917420015645,0.0032605968363684096,0.003634989177592435,0.0024187907969865853,0.004339941031428648,0.0028792836830449377,0.002511755613634641,0.002738570165441386,0.0029606764187647136,0.003075017547545707,0.0027222958663520812,0.0025373973077308346,0.0024538781378395107,0.0022493157926685835,0.0023225613588931126,0.002199153597174501,0.004194528266286384,0.004249703936151502,0.0023968416038382917,0.004979918480159774,0.0025218731946119355,0.004995443551541082,0.020794210581560515,0.006052528635650307,0.004388959424737407,0.0010532993818282302,0.0029645271030705866,0.002594991415585358,0.0019752954610020123,0.0009116508126539206,0.0016490495169263564,0.003324534628451223,0.0023058423383016564,0.0,0.004851936263684017,0.004734281205896434,0.005055691641093906,0.0068007925439117775,0.006592098305777804,0.00615008040888606,0.00662802179771768,0.008977377172696994,0.00785255746349139,0.006910619029504704,0.00838640327551382,0.009507496482351304,0.006952978264880312,0.007929465411519176,0.00758442493383591,0.008614036025763895,0.008946729785688903,0.007369517660878378,0.006529090394201032,0.008423171137261678,0.008963959273813736,0.008441530180100403,0.008558951349421754,0.009020952687334488,0.007946976167486497,0.00811530929605363,0.009005221657798117,0.008364636823837783,0.010496289572794014,0.011862956662621535,0.014471513005604796,0.013443289595883777,0.02411536330327179,0.014631143435605353,0.015459440591874917,0.01628649965276159,0.012349279190820746,0.022535800858788636,1.1450899644250416,0.0467245000550405,0.019020585276194962,0.008323953933621286,0.018291401262792543,0.016013716819727106,0.01998233147091027,0.01031825795606776,0.010544021081831147,0.016175580371456423,0.014760195646770124,0.0
ROW,J62_63,0.004502476288363274,0.003434290321556092,0.004626663408666405,0.004775972677462002,0.004222103716966155,0.00395924908807548,0.0060193411909643234,0.00536544939936556,0.006405216479410165,0.005886855071632121,0.005195456441885605,0.0067225936920853775,0.01195347007359927,0.008349567218025855,0.007316188965832156,0.00676330164447523,0.006063850764899132,0.007864796850048577,0.008389931246174494,0.0060039835004457925,0.011324091060654011,0.007780940001463036,0.00667084743812867,0.0073759404268906,0.008142393302472913,0.008705205376120007,0.006823852109850968,0.00692991257262453,0.00658398995764125,0.005517373844571389,0.006567021977166549,0.0056831481438231815,0.008906556502812565,0.011673832345579303,0.006510977345178572,0.009342728939193131,0.004816110511503547,0.016858360686169686,0.012347045525679936,0.037347493919987505,0.011767343795289058,0.002666899945953788,0.010734816832023084,0.006810916925948137,0.005298635430041376,0.00301480776034186,0.004052755562353845,0.00916831441511314,0.005320222938633834,0.0,0.0073932884739408185,0.006551037576885727,0.006790304246228958,0.011556447829153556,0.015678775141333923,0.01050672940834537,0.011585055198180224,0.014820602046614091,0.01437986711097044,0.011607004098628006,0.016309252890664816,0.023851876035946875,0.015256436185612624,0.015495847179556625,0.014102447276147087,0.017166262091900145,0.014324460204053653,0.01588151804555472,0.012774069883721036,0.017898109430477264,0.021101743646616312,0.01566564057116478,0.017822789612071493,0.018252227771150372,0.017944666065087753,0.02088632198407117,0.018199553751038287,0.016959182384513743,0.018107290872100917,0.016690292971033128,0.0243362034497758,0.01903513582881329,0.01845086835883824,0.024248699668444815,0.02370067696385723,0.020521315619714414,0.02098442475936436,0.04500810999922332,0.06223821004769726,1.1149733935149329,0.03298297553048448,0.00982009023044741,0.048175738458474233,0.04242695231304529,0.03811262373644394,0.012567506385334768,0.02003812583702287,0.02250973114608792,0.02396404757809193,0.0
ROW,K,0.014936737689827603,0.010428059494698027,0.017257944630158673,0.011545429929546467,0.012439818126269155,0.015678023049445752,0.015026364276601152,0.017065761003914652,0.015517436541325756,0.014983924078009945,0.012995001047346567,0.013660851419199033,0.03415697011328756,0.018650211301365287,0.0133035016418335,0.014957330223632976,0.014738882195001204,0.02013163044242713,0.02385332775222374,0.013780623959385535,0.02139135296130847,0.01620822758013624,0.013666175463090081,0.015464377245019176,0.01776711224667523,0.01722462499096061,0.01471533048432349,0.0157258107496609,0.011968354248709638,0.01631086163235213,0.012633829284621789,0.013476531194742458,0.022544576607982824,0.023395212683069506,0.013346160175585427,0.013150014546823395,0.013456934635358546,0.014325716371416202,0.012882910842568856,0.020996670410075354,0.08347819383845895,0.018206591795192836,0.013145695696751886,0.013363855255937187,0.009185346069942195,0.003994812098024529,0.007688416496928446,0.01414707730800002,0.012179585072605524,0.0,0.0357461518918954,0.029257172261410357,0.03791597178889677,0.07900731586893193,0.05342926375872088,0.0465626377513794,0.0568342178813388,0.07846606810940972,0.045682918499045544,0.046187639181520745,0.04545189692917818,0.05270190808695908,0.05440585446374516,0.05561096153331748,0.045623960627418435,0.054895810072383415,0.05799974920984785,0.06870425034091251,0.061960515411414216,0.05759924806417037,0.05179332157675882,0.05624854683007704,0.05465559130078021,0.055990884528329406,0.06137578958357383,0.05685156246742046,0.052060347946890934,0.07213265608345494,0.06291572845138385,0.059524330227987435,0.061881311851485564,0.09368238005261409,0.09362336578066233,0.08033588139422387,0.06732006500637869,0.04872297826714387,0.05039025351668599,0.04193905533755778,0.04839911295903893,0.04354892697373465,1.2224577885572006,0.10432763829832598,0.06667883962815582,0.0647697879210926,0.062437207978182356,0.024285794874780657,0.054547152628220026,0.05139058716827907,0.06538044513068215,0.0
ROW,L,0.002757080492536054,0.001690117090221199,0.0028849493506580954,0.002466787338196653,0.002265365129001674,0.002464554948254544,0.00303217896493537,0.003567529515949982,0.0035290460472997415,0.0038301906863779643,0.0027511009034661845,0.0030875790528218645,0.0080985167863445,0.004663960435696557,0.003364870537602009,0.0038048967763349433,0.003242427060166937,0.00454843355455329,0.005394880856929583,0.003158835993572491,0.005843713633765991,0.0041493461584247125,0.0033971384989484555,0.004110532975309157,0.004515857322187055,0.005240908683630696,0.0035249648587947174,0.0031471193975982923,0.002335031595753051,0.002840777066626437,0.0024537747829370122,0.00251584354105004,0.006654218483660281,0.00499741539883914,0.0025533623499096126,0.002880543812101548,0.002675104188841867,0.00420480281995538,0.0031210652143921747,0.004423962970015444,0.0039318247292987,0.0012084609477268377,0.0026560032729636466,0.0022063147756826674,0.0015436967851231317,0.0007930193151772124,0.0017090320734153251,0.0028194202973727133,0.0020214646850734634,0.0,0.012218549050344892,0.008168653387985393,0.00912201497903168,0.012729708618440506,0.010411085701561204,0.010528112333969424,0.012224892371962306,0.026839617643356635,0.018896512947284547,0.016621122013916318,0.01714304003084065,0.020708586833177896,0.01334103735235842,0.016178091209498553,0.017964912610194332,0.019970341174010156,0.015146752968775636,0.014990803556975026,0.013024511899999525,0.01949705163628358,0.01920612168000426,0.016847593752690675,0.01706929802572802,0.02018851802151369,0.021411003044249522,0.021784236724612514,0.019369142617753424,0.015154899466188431,0.01788558263125954,0.020282102061003688,0.05497539589159116,0.0194325185953473,0.019370867142414185,0.02279332903466727,0.04571852516568948,0.023960275190144587,0.0690808245997153,0.027001002291840683,0.031706325789899,0.03285015443299181,0.0349378859975566,1.035091609692313,0.04259815047949544,0.024776419590571766,0.02136599902846753,0.02110513345776304,0.03808219826910018,0.0510979320531662,0.056482098811475374,0.0
ROW,M,0.01243856136456816,0.007951890481472752,0.01182096624445251,0.011821706522881717,0.011192008064079004,0.01263534158944128,0.015137532888614233,0.016981919048022324,0.018860893927490952,0.015496181665893678,0.013129073119135309,0.01549814439291043,0.03450809127462872,0.02157295705677115,0.019407946891613757,0.017227228889221843,0.01607546704505721,0.02011776563008135,0.022744362210031795,0.014760551696029132,0.029263561928855368,0.019792176059830725,0.01666675049229233,0.01951027393880461,0.020857768833160706,0.022148932635098272,0.016880767160349953,0.015722271227782598,0.01436395115926567,0.015542531581339603,0.014897293365676682,0.01204759329953467,0.01957783365192422,0.02491820140348007,0.012772344581951934,0.015500428035813509,0.012434721529040405,0.023922937635782328,0.016581355867057803,0.023148591618273193,0.01895294667688811,0.006199047972790056,0.025217616185365693,0.015813826414581872,0.009209796147986029,0.004283505984005343,0.007977059019575683,0.017989611054896968,0.011310778004572569,0.0,0.02741580333046337,0.02389936672475038,0.02507903239763945,0.056917204416782934,0.048434938447975626,0.04646067126987903,0.05718674725603322,0.08229650585147588,0.05769687024777496,0.04192100010373176,0.04933796985887402,0.0583959457796585,0.053537040655707205,0.06255072995469123,0.07370859999898205,0.06109356551378249,0.05296565952487246,0.05141677876320946,0.044972202096405865,0.06286992372932128,0.07580002540027074,0.057687544218010506,0.06747147283522131,0.07711803679636671,0.06904799342894649,0.08270684322845073,0.0571515195679343,0.053288849886600737,0.0610165739665866,0.09187451242281001,0.0786818083117592,0.04879643303690602,0.04786993101151106,0.059356477216019055,0.05975626313179727,0.05125041486792379,0.08165670662773768,0.09132946847023433,0.09314420374746024,0.08802932629782523,0.07783919093965529,0.04493115530640095,1.1390856116608703,0.08122430135105306,0.054279981397850584,0.02509446800234707,0.058054904125406516,0.06580865600344485,0.05442963054430389,0.0
ROW,N,0.009083249946636486,0.006081273030567607,0.00941560100745644,0.007797516544676906,0.007694225472637611,0.0075315347273767425,0.01086181150475788,0.01201765733374989,0.012126505341026057,0.010649599784651645,0.00983878251733152,0.011293832915396077,0.019348989938920022,0.023256686473901396,0.025919313108920674,0.012904150144066501,0.011386532112395866,0.014131316435678807,0.015785392090936413,0.01089422118221068,0.035502551649560975,0.012843871301801235,0.011165054252453314,0.012263201671818848,0.014305774550991582,0.01379528085527946,0.016703512519745736,0.011164896176385997,0.01145429960941923,0.011265744919255583,0.010244180341028053,0.010038706020411299,0.019671072338783745,0.025954313384308803,0.012945629227450663,0.012670650285384189,0.008897405513347669,0.024529487774165953,0.012466479593295455,0.05447398080941966,0.011844379934543759,0.0037823924936794535,0.012521886075025768,0.014732209638017128,0.006931580933197188,0.003819474576077819,0.007033398975368021,0.013760270934906586,0.007906746279243718,0.0,0.01543605602270941,0.0158363680916654,0.015194406611468772,0.040733427373050975,0.02608229506357974,0.027704058019250258,0.029878105828299844,0.05352365889536939,0.028091357245625687,0.025289429105260285,0.027360635116303354,0.03475782700960114,0.028710103231540732,0.03086971481532807,0.029641932454107088,0.03364243234877497,0.031453794276580564,0.033713459347002366,0.027907319704620934,0.035427582604929946,0.03393484535574373,0.03259998732011833,0.03344216239304903,0.03834221226646098,0.04315858839386171,0.03708183468772766,0.03297650531227557,0.037396526374223436,0.04041434997374478,0.04137851203791271,0.04968905413603947,0.044856631942728986,0.05031300120194515,0.0763276359601818,0.0611509523388724,0.044684019770404815,0.03872678204279425,0.04717031259281644,0.0645651469917675,0.07168611430496447,0.04342003356131273,0.03724752330495748,0.055047145094760434,1.0854307329431248,0.03837904941128127,0.020225896454128856,0.04216500373619852,0.047308438596704944,0.03900273889735166,0.0
ROW,O,0.0010144162291385764,0.0007419643983658306,0.001094643783207814,0.0009464197345841521,0.0008628101376749112,0.0010860525486972917,0.001135750312381848,0.001301866890153782,0.001202868602116508,0.0011210323584649577,0.0010321468035950437,0.00105935399727879,0.0031618106953911897,0.0016180850908020657,0.001123097959186658,0.001240005375606442,0.0011953469480503447,0.0017141610881805218,0.0020823725728025353,0.0010922922692772608,0.0017847983648147962,0.001324957561993622,0.001089604459160166,0.0012667392824842975,0.0014002605844911271,0.001484682696554579,0.001167791837874633,0.0012224422385054108,0.0008568179930952939,0.0010672600828427205,0.0008353433457116829,0.0009690911051517361,0.002165073692944603,0.001817667845664418,0.0009714177093709498,0.0010124689469503923,0.0008502080493214073,0.0013368236241435955,0.000950461655713144,0.001740733465997126,0.0029251683091452915,0.0007024658811996699,0.0009405238132062978,0.0008707110059185112,0.0005811089221083218,0.0002874242348828861,0.0005600120599646347,0.0009868373105095328,0.0007429671085661661,0.0,0.0033141661504641788,0.0040126349146367675,0.003101392590204178,0.006082385583194531,0.005171689331118188,0.005563776363891674,0.005720394723785271,0.008003473202052134,0.005176852157463486,0.0042637507569707215,0.007287919751519579,0.006576016159554464,0.00585523381191712,0.006221506546789932,0.0044546605016989125,0.006197283959393953,0.005728610049371313,0.006500886166993321,0.0058466477619851815,0.0060804763226516715,0.004688590788121277,0.0051557104967932645,0.005089606088326758,0.005639842380269224,0.005539574167271013,0.005490176813910091,0.00552254305469466,0.007663550841969801,0.01567787263080737,0.005936600428563698,0.007106408877651928,0.01400509903833296,0.007060047540233669,0.00784629277465785,0.009213096506287521,0.006341860527695175,0.007617658809994791,0.006465260516068539,0.006236854581621197,0.005550215322179979,0.03616564851914211,0.01038016600375663,0.01061432965752264,0.012015139589798872,1.0136439560776176,0.0053943048936280985,0.010772019881687401,0.014549160631650933,0.009010843209721148,0.0
ROW,P,0.0003323363738440987,0.00021647760780380793,0.0003554838083393924,0.0003197526194309873,0.000298555598020147,0.00030897220667759075,0.00040788203416594696,0.00043974102858992676,0.0004172502205697788,0.00040124233670641514,0.0003365659489566337,0.0003952173607364939,0.0013032761175946447,0.0006785750785818068,0.0005904938435489937,0.00044898236083582504,0.00041687706425260846,0.0005837573654112698,0.000662171740355989,0.00037742498994117586,0.0008961263544535638,0.0004757942849217834,0.0004009907219765115,0.00046059172979897136,0.0005066652615480385,0.0005322449441558715,0.00046755671824352243,0.00046165012717139746,0.00033334721693072545,0.0003576688935577637,0.00032327688548486783,0.00036472999432723583,0.0008579314703150399,0.0007907940661885721,0.0003817587864978294,0.0004349383936196698,0.00028102362141834916,0.0007690366512019486,0.00043627594704179646,0.0012483827687842248,0.0005237918677409023,0.00014082873521339604,0.00042558321833905646,0.00035426161099766764,0.00022175650566925534,0.00012411930223563296,0.00021306369865657385,0.00038907705002207485,0.0002628595548119591,0.0,0.0008456099013443528,0.0008565994017322656,0.0008051311622600206,0.0015040695977069063,0.0023509873383730094,0.0013021808934096763,0.0014161379988176825,0.0019809867138796517,0.0015098262282164504,0.001273490252103714,0.0015384871881262518,0.0018349555404629566,0.0019796739765165204,0.0016439342638340279,0.001531473859292071,0.001652715160786725,0.0014640173304673384,0.0016454745461661085,0.001380586840941573,0.0016327740750366982,0.0016404388152345263,0.0016736552900188046,0.0016302713121387848,0.0018716550444485358,0.0017146825821629122,0.0017448567248788802,0.0016919979578817045,0.0017599300019411142,0.0021128782747621036,0.001669761242208603,0.0027482906712482623,0.0023850878231909856,0.0025945702587531123,0.0055305094307457,0.0024250061515459502,0.0019796082829431337,0.002014558354752421,0.002888964873552048,0.0037148249067206897,0.0038675015763919977,0.0035126936193195834,0.0015630293497017975,0.004097615140204124,0.0032594288406553335,0.00531898851209548,1.0087562180678167,0.002157137101152077,0.007055423375209898,0.005268671162214479,0.0
ROW,Q,0.0002593077916911706,0.00016512606457691722,0.0002791839583093805,0.00023047945306260657,0.00023022877085581453,0.00022392131564470498,0.0003067572764715665,0.0003855243686024285,0.00033334322482987607,0.00029011676374164034,0.00027582399123834983,0.00031429716021215594,0.0006606570610871649,0.0006711024153752363,0.0007302558222678785,0.0003700161384336074,0.00032228315300626497,0.00041459725914920817,0.0004647279090523095,0.0003183427757961809,0.0011245831732977307,0.0003953796921768954,0.000332567396806125,0.00036599691842831105,0.000404073641623394,0.0004065293249202806,0.00047156954049613084,0.0003232236458185892,0.0002821474647894111,0.0003157159673121176,0.0002756342583818919,0.0002759838421217403,0.0006265001773225889,0.0006060134330446237,0.0003210941304172818,0.00032391507343961163,0.0002210585762688933,0.0008383836071716676,0.00035503617690914877,0.0015116305486497072,0.0003522338457357686,0.0001022889223352132,0.00031853985878266055,0.00034915192032791703,0.00016862099152187737,9.249926483123558e-05,0.00017835958918949434,0.00028930184906404027,0.0002070893416266563,0.0,0.0005113224150977618,0.0004715017475758592,0.0005456285040392079,0.0010966237688702404,0.0010255094642913315,0.00097941725634754,0.000908563398208925,0.0015251322595270247,0.0009663166748122326,0.0008038108411726928,0.000970169586384404,0.0010910106181155458,0.0011709527828650315,0.0012309921723991945,0.0018006644115604975,0.0011879588018768046,0.0010296255433389257,0.0012324887259090125,0.000982765735016393,0.0012854898676554613,0.001702666929126237,0.00135898156347276,0.0013009404957589731,0.0013673441433984487,0.0012851460517421761,0.0012523862535781616,0.001345883482899696,0.0010762341440760364,0.0013547333911491765,0.0010984864261061123,0.0010951121899281126,0.001383207578405319,0.0017784250631464864,0.0021003397484511866,0.0015262606338230635,0.0009040163409393812,0.001107357030024059,0.0014692618930953064,0.0026545209980481776,0.001762483810858201,0.002194618653415143,0.0005704579378918705,0.0019903712157695553,0.001346827805373671,0.013875485237954954,0.0014935588466440002,1.0415366422071428,0.0024033871575021987,0.002299850659912653,0.0
ROW,R,0.0002223298531782728,0.000148064062033341,0.00022767540985699154,0.00020552817886246424,0.00020135776575333053,0.00020191650519335726,0.00025187098754350835,0.00023834729228120204,0.00034410892518534834,0.0003022789465704053,0.00023467500513724404,0.00030696140053060783,0.0005857189435169515,0.000406098308590599,0.00037614631069163296,0.00030288677648242034,0.0002762971042868481,0.0003639314291061203,0.000423254708519887,0.0002616826309607691,0.0004930618047735398,0.0003257793668266711,0.00027509817763434613,0.0003246548202007772,0.00036478341835350823,0.0003556739172879165,0.0003237254164262157,0.00026699770887995803,0.00023911797933850288,0.00024694007538673935,0.00024816749562441763,0.0002146547939818639,0.0004443198179408768,0.0004569327101152692,0.00023061811074385114,0.00026949320674171705,0.0003020074093548433,0.001877080210283909,0.0003743698797346596,0.0006298245010108711,0.00038048610304364927,0.00010378463724814677,0.0003639893673836746,0.00028875057104976536,0.00023822927315066112,0.00016403279076550913,0.0001645910577771507,0.002317969898930624,0.00031562792124938935,0.0,0.0008854948593848737,0.0009829439900741136,0.0008811150730014905,0.0014869186220971614,0.0006756807709229762,0.0010003093688904668,0.001031445035471227,0.0009906171558139618,0.0010908069278312044,0.0009007940600214651,0.0010763209282657962,0.0011334172379495171,0.0008256104323441889,0.0010002193902596476,0.0009985877432742156,0.0011092387691674492,0.0009957529772298191,0.0010716506264253985,0.0009048149429257399,0.0011354024547375124,0.000993038147162203,0.0010286529215604745,0.001108499656944389,0.001330380641169392,0.0012411122082112156,0.001081063000841258,0.001261535742922966,0.0012643199712672351,0.0014882792534460251,0.0011749891382400225,0.0015896117491899372,0.0011029837518843656,0.001306694988307249,0.0017405341445863906,0.0020717204127569766,0.000980632520190603,0.002220064963262424,0.015692276297665467,0.0030879603401397886,0.0021285185440749984,0.0022646372900639636,0.0012171452066677504,0.003268422649146001,0.0026871337478185163,0.002499193988084178,0.0030342970479246933,0.0017179995683053702,1.0520061223978772,0.00407116535200061,0.0
ROW,S,0.0005026315388973287,0.00032271937356207164,0.000544785092967551,0.000556526102483727,0.0004006663407205972,0.0005691920210235259,0.0006009905463252328,0.0006272052156054812,0.0006192735302940815,0.0006617072666716839,0.000520220658735024,0.0005709652290926061,0.001658292903774829,0.0008988897784532342,0.0006005061829309277,0.0007152199753893913,0.0006758475272163534,0.0010124281464231693,0.0012478512554864483,0.0006407715294361792,0.0011930457025141855,0.0008862008930562556,0.0006972692864837626,0.0008375629601850459,0.0009047261880432239,0.0009648025221605464,0.0006909232922474633,0.0006291157640500617,0.0004240960331729499,0.0005385268992012408,0.0003883335961372872,0.0004802035199945783,0.0013343645275875353,0.0009643502437793559,0.00047371790384816625,0.0005315925635840082,0.0003919390451929088,0.0007142444995488891,0.0005693918167346529,0.0008060745885633926,0.0005600730968512336,0.00017618373331526946,0.00043121406900149985,0.0003775685038313837,0.00026426630273640575,0.00013836149942808663,0.0003004110555307105,0.00044911033045826293,0.0003359172292789927,0.0,0.0023206036439542897,0.002481066788876173,0.0034293927879065164,0.006271621534680875,0.0023097690098539234,0.0042790859875269675,0.003892439175901465,0.0039816408232390115,0.004111589431381438,0.003497708931790938,0.004138449011599265,0.004783086627499735,0.0043669999054454225,0.00394838674853989,0.0037641148654012015,0.004560151321828775,0.004814377319005957,0.004696858235669418,0.003862405493895556,0.004809670810216157,0.0053061997052824975,0.005389370998003088,0.0051919482193256965,0.005576764327754958,0.004975786035423526,0.004101814474180979,0.005509360334717744,0.004753960681934254,0.009159736836537936,0.005288716207149653,0.0053179907270037245,0.008118886825534855,0.004657308022884468,0.0058681595576534455,0.007690627475420887,0.00440985355263945,0.006833707375345402,0.005083015215953089,0.008324280512814522,0.0052761934632350625,0.004505597658482699,0.0021692673584448006,0.006310697270449532,0.004897209704676405,0.008376081698840547,0.006707330341833542,0.006706100284229564,0.007033035756940522,1.0158022735663,0.0
ROW,T,0.0,0.0,0.0,0.0,0.0,0.0,0.0,0.0,0.0,0.0,0.0,0.0,0.0,0.0,0.0,0.0,0.0,0.0,0.0,0.0,0.0,0.0,0.0,0.0,0.0,0.0,0.0,0.0,0.0,0.0,0.0,0.0,0.0,0.0,0.0,0.0,0.0,0.0,0.0,0.0,0.0,0.0,0.0,0.0,0.0,0.0,0.0,0.0,0.0,0.0,0.0,0.0,0.0,0.0,0.0,0.0,0.0,0.0,0.0,0.0,0.0,0.0,0.0,0.0,0.0,0.0,0.0,0.0,0.0,0.0,0.0,0.0,0.0,0.0,0.0,0.0,0.0,0.0,0.0,0.0,0.0,0.0,0.0,0.0,0.0,0.0,0.0,0.0,0.0,0.0,0.0,0.0,0.0,0.0,0.0,0.0,0.0,0.0,0.0,1.0
