Unit: 2012 USD,GDP,,
2014,1.74438E+13,,
2015,1.78405E+13,,
2016,1.81985E+13,,
2017,1.877E+13,,
2018,1.91922E+13,,
2019,1.95694E+13,,
2020,1.84388E+13,,
2021,1.9548E+13,,
2022,2.02634E+13,,
2023,2.03916E+13,,
2024,2.06269E+13,,
2025,2.09838E+13,,
2026,2.13715E+13,,
2027,2.17493E+13,,
2028,2.21087E+13,,
2029,2.24529E+13,,
2030,2.27902E+13,,
2031,2.31288E+13,,
2032,2.34712E+13,,
2033,2.38191E+13,,
2034,2.41732E+13,,
2035,2.45337E+13,,
2036,2.49003E+13,,
2037,2.52723E+13,,
2038,2.56484E+13,,
2039,2.60277E+13,,
2040,2.64092E+13,,
2041,2.67927E+13,,
2042,2.71783E+13,,
2043,2.75659E+13,,
2044,2.79555E+13,,
2045,2.83471E+13,,
2046,2.87408E+13,,
2047,2.91371E+13,,
2048,2.95363E+13,,
2049,2.99389E+13,,
2050,3.03448E+13,,
2051,3.0754E+13,,
2052,3.11667E+13,,
2053,3.15829E+13,,
2054,3.20029E+13,,
2055,3.2427E+13,,
2056,3.28558E+13,,
2057,3.32897E+13,,
2058,3.37293E+13,,
2059,3.41745E+13,,
2060,3.46251E+13,,
