2012 USD/year,passenger,freight
LDVs,857.6310677,857.6310677
HDVs,1715.262135,1715.262135
aircraft,0,0
rail,0,0
ships,0,0
motorbikes,428.8155339,0
