Share that is New (dimensionless),battery electric vehicle,natural gas vehicle,gasoline vehicle,diesel vehicle,plugin hybrid vehicle,LPG vehicle,hydrogen vehicle
LDVs,0.038635512,0.038635512,0.038635512,0.038635512,0.038635512,0.038635512,0.038635512
HDVs,0.042204776,0.042204776,0.042204776,0.042204776,0.042204776,0.042204776,0.042204776
aircraft,0.0416,0.0416,0.0416,0.0416,0.0416,0.0416,0.0416
rail,0.029,0.029,0.029,0.029,0.029,0.029,0.029
ships,0.02982,0.02982,0.02982,0.02982,0.02982,0.02982,0.02982
motorbikes,0.0585,0.0585,0.0585,0.0585,0.0585,0.0585,0.0585
