Share that is New (dimensionless),battery electric vehicle,natural gas vehicle,gasoline vehicle,diesel vehicle,plugin hybrid vehicle,LPG vehicle,hydrogen vehicle
LDVs,0.043,0.043,0.043,0.043,0.043,0.043,0.043
HDVs,0.090909091,0.090909091,0.090909091,0.090909091,0.090909091,0.090909091,0.090909091
aircraft,0.1,0.1,0.1,0.1,0.1,0.1,0.1
rail,0.055555556,0.055555556,0.055555556,0.055555556,0.055555556,0.055555556,0.055555556
ships,0.038461538,0.038461538,0.038461538,0.038461538,0.038461538,0.038461538,0.038461538
motorbikes,0.12,0.12,0.12,0.12,0.12,0.12,0.12
