Share that is New (dimensionless),battery electric vehicle,natural gas vehicle,gasoline vehicle,diesel vehicle,plugin hybrid vehicle,LPG vehicle,hydrogen vehicle
LDVs,0.042348986,0.042348986,0.042348986,0.042348986,0.042348986,0.042348986,0.042348986
HDVs,0.055,0.055,0.055,0.055,0.055,0.055,0.055
aircraft,0.0416,0.0416,0.0416,0.0416,0.0416,0.0416,0.0416
rail,0.029,0.029,0.029,0.029,0.029,0.029,0.029
ships,0.02982,0.02982,0.02982,0.02982,0.02982,0.02982,0.02982
motorbikes,0.0585,0.0585,0.0585,0.0585,0.0585,0.0585,0.0585
