Unit: jobs,ISIC 01T03,ISIC 05,ISIC 06,ISIC 07T08,ISIC 09,ISIC 10T12,ISIC 13T15,ISIC 16,ISIC 17T18,ISIC 19,ISIC 20,ISIC 21,ISIC 22,ISIC 231,ISIC 239,ISIC 241,ISIC 242,ISIC 25,ISIC 26,ISIC 27,ISIC 28,ISIC 29,ISIC 30,ISIC 31T33,ISIC 351,ISIC 352T353,ISIC 36T39,ISIC 41T57*,ISIC 45T47,ISIC 49T53,ISIC 55T56,ISIC 58T60,ISIC 61,ISIC 62T63,ISIC 64T66,ISIC 68,ISIC 69T82,ISIC 84,ISIC 85,ISIC 86T88,ISIC 90T96,ISIC 97T98
EU27,10455400,227812.619,77587.38103,247042.9415,58933.13544,4404710,2161450,992191.4419,1236148.558,121050,1042286.033,518883.9672,1521643.553,220056.7283,1046543.272,522375.8305,519424.1695,3349273.464,1028274.545,1419485.455,2802710,2319146.663,596283.3373,15615130,307551.0086,202704.6414,2401944.35,0,28898830,10040110,9405450,1278430,827770,3206300,4912960,2026830,23748300,13396350,13080700,20227430,8551260,3626130
