Share of existing capacity,Share of existing capacity,0,0.25,0.5,0.75,1,1.25,1.5,1.75,2,2.25,2.5,2.75,3,4
Cost multiplier,Cost multiplier,1,1.504508848,2.064009032,2.831577421,3.884590893,5.329201415,7.311036998,10.02988212,13.75981756,18.87684991,25.89681591,35.52738292,48.73938713,1000
