Unit : dimensionless,Hour0,Hour1,Hour2,Hour3,Hour4,Hour5,Hour6,Hour7,Hour8,Hour9,Hour10,Hour11,Hour12,Hour13,Hour14,Hour15,Hour16,Hour17,Hour18,Hour19,Hour20,Hour21,Hour22,Hour23
Winter,0.466744192,0.463768572,0.462466596,0.461380323,0.462236298,0.465616877,0.470337739,0.476846709,0.480463057,0.480763127,0.480660063,0.478886548,0.477329649,0.477120329,0.476960261,0.477903795,0.480702018,0.484235824,0.485814613,0.484306053,0.481735391,0.478322434,0.474290183,0.470459956
Spring,0.426638985,0.425914462,0.424860454,0.424610205,0.426241666,0.431572131,0.438899454,0.443056772,0.442840726,0.441563831,0.439025433,0.436235646,0.434240499,0.432553744,0.431948929,0.432990396,0.435167957,0.438910855,0.442754649,0.443467772,0.441527918,0.437981686,0.433639674,0.429525679
Summer,0.408042963,0.40809179,0.406698109,0.406366567,0.407860916,0.412882268,0.418689674,0.421265453,0.41989287,0.417954857,0.415792602,0.413029955,0.411248671,0.409781448,0.409084607,0.409888144,0.412504913,0.416546106,0.419414847,0.42046493,0.419333468,0.416307999,0.411958773,0.409090032
Fall,0.415595436,0.41493172,0.412824507,0.412701565,0.414222438,0.420052306,0.427795947,0.431927837,0.431975123,0.430250493,0.427627439,0.424356144,0.42293672,0.423041608,0.423645142,0.424722391,0.429168085,0.434478673,0.43745078,0.43550004,0.431228012,0.426326658,0.422176714,0.418928632
Summer Peak,0.37864485,0.378225299,0.373190686,0.378802182,0.380637718,0.384728341,0.390549612,0.394273128,0.393276694,0.390706944,0.387298091,0.383679463,0.383994126,0.384728341,0.386091882,0.388609188,0.391860709,0.393906021,0.38404657,0.384571009,0.388871408,0.387507867,0.380585274,0.378539962
Winter Peak,0.458202224,0.457415565,0.450020978,0.454216488,0.453482274,0.457835116,0.46827145,0.475770925,0.478707783,0.477921124,0.479022446,0.477868681,0.478078456,0.47367317,0.47246696,0.472571848,0.474040277,0.478655339,0.480753094,0.482326411,0.482326411,0.479337109,0.470946088,0.465019929
,,,,,,,,,,,,,,,,,,,,,,,,
,,,,,,,,,,,,,,,,,,,,,,,,
