Unit : dimensionless,Hour0,Hour1,Hour2,Hour3,Hour4,Hour5,Hour6,Hour7,Hour8,Hour9,Hour10,Hour11,Hour12,Hour13,Hour14,Hour15,Hour16,Hour17,Hour18,Hour19,Hour20,Hour21,Hour22,Hour23
Winter,0.515115727,0.503637294,0.495823281,0.493998005,0.499249496,0.514126407,0.547052129,0.574400055,0.587670928,0.595786163,0.59659887,0.596910084,0.5967712,0.596406757,0.595234094,0.599637596,0.60537875,0.610733026,0.609956826,0.604373931,0.594254972,0.575256201,0.556926359,0.534351477
Spring,0.470673486,0.461148914,0.458254221,0.460539894,0.469448053,0.491327648,0.515981611,0.530198873,0.532489135,0.525213527,0.515544411,0.508025603,0.499919953,0.49194661,0.488555065,0.493320155,0.504142559,0.52160198,0.539624279,0.546703849,0.536725252,0.521260888,0.504966737,0.484981248
Summer,0.43372972,0.422320654,0.418855233,0.419521629,0.427314311,0.453818379,0.482167706,0.498186821,0.502311629,0.495861713,0.489527177,0.481617498,0.474196025,0.466602022,0.466032135,0.469264371,0.48207578,0.49926594,0.510373888,0.511995398,0.505884881,0.494231038,0.476445112,0.454151307
Fall,0.432703376,0.419103947,0.413740072,0.417606399,0.438539777,0.477727479,0.506338531,0.518614581,0.521985314,0.517174705,0.508892629,0.499502483,0.492191988,0.487575156,0.490596782,0.498839256,0.515716374,0.533620822,0.540666795,0.530020939,0.508879942,0.491694471,0.472184052,0.452242247
Summer Peak,0.366457151,0.352994981,0.343449505,0.339556264,0.367489094,0.444228153,0.463553638,0.473708898,0.438810451,0.435784981,0.427247995,0.423049862,0.404850134,0.397298185,0.397368544,0.404451428,0.433416202,0.438763544,0.439936207,0.462685867,0.458347014,0.450302547,0.424034898,0.397485811
Winter Peak,0.465500258,0.465054646,0.456376941,0.456330034,0.464069609,0.498522445,0.533444345,0.568577325,0.606641963,0.61152024,0.610699376,0.604929875,0.594938787,0.58473662,0.577794456,0.58056194,0.589591444,0.603428866,0.613326141,0.598832028,0.59826915,0.545640039,0.507763028,0.486631643
,,,,,,,,,,,,,,,,,,,,,,,,
,,,,,,,,,,,,,,,,,,,,,,,,
