Unit : dimensionless,Hour0,Hour1,Hour2,Hour3,Hour4,Hour5,Hour6,Hour7,Hour8,Hour9,Hour10,Hour11,Hour12,Hour13,Hour14,Hour15,Hour16,Hour17,Hour18,Hour19,Hour20,Hour21,Hour22,Hour23
Winter,0.48655858,0.478980448,0.476199775,0.473904838,0.477634008,0.477338628,0.476198134,0.47063761,0.467655915,0.469245223,0.472797985,0.476624794,0.47196764,0.470663046,0.468432108,0.469442963,0.46968419,0.4759126,0.478283844,0.485135013,0.484984041,0.479070702,0.477987643,0.481277846
Spring,0.414515249,0.410718388,0.407350238,0.406493842,0.410011733,0.411602476,0.407002552,0.39700169,0.385223422,0.372971315,0.363156092,0.36172432,0.363386857,0.365287339,0.374612314,0.386859293,0.404158496,0.417805451,0.425116101,0.429002191,0.431717018,0.430227812,0.424660724,0.419261838
Summer,0.305998963,0.305239765,0.304051079,0.304997907,0.306028246,0.304619393,0.301378703,0.291113266,0.277668959,0.275638648,0.272425073,0.273365393,0.274208103,0.273870802,0.276077898,0.283752302,0.285735977,0.293289994,0.295997076,0.296084926,0.302173691,0.300692171,0.306209369,0.310573671
Fall,0.463149558,0.459964608,0.453743205,0.449667274,0.44808176,0.445899164,0.44369646,0.447192325,0.453296168,0.453741659,0.450392743,0.44667568,0.438977042,0.437051222,0.437694709,0.436124663,0.447320713,0.458728681,0.47021399,0.48111614,0.488121792,0.484768237,0.48295843,0.475872342
Summer Peak,0.111341763,0.143234573,0.264955652,0.382053218,0.357331572,0.3189281,0.316191734,0.379128137,0.415738819,0.460275524,0.47178713,0.46150217,0.461030383,0.443574259,0.431685224,0.435365163,0.431685224,0.429137573,0.407152293,0.368560106,0.338743159,0.363464805,0.351858841,0.331194565
Winter Peak,0.265333082,0.335346292,0.340724665,0.316380449,0.295055671,0.250613323,0.243159087,0.257973202,0.2477826,0.228628043,0.196169089,0.164464993,0.140969994,0.125589734,0.129930176,0.126910738,0.126722023,0.12719381,0.135969051,0.154368749,0.153708247,0.155312323,0.135874693,0.104736743
,,,,,,,,,,,,,,,,,,,,,,,,
,,,,,,,,,,,,,,,,,,,,,,,,
