Unit : dimensionless,Hour0,Hour1,Hour2,Hour3,Hour4,Hour5,Hour6,Hour7,Hour8,Hour9,Hour10,Hour11,Hour12,Hour13,Hour14,Hour15,Hour16,Hour17,Hour18,Hour19,Hour20,Hour21,Hour22,Hour23
Winter,0.000372783,0.000312544,0.000280621,0.000297484,0.001107425,0.003665575,0.008119986,0.019181723,0.05522893,0.126789994,0.20008495,0.248545245,0.263024388,0.242409016,0.194196465,0.126744603,0.059603164,0.019718467,0.004218015,0.001185588,0.000826168,0.000617558,0.000530168,0.000459642
Spring,0.004384442,0.003952135,0.003564505,0.0040623,0.007330514,0.016273459,0.052825276,0.137684695,0.256768423,0.369260177,0.447767306,0.487951502,0.495529256,0.474799636,0.425998348,0.350285235,0.249718027,0.141244559,0.058244415,0.018467867,0.007029318,0.005774158,0.005408534,0.004855193
Summer,0.00715545,0.00674442,0.006286988,0.007786714,0.012799118,0.031951393,0.095956656,0.210057219,0.344271042,0.461696151,0.539471471,0.579483785,0.586974703,0.56426461,0.513726739,0.433782578,0.329461495,0.210450305,0.105872398,0.040441007,0.012366359,0.008237417,0.007809284,0.007455591
Fall,0.00152194,0.001001697,0.000680794,0.000762569,0.003573719,0.01038206,0.027092007,0.08945135,0.199290535,0.312096622,0.397318651,0.439263967,0.441824192,0.409372606,0.348588987,0.25982143,0.153810088,0.063716132,0.017173007,0.005601106,0.004048976,0.003414767,0.002692986,0.002101564
Summer Peak,0.008383745,0.008181286,0.008622792,0.011130354,0.017179725,0.046153283,0.126744073,0.255363938,0.400012196,0.511398673,0.588891599,0.629932189,0.641650405,0.62225583,0.568779881,0.488654991,0.383752073,0.256422578,0.136610889,0.058264221,0.017230949,0.009161869,0.008625232,0.008247146
Winter Peak,0.000748854,0.00076105,0.000804957,0.000836667,0.000895209,0.000948873,0.00099278,0.002692946,0.017972485,0.062347546,0.122738804,0.171638696,0.189345302,0.176787979,0.140369792,0.089072105,0.043116402,0.017135818,0.003844277,0.001795297,0.001044004,0.001439165,0.001175724,0.000385403
