Unit : dimensionless,Hour0,Hour1,Hour2,Hour3,Hour4,Hour5,Hour6,Hour7,Hour8,Hour9,Hour10,Hour11,Hour12,Hour13,Hour14,Hour15,Hour16,Hour17,Hour18,Hour19,Hour20,Hour21,Hour22,Hour23
Winter,0.318522727,0.316321837,0.313703322,0.310581751,0.309283297,0.308967915,0.311092403,0.310431439,0.307055383,0.299627114,0.291691867,0.287757213,0.287950677,0.288701306,0.289271921,0.29017361,0.293791199,0.30112283,0.311070734,0.318965259,0.322864669,0.323133787,0.319220554,0.31777378
Spring,0.272717034,0.268256536,0.263258362,0.260204009,0.257466128,0.254546738,0.247542009,0.235018865,0.226788877,0.228910081,0.237483783,0.247216431,0.256137271,0.2633267,0.269346131,0.274056398,0.276058283,0.272504392,0.267290152,0.267167252,0.274053362,0.278965452,0.278793362,0.276097822
Summer,0.169673053,0.165847671,0.161716519,0.157540674,0.153228693,0.147927465,0.135451619,0.121332102,0.115091834,0.118679431,0.127206846,0.137657775,0.147597332,0.156888309,0.163778226,0.168566106,0.170481225,0.167145734,0.161476676,0.156949957,0.159287804,0.166453533,0.172158641,0.172811254
Fall,0.238071816,0.234822968,0.231901751,0.22963392,0.22844489,0.22965458,0.228159636,0.220765912,0.208975278,0.203025082,0.206549911,0.212827856,0.217794805,0.22172486,0.224603229,0.224418577,0.222005888,0.221099648,0.225082879,0.234119223,0.241575515,0.24393444,0.244462807,0.242989227
Summer Peak,0.173332092,0.166894616,0.164044654,0.162154227,0.166615348,0.163106601,0.144875439,0.123020959,0.119820123,0.133310896,0.150188685,0.168119097,0.182247173,0.196339446,0.209343291,0.220392264,0.222798261,0.226450222,0.224337814,0.210811237,0.204545617,0.201008228,0.19719157,0.197878998
Winter Peak,0.14700217,0.157693106,0.171985879,0.181287638,0.190632362,0.201652691,0.207646204,0.21762107,0.227409757,0.222740976,0.218007748,0.221609584,0.232006932,0.247538507,0.261680905,0.269987326,0.271963681,0.276847284,0.281501744,0.277412979,0.268648273,0.258587479,0.251297878,0.244172974
,,,,,,,,,,,,,,,,,,,,,,,,
,,,,,,,,,,,,,,,,,,,,,,,,
