Unit : dimensionless,Hour0,Hour1,Hour2,Hour3,Hour4,Hour5,Hour6,Hour7,Hour8,Hour9,Hour10,Hour11,Hour12,Hour13,Hour14,Hour15,Hour16,Hour17,Hour18,Hour19,Hour20,Hour21,Hour22,Hour23
Winter,0.268287703,0.252929101,0.247023526,0.245429395,0.249699813,0.264873193,0.299395999,0.336943718,0.355456122,0.361718912,0.360223206,0.357826834,0.354880662,0.353641078,0.356891491,0.36437482,0.373689037,0.383613764,0.387007095,0.384894532,0.374241131,0.354559616,0.331009122,0.303555722
Spring,0.20931375,0.201217658,0.198906775,0.201572753,0.211369365,0.228976794,0.251770539,0.265996532,0.269496132,0.265968592,0.260256268,0.253218458,0.24703641,0.245704721,0.247815284,0.252628834,0.260609096,0.271629701,0.282087423,0.289555682,0.28731075,0.27438857,0.253282475,0.227994332
Summer,0.273173119,0.262862845,0.259268105,0.261176222,0.270244623,0.290052676,0.313054439,0.328052253,0.333154079,0.331185389,0.329530781,0.327486284,0.325169029,0.325139906,0.326076722,0.33087448,0.338113744,0.345938721,0.352720401,0.356798322,0.355848741,0.346340738,0.324644736,0.291627882
Fall,0.284559992,0.273574173,0.270802977,0.27729297,0.294546515,0.326297898,0.357951323,0.372780348,0.376398672,0.373723122,0.368517751,0.36248597,0.359921251,0.360874485,0.365446042,0.373139294,0.383697878,0.393157297,0.397216937,0.392459419,0.380037313,0.362146837,0.33617711,0.303981293
Summer Peak,0.273611043,0.263522699,0.260142331,0.262369325,0.275119018,0.305828221,0.344818405,0.366669939,0.373796319,0.375428221,0.378692025,0.377759509,0.375122699,0.376993865,0.378883436,0.380990184,0.381307975,0.387552147,0.393899387,0.389121472,0.386496933,0.379466258,0.353617178,0.31366135
Winter Peak,0.281939387,0.262351656,0.25654184,0.255449816,0.259051043,0.279316074,0.331408098,0.395678037,0.424124663,0.431291534,0.430765153,0.425374969,0.420588466,0.418838773,0.419597055,0.423989693,0.429201963,0.437644908,0.437482945,0.433875583,0.423426503,0.396177423,0.356150429,0.317206871
,,,,,,,,,,,,,,,,,,,,,,,,
,,,,,,,,,,,,,,,,,,,,,,,,
,,,,,,,,,,,,,,,,,,,,,,,,
