Unit : dimensionless,Hour0,Hour1,Hour2,Hour3,Hour4,Hour5,Hour6,Hour7,Hour8,Hour9,Hour10,Hour11,Hour12,Hour13,Hour14,Hour15,Hour16,Hour17,Hour18,Hour19,Hour20,Hour21,Hour22,Hour23
Winter,0.261451541,0.244644722,0.236827335,0.235577191,0.244386471,0.267001155,0.311740243,0.362824337,0.391599099,0.398497836,0.390267457,0.377174975,0.364604985,0.355966227,0.355612639,0.367109239,0.389540452,0.418862067,0.436553221,0.429961457,0.400452729,0.363012178,0.324837986,0.291099309
Spring,0.260364453,0.247359114,0.242981445,0.245815554,0.260873612,0.298798374,0.341405916,0.369966737,0.37522423,0.364314907,0.347451173,0.331743744,0.318427729,0.308152907,0.303972912,0.311329356,0.329758198,0.355976971,0.382467471,0.399787859,0.391076425,0.3525552,0.312695171,0.280850465
Summer,0.246318485,0.235186995,0.230110567,0.23196685,0.245322948,0.276370642,0.309341053,0.333268398,0.340516265,0.337180477,0.331420566,0.323445355,0.315311068,0.309713871,0.310962733,0.32086665,0.338700313,0.356848064,0.364626115,0.365177693,0.360423911,0.333366283,0.293367096,0.264484315
Fall,0.162163944,0.155416458,0.154154203,0.158416239,0.176003125,0.21703197,0.259570089,0.28360404,0.288127284,0.275522894,0.261882976,0.247462484,0.23852234,0.233456996,0.238189878,0.255187519,0.282054028,0.308764759,0.324650279,0.313573929,0.277047426,0.232683744,0.198916411,0.175931109
Summer Peak,0.293037368,0.280461632,0.276496812,0.283523663,0.301266695,0.346495416,0.381791614,0.408022709,0.419963702,0.415727116,0.410513286,0.402334218,0.3985816,0.395860208,0.393060636,0.401464936,0.409452278,0.417795151,0.415581926,0.409954861,0.404446926,0.3777542,0.339624924,0.305549816
Winter Peak,0.204983015,0.186372563,0.178979013,0.175972823,0.181015403,0.198916655,0.25967146,0.341028433,0.399929266,0.410423938,0.40089348,0.38320443,0.354758248,0.339204244,0.335621015,0.341692959,0.36232491,0.39686165,0.424090465,0.415345526,0.364026246,0.310153102,0.268429429,0.235156592
,,,,,,,,,,,,,,,,,,,,,,,,
,,,,,,,,,,,,,,,,,,,,,,,,
