Unit : dimensionless,Hour0,Hour1,Hour2,Hour3,Hour4,Hour5,Hour6,Hour7,Hour8,Hour9,Hour10,Hour11,Hour12,Hour13,Hour14,Hour15,Hour16,Hour17,Hour18,Hour19,Hour20,Hour21,Hour22,Hour23
Winter,0.089815528,0.08897447,0.088740154,0.088603224,0.088541842,0.08998374,0.092672764,0.095877046,0.100092959,0.101120525,0.1008325,0.1010798,0.099452575,0.098584957,0.098269192,0.09943959,0.101086883,0.102748931,0.101870099,0.099071295,0.097318354,0.09569526,0.094174273,0.093157331
Spring,0.073913486,0.07383602,0.073757079,0.073613952,0.073496646,0.073769621,0.074538377,0.076469859,0.077077782,0.076735456,0.076174013,0.075861199,0.076043428,0.075902514,0.075455425,0.07548715,0.075647983,0.076048592,0.076769394,0.077097701,0.076718488,0.075984406,0.075465016,0.074271305
Summer,0.081769676,0.081811026,0.081850814,0.081758754,0.081827409,0.082400834,0.083710741,0.085420095,0.086207287,0.086194804,0.086054373,0.086243955,0.085785214,0.08585777,0.085897559,0.085636202,0.08558159,0.086079339,0.086695673,0.087237112,0.086762768,0.085274983,0.084448782,0.082467929
Fall,0.084896958,0.084626572,0.084222661,0.08391778,0.083926682,0.084638811,0.086440276,0.087813351,0.088364138,0.088469845,0.087909043,0.087749927,0.087759941,0.087481766,0.087475089,0.087704306,0.088021426,0.08881367,0.089634844,0.089856272,0.089732762,0.089117438,0.087686503,0.085698104
Summer Peak,0.085332247,0.084965723,0.084843548,0.08402905,0.0842191,0.085196498,0.087029118,0.086798344,0.089662662,0.087735017,0.088875314,0.087164868,0.087300618,0.087409217,0.08831874,0.091223783,0.094970474,0.094047377,0.093083554,0.093517953,0.092540555,0.093314328,0.091929682,0.086784769
Winter Peak,0.101866558,0.100902735,0.100766986,0.100468336,0.100346162,0.10102491,0.107187945,0.126450825,0.144043983,0.137527998,0.135736103,0.135057354,0.13474513,0.135125229,0.135437453,0.137446549,0.140066517,0.144885631,0.146541777,0.141573339,0.134215706,0.119744791,0.110079414,0.105911898
,,,,,,,,,,,,,,,,,,,,,,,,
,,,,,,,,,,,,,,,,,,,,,,,,
