Unit : dimensionless,Hour0,Hour1,Hour2,Hour3,Hour4,Hour5,Hour6,Hour7,Hour8,Hour9,Hour10,Hour11,Hour12,Hour13,Hour14,Hour15,Hour16,Hour17,Hour18,Hour19,Hour20,Hour21,Hour22,Hour23
Winter,0.455296985,0.453053794,0.45254407,0.451265714,0.452339776,0.453585768,0.453854789,0.455161463,0.455349576,0.454216855,0.454162242,0.453539246,0.453664654,0.453990311,0.455288894,0.45541228,0.455889641,0.45545678,0.457360155,0.456747272,0.456565228,0.455038078,0.456494432,0.453541268
Spring,0.421564166,0.421488314,0.420555336,0.419991505,0.420393519,0.419973806,0.419407446,0.41820393,0.417683081,0.417647683,0.416611042,0.416196385,0.417195101,0.416449225,0.417890409,0.419402389,0.421109055,0.423063503,0.423945913,0.424969912,0.425323887,0.424904174,0.42399648,0.423543898
Summer,0.372174229,0.371168917,0.37081064,0.371781195,0.372823939,0.37299773,0.374182181,0.372973667,0.372663517,0.370139541,0.368858836,0.368080789,0.365535423,0.363543513,0.362155861,0.363316248,0.363907137,0.36650063,0.367786681,0.369270587,0.372992383,0.375593896,0.373612682,0.37198707
Fall,0.427552729,0.42722097,0.424418183,0.42447157,0.426858705,0.42796838,0.427857794,0.427693821,0.426465934,0.426485,0.424719435,0.423872879,0.424868155,0.423480108,0.423838559,0.425615564,0.42735825,0.430721594,0.432998143,0.434336617,0.433703606,0.433287955,0.431118178,0.42795694
Summer Peak,0.337055129,0.339613864,0.339613864,0.3403117,0.339381251,0.342870435,0.342870435,0.342405211,0.341242149,0.340079088,0.335659456,0.334961619,0.332635497,0.329146313,0.333798558,0.333100721,0.341242149,0.338683415,0.339613864,0.340776925,0.339846476,0.348453129,0.339148639,0.339613864
Winter Peak,0.407536636,0.411258432,0.405908351,0.412654106,0.410095371,0.406140963,0.394510351,0.396836474,0.388462433,0.393579902,0.394742963,0.3954408,0.39125378,0.388462433,0.393812515,0.394510351,0.3954408,0.398697371,0.402186555,0.397766923,0.39753431,0.399162596,0.406373575,0.428936962
,,,,,,,,,,,,,,,,,,,,,,,,
,,,,,,,,,,,,,,,,,,,,,,,,
