Unit: dimensionless (ratio of electricity demand in this hour to annual demand),Hour0,Hour1,Hour2,Hour3,Hour4,Hour5,Hour6,Hour7,Hour8,Hour9,Hour10,Hour11,Hour12,Hour13,Hour14,Hour15,Hour16,Hour17,Hour18,Hour19,Hour20,Hour21,Hour22,Hour23
Winter,0.037554713,0.037934492,0.043195236,0.046893203,0.048220566,0.054679447,0.080098554,0.14444932,0.178319449,0.159687006,0.132164523,0.105696471,0.091027905,0.083200414,0.082212023,0.110775114,0.154976075,0.22477912,0.252831671,0.217507147,0.144331064,0.090068913,0.064772231,0.042976276
Spring,0.02945758,0.029393955,0.029982766,0.029829187,0.034528709,0.059379463,0.124848889,0.178871731,0.161476697,0.109285286,0.08059094,0.064446479,0.053239039,0.039462714,0.036264977,0.041157844,0.059996248,0.107843836,0.179206862,0.240820903,0.18784569,0.117451858,0.064295642,0.03800618
Summer,0.019274349,0.015429977,0.015262062,0.015344134,0.015430847,0.034568312,0.096355793,0.13018632,0.112802256,0.085244644,0.070584933,0.058242981,0.049268624,0.040545996,0.042358558,0.053179698,0.083289687,0.133216633,0.183420829,0.200539824,0.184430934,0.142860043,0.059619368,0.030070838
Fall,0.020680621,0.022506756,0.026420022,0.028785519,0.028463722,0.048913129,0.120002945,0.162627798,0.143756354,0.100846516,0.069733967,0.054214919,0.042542543,0.03618147,0.042962368,0.063793133,0.107926462,0.182076657,0.242198493,0.212819843,0.114971663,0.057567315,0.025582026,0.020233084
Summer Peak,0.00380986,0.005929253,0.011782813,0.014432053,0.020260382,0.048241409,0.103219458,0.143841146,0.094464349,0.066079629,0.059317757,0.051370036,0.045440783,0.042261695,0.045541707,0.06055407,0.0793006,0.103320381,0.140687289,0.161149518,0.1313771,0.133673109,0.048317101,0.013120048
Winter Peak,0.010218499,0.007720644,0.006206792,0.015895443,0.028990261,0.011883736,0.025331786,0.08162184,0.12872786,0.146540849,0.125422617,0.091789877,0.066786093,0.058888833,0.030655498,0.039309684,0.047206944,0.135666347,0.185421608,0.143487914,0.078846445,0.031286269,0.022455468,0.017081294
