Unit : dimensionless,Hour0,Hour1,Hour2,Hour3,Hour4,Hour5,Hour6,Hour7,Hour8,Hour9,Hour10,Hour11,Hour12,Hour13,Hour14,Hour15,Hour16,Hour17,Hour18,Hour19,Hour20,Hour21,Hour22,Hour23
Winter,0.466744192,0.463768572,0.462466596,0.461380323,0.462236298,0.465616877,0.470337739,0.476846709,0.480463057,0.480763127,0.480660063,0.478886548,0.477329649,0.477120329,0.476960261,0.477903795,0.480702018,0.484235824,0.485814613,0.484306053,0.481735391,0.478322434,0.474290183,0.470459956
Spring,0.426638985,0.425914462,0.424860454,0.424610205,0.426241666,0.431572131,0.438899454,0.443056772,0.442840726,0.441563831,0.439025433,0.436235646,0.434240499,0.432553744,0.431948929,0.432990396,0.435167957,0.438910855,0.442754649,0.443467772,0.441527918,0.437981686,0.433639674,0.429525679
Summer,0.408042963,0.40809179,0.406698109,0.406366567,0.407860916,0.412882268,0.418689674,0.421265453,0.41989287,0.417954857,0.415792602,0.413029955,0.411248671,0.409781448,0.409084607,0.409888144,0.412504913,0.416546106,0.419414847,0.42046493,0.419333468,0.416307999,0.411958773,0.409090032
Fall,0.415595436,0.41493172,0.412824507,0.412701565,0.414222438,0.420052306,0.427795947,0.431927837,0.431975123,0.430250493,0.427627439,0.424356144,0.42293672,0.423041608,0.423645142,0.424722391,0.429168085,0.434478673,0.43745078,0.43550004,0.431228012,0.426326658,0.422176714,0.418928632
Summer Peak,0.396349906,0.396643591,0.393801133,0.394650724,0.395657646,0.400052444,0.406492553,0.407604363,0.404499685,0.402769037,0.401101322,0.398395217,0.397965177,0.394650724,0.395227606,0.397115586,0.402034823,0.407656807,0.41012167,0.411306902,0.412187959,0.411464233,0.404657017,0.401762115
Winter Peak,0.471501993,0.469624502,0.467023285,0.467044263,0.467254038,0.471743235,0.478120411,0.486605832,0.489479757,0.490664988,0.490255926,0.488965807,0.489605622,0.488693098,0.488305014,0.489091672,0.490528634,0.494776589,0.496433816,0.493801133,0.49142018,0.489867841,0.486123348,0.484109503
,,,,,,,,,,,,,,,,,,,,,,,,
,,,,,,,,,,,,,,,,,,,,,,,,
