Unit : dimensionless,Hour0,Hour1,Hour2,Hour3,Hour4,Hour5,Hour6,Hour7,Hour8,Hour9,Hour10,Hour11,Hour12,Hour13,Hour14,Hour15,Hour16,Hour17,Hour18,Hour19,Hour20,Hour21,Hour22,Hour23
Winter,0.294890691,0.283663901,0.277383469,0.276075225,0.279778454,0.292950228,0.322090435,0.352030012,0.366572777,0.371606853,0.370891543,0.369766163,0.366634557,0.364994382,0.363695932,0.367544354,0.375087719,0.38257942,0.383046643,0.3773289,0.365244837,0.348147686,0.331382896,0.312799911
Spring,0.206971902,0.200120169,0.197205142,0.198572179,0.205765234,0.224241019,0.245339482,0.258063379,0.261409868,0.257792958,0.252650392,0.247857354,0.242973503,0.237422479,0.234530996,0.234517274,0.239656612,0.249374804,0.260440928,0.26604173,0.260500394,0.245668022,0.229665577,0.214862804
Summer,0.176308284,0.170510367,0.168821626,0.170181013,0.175828408,0.196585556,0.217061721,0.225839477,0.229495239,0.227474582,0.226388353,0.223885829,0.221052386,0.217762399,0.216825553,0.217065278,0.22152714,0.227500333,0.233780971,0.236647278,0.233687642,0.220971008,0.203061388,0.185774624
Fall,0.179399559,0.176585208,0.176469144,0.178302429,0.187418126,0.214878847,0.243659492,0.258651847,0.261502721,0.258754925,0.25551,0.250595742,0.247482708,0.243636767,0.244165548,0.247277161,0.255323121,0.267440251,0.274033178,0.267286446,0.249115113,0.224286531,0.20153513,0.185734588
Summer Peak,0.202794831,0.194732152,0.190890187,0.18891722,0.19489801,0.227222992,0.256433805,0.269553916,0.272351223,0.269190019,0.269813843,0.264778691,0.262258639,0.259840083,0.256542727,0.257582434,0.259859887,0.26600406,0.272172987,0.273425587,0.268318645,0.258255768,0.235570354,0.215070799
Winter Peak,0.442273988,0.427497772,0.417731954,0.412766115,0.414456877,0.428275077,0.463068126,0.502188335,0.518130508,0.517731954,0.517769086,0.520645608,0.517321022,0.514058323,0.50658481,0.502819586,0.508107238,0.514385088,0.512394792,0.50344341,0.490283691,0.47736162,0.468927617,0.450383701
,,,,,,,,,,,,,,,,,,,,,,,,
,,,,,,,,,,,,,,,,,,,,,,,,
